batter,n_pitches_season,stand,avg_delta_run_exp,n_fastball,rv_fastball,xwoba_fastball,n_breaking,rv_breaking,xwoba_breaking,n_offspeed,rv_offspeed,xwoba_offspeed,avg_velo_faced,corr_velo_rv,swing_rate,whiff_rate,chase_rate,vs_rhp_rv,vs_rhp_n,vs_lhp_rv,vs_lhp_n
455117,600,R,-0.007687290969899665,323,-0.010696594427244582,0.2756836105734975,196,-0.002882653061224492,0.20349623589269195,52,-0.025038461538461544,,88.86776429809358,-0.0450594945396798,0.45166666666666666,0.3763837638376384,0.32061068702290074,-0.017234374999999996,385,0.009443925233644863,215
456781,751,R,-0.006338215712383486,429,-0.006463869463869464,0.2931149974481658,213,0.007948356807511735,0.2360565210002119,105,-0.02885714285714286,0.19290729629629627,88.75153129161117,-0.021901959869418033,0.5139813581890812,0.2538860103626943,0.36885245901639346,0.015123867069486405,331,-0.023252380952380955,420
457705,2735,R,-0.004700920810313077,1508,-0.008216180371352787,0.35256484337793476,940,-0.005917021276595745,0.2591577805452863,259,0.018509652509652513,0.30397146270605774,89.36373707533235,-0.020300093504430624,0.45301645338208407,0.27199354317998387,0.20953101361573373,-0.004810926620246384,1873,-0.0044587264150943405,862
457759,822,R,-0.011333333333333334,532,-0.020588345864661652,0.3031264851565862,194,0.012963917525773196,0.3127488884332042,79,-0.017481012658227848,0.23434756521739133,90.26059479553903,-0.09926020726058532,0.4793187347931874,0.1700507614213198,0.2743589743589744,-0.02568857142857143,350,-0.0006885593220338987,472
467793,2217,L,-0.006569230769230768,1167,-0.011381319622964868,0.30141229664134417,640,-0.00540625,0.24705348041389497,401,0.003695760598503741,0.2794499269587047,88.95542986425339,-0.028758949818648103,0.4497068110058638,0.24874623871614845,0.2511013215859031,-0.00784471649484536,1553,-0.0035607902735562288,664
493329,182,R,-0.028203296703296705,77,-0.03638961038961039,0.2078497,57,-0.020245614035087723,,37,-0.026432432432432432,,87.58070175438597,-0.0436107704402876,0.46153846153846156,0.19047619047619047,0.34831460674157305,-0.0164,75,-0.03647663551401869,107
500743,1876,R,0.0030438502673796794,1070,0.005431775700934579,0.31481002813221914,554,0.0058808664259927795,0.2845782556889869,236,-0.01647033898305085,0.29358817039725754,89.12401069518715,-0.02166260880384435,0.4616204690831556,0.1720554272517321,0.28645294725956566,-0.011538779731127198,968,0.018660022148394243,908
502054,1836,R,-0.002376573617952927,1012,0.0021689723320158106,0.36235770980054854,630,-0.018041269841269837,0.20477463781496696,154,0.028857142857142862,0.3683659274376418,89.39788771539743,0.024260421955852932,0.42592592592592593,0.2340153452685422,0.20277078085642317,-0.0003856920684292362,1287,-0.007109057301293899,549
502671,3323,R,0.002085705632949729,1803,-3.826955074875193e-05,0.34433954562715036,1059,0.004509915014164307,0.29665267020691577,432,0.005108796296296296,0.31073365268101505,89.46950591088209,-0.014046798196417323,0.4757749021968101,0.22833649588867805,0.2982131854590265,-0.01046926032660903,2084,0.023511475409836065,1239
506702,237,L,-0.04087288135593221,145,-0.05207586206896552,0.1237927927927928,53,0.0006603773584905646,,33,-0.05651515151515152,,89.02754237288136,-0.07096046648080706,0.5485232067510548,0.2846153846153846,0.33653846153846156,-0.03803424657534246,146,-0.04547777777777778,91
514888,3632,R,0.0019260387811634344,1876,0.006796375266524521,0.34252976126670104,1255,-0.0007904382470119514,0.24672327016423334,451,-0.010452328159645233,0.2234444904929951,89.52800111669458,0.0031322395675370232,0.4856828193832599,0.2165532879818594,0.378159757330637,0.001365214311016649,2838,0.003937738246505717,794
516782,1838,R,-0.0011937942297223728,1012,0.001801383399209484,0.3360978502441813,501,-0.0007964071856287417,0.2759992793110532,277,-0.011209386281588449,0.30747747188484037,89.30595041322313,-0.0020425742207136593,0.49891186071817195,0.27044711014176664,0.3083140877598152,0.0010652680652680673,859,-0.003173646578140962,979
518595,1070,R,-0.011483177570093461,576,-0.020288194444444446,0.3016340725081022,383,0.0008224543080939955,0.281739989931143,97,-0.004103092783505155,0.1332777777777778,89.50539772727272,0.018661021400196674,0.5336448598130841,0.3204903677758319,0.3207920792079208,-0.012805134189031505,857,-0.006164319248826293,213
518692,4601,L,0.008698927085614191,2465,0.008242596348884381,0.3885082105993395,1415,0.006014840989399294,0.32632946464386137,686,0.015823615160349854,0.33592637654888285,89.69043135537552,-0.03206760960424817,0.5059769615301022,0.2508591065292096,0.2823878069432684,0.010045567265964046,3254,0.0054593586875466065,1347
518792,384,L,-0.020338541666666668,200,-0.028435000000000002,0.27551666306522615,110,-0.0008181818181818174,0.25799023412698413,61,-0.02949180327868853,0.12046666666666667,89.61229946524064,-0.04106540207577393,0.453125,0.27586206896551724,0.31891891891891894,-0.02350588235294118,340,,44
518934,539,R,-0.0004434137291280138,316,-0.004699367088607593,0.3217906273742373,144,0.010513888888888887,0.27949604525917565,78,8.974358974358911e-05,0.23935294117647057,89.55046382189241,0.01598739771063082,0.42115027829313545,0.22026431718061673,0.23773584905660378,0.005553892215568865,334,-0.01021463414634146,205
519317,1789,R,0.010891072431218415,975,0.011063589743589746,0.344945390961511,560,0.01020357142857143,0.36434378472614304,246,0.011772357723577235,0.32821960136569245,89.61734980348119,0.011705408764309751,0.42984907769703745,0.36671001300390116,0.2725298588490771,0.0132605577689243,1257,0.00523764258555133,532
521692,3800,R,-0.002923117709437962,1899,0.0011305950500263293,0.38171049702521404,1420,-0.0069795774647887325,0.28489481495429947,445,-0.006361797752808988,0.27290421015437716,89.04506892895016,0.016738804621961815,0.5692105263157895,0.2602866389274156,0.43699476937708037,-0.0017536433032616242,2887,-0.006710112359550561,913
527038,1966,R,-0.0020851172273190625,1034,-0.00040812379110251285,0.3029219562617563,666,-0.0003333333333333326,0.23925873546559515,237,-0.010607594936708861,0.27919372504708095,89.03223310985044,0.003907862135316185,0.4659206510681587,0.20633187772925765,0.2929936305732484,0.00011382113821138427,1356,-0.006970443349753694,610
542303,3902,R,0.0009040884546155829,2077,0.001048627828598941,0.3860298901523555,1234,0.0007901134521880055,0.2993404724209144,513,-0.008144249512670563,0.23976908571428562,89.67090292275574,-0.01067819290799286,0.4046642747309072,0.27422419252691577,0.23646299056135123,0.0010669485553206491,2840,0.00046431969552806975,1062
542932,412,R,-0.02165776699029126,250,-0.024908,0.30491980509218614,98,-0.0019795918367346904,0.25292786561264824,35,-0.0664,,89.54373401534528,-0.08772108732330097,0.47572815533980584,0.25,0.25139664804469275,-0.01733333333333333,294,-0.032432203389830515,118
543309,2152,R,-0.0019814039981404,1102,-0.0012078039927404711,0.3333491753094475,760,-0.002281578947368421,0.24642355809658303,261,-0.00047509578544061216,0.23864031474364003,88.45865294667912,0.00408475376810827,0.45260223048327136,0.23921971252566734,0.29633113828786456,-0.00479799331103679,1496,0.0044375000000000005,656
543510,828,R,-0.001784764207980652,425,-0.0044494117647058806,0.3449470551067056,325,0.0027261538461538478,0.22508645892809473,77,-0.0061168831168831195,0.16274983333333337,88.78730350665055,-0.001424818123695871,0.5108695652173914,0.30260047281323876,0.375,-0.0013649193548387107,496,-0.002413897280966771,332
543592,174,R,-0.024494252873563216,116,-0.027508620689655167,0.3277378809523809,40,-0.015975,,18,,,90.97068965517241,-0.05754697240856762,0.4885057471264368,0.17647058823529413,0.21794871794871795,-0.030199999999999994,135,,39
543760,3448,R,-0.006514949201741654,1887,-0.006011128775834658,0.3464166666759493,1168,-0.009056506849315067,0.25769951136290276,370,-0.0005054054054054062,0.31400354142553605,89.49503649635037,0.0020287205527876285,0.4947795823665893,0.2268464243845252,0.2546728971962617,-0.006560430793777421,2510,-0.0063933901918976545,938
543807,3935,R,0.015669042769857436,2144,0.01761333955223881,0.4166191959359088,1198,0.01641569282136895,0.30475373509695014,570,0.007624561403508772,0.3208889006951828,89.72348736277765,-0.016892446546831284,0.46886912325285895,0.24986449864498644,0.22227899846704138,0.017727335401585657,2906,0.009854917234664069,1029
543877,1671,R,-0.012545890821835633,1065,-0.013740845070422536,0.2802640787012449,451,-0.005880266075388025,0.21884934188711122,133,-0.027714285714285716,0.18133282716049381,90.38521424260712,-0.036542264031493445,0.4506283662477558,0.18193891102257637,0.30526315789473685,-0.008932244897959183,1228,-0.022561085972850677,443
545121,1604,L,0.0006695979899497487,823,0.005608748481166462,0.3209044717391302,473,-0.012879492600422834,0.26150266666666666,275,0.0031745454545454603,0.3001635853658537,89.29492063492063,-0.025318164993777113,0.4912718204488778,0.1548223350253807,0.383270911360799,-0.00508780036968577,1090,0.012884313725490199,514
545341,1759,R,-0.0043038263849229,909,-0.010320132013201321,0.35646454616280654,580,0.003462068965517243,0.30956745735087227,237,-0.009375527426160334,0.3162094355088946,88.81527377521614,-0.022996562712384202,0.48891415577032404,0.21627906976744185,0.31981460023174973,-0.012347445255474451,685,0.0008649155722326464,1074
545361,4256,R,0.009442380952380956,2741,0.013590295512586649,0.39937362926823,1033,0.0005498547918683446,0.34293573235127345,384,0.00673697916666667,0.3181952084114716,90.82369179068651,0.01926943962300108,0.3825187969924812,0.2714987714987715,0.20245979186376536,0.0104178145087236,3311,0.006026795284030012,945
547180,3988,L,0.01048331648129424,1849,0.014633856138453218,0.4205251139464875,1548,0.0062493540051679584,0.32689325726227664,548,0.009324817518248178,0.3517460590949799,88.96400404448937,0.01162012304023725,0.5270812437311936,0.3073263558515699,0.3534330985915493,0.015110508757297745,2429,0.003361360718870346,1559
553869,1436,R,-0.009981894150417827,783,-0.014804597701149426,0.31454175479520285,479,-0.008885177453027145,0.19816412121212126,148,0.0080472972972973,0.3028724390694875,89.24334975369459,-0.02597408815114246,0.5362116991643454,0.3207792207792208,0.32865168539325845,-0.011787500000000001,960,-0.006340336134453787,476
553993,4104,R,0.005071882640586797,2240,0.003983928571428571,0.3361066314998185,1376,0.0032361918604651156,0.2595051386472744,442,0.011900452488687787,0.2754624312496447,89.88071815051647,-0.015607561345515658,0.489766081871345,0.34378109452736316,0.3065764023210832,0.006724067796610169,2958,0.0007964912280701742,1146
570482,780,R,-0.007751282051282052,424,-0.00781132075471698,0.2769599272516084,252,-0.014789682539682538,0.2702603504464285,73,0.010150684931506847,0.3892349411764706,89.03679999999999,0.024403979754817257,0.5564102564102564,0.30414746543778803,0.39097744360902253,-0.00488041594454073,577,-0.015911330049261083,203
571448,3143,R,-0.0019266025641025638,1689,0.0033280047365304927,0.33868719783186885,1078,-0.006872912801484228,0.25416208167292076,350,-0.01127142857142857,0.20039904210526316,89.66349053577159,0.020890162347283702,0.4718421889914095,0.2043155765340526,0.3256238587948874,-0.0022716933445661334,2384,-0.0008284182305630024,759
571657,1294,R,-0.00885548686244204,784,-0.0055051020408163264,0.3194371214227859,367,-0.006833787465940056,0.23836367716614376,139,-0.02954676258992805,0.23823424469160767,89.52357032457496,0.016704107175775685,0.4845440494590417,0.22647527910685805,0.3092436974789916,-0.015448924731182792,744,6.36363636363639e-05,550
571771,1345,R,-0.006509701492537313,641,0.000714508580343213,0.33437778551791597,523,-0.01904015296367113,0.20735315342874364,165,-0.0015757575757575717,0.27671404123426946,88.78731343283582,-0.014185931877576602,0.5107806691449814,0.31004366812227074,0.3249630723781389,-0.007870283018867925,852,-0.004164634146341464,493
571912,255,R,0.008800000000000004,141,-0.010148936170212767,0.3240727789562705,78,0.01776923076923077,0.26084356249999996,26,0.0068076923076922985,,88.00235294117647,-0.11905489520638952,0.44313725490196076,0.26548672566371684,0.24369747899159663,0.0224,150,-0.010628571428571432,105
571970,3436,L,0.011908611599297013,1604,0.02075561097256858,0.443538964482582,1245,-0.0003357429718875489,0.28807464940815664,556,0.015703237410071947,0.3144675780644148,88.76385471587582,0.04311417197486262,0.42491268917345754,0.2534246575342466,0.21601382488479262,0.015224656516895656,2713,-0.00047711511789181487,723
572191,1323,R,-0.008979514415781485,686,-0.015457725947521867,0.31891363119765614,406,-0.004204433497536946,0.22356143803030737,200,0.006025000000000005,0.2056369330890606,88.56756341275943,-0.03227570150627023,0.5124716553287982,0.37610619469026546,0.31210191082802546,-0.0132120822622108,778,-0.0028814814814814797,545
572233,4153,R,0.0016644133268952197,2375,-0.0018639999999999998,0.34216549296760307,1363,0.006761555392516507,0.26597589719513426,398,0.005673366834170849,0.2584365908427615,89.64133268952197,-0.017274381484683556,0.5136046231639778,0.3005157055789967,0.29109750353273667,0.002312538226299694,3273,-0.0007660550458715603,880
573262,3537,L,0.0014779766979255472,2098,-0.005538608198284079,0.3391527287300996,929,0.0008030139935414424,0.27465194433176976,447,0.025293064876957497,0.321173731135407,89.80795519816198,-0.03216002205248209,0.4141928187729714,0.20273037542662117,0.2337363270005757,0.005523019634394044,2972,-0.01967079646017699,565
575929,3735,R,0.013255433324389589,2059,0.01705730937348227,0.4083668686266959,1177,0.005977060322854714,0.31145829113564355,488,0.01237295081967213,0.35202612721692145,89.65089884625705,0.013608282830785868,0.48380187416331993,0.2933038184836746,0.3146997929606625,0.011843173431734317,2712,0.01701868239921337,1023
578428,1423,R,-0.007732255797610682,852,-0.010766431924882629,0.3062232565227584,410,-0.0038219512195121963,0.249145456445993,130,-0.0025999999999999973,0.2757282380952381,89.83254310344827,-0.018007563390844944,0.4532677442023893,0.17519379844961241,0.33781763826606875,-0.012185365853658536,820,-0.0016766169154228865,603
592178,214,R,-0.02476635514018691,119,-0.024294117647058817,0.2850350632763975,70,-0.02491428571428572,,25,-0.0266,,89.26635514018692,-0.04918689406044922,0.49065420560747663,0.3333333333333333,0.24528301886792453,-0.024848920863309355,139,-0.024613333333333334,75
592192,575,R,-0.00970608695652174,341,-0.009524926686217008,0.28091522128212565,185,-0.017199999999999997,0.18647460714285713,49,0.0173265306122449,0.34499424342105267,89.89895652173914,-0.009840154157768847,0.4643478260869565,0.2546816479400749,0.304029304029304,-0.0038305647840531556,301,-0.01616058394160584,274
592206,2823,R,-0.004158324458643947,1267,-0.007359116022099446,0.32701349277400155,1174,-0.001406303236797274,0.26711422458608264,365,-0.005397260273972604,0.267840950296617,88.82232871849486,-0.03875525890398681,0.5862557562876373,0.3057401812688822,0.41003911342894395,-0.0030916069600818823,1954,-0.006573580533024332,869
592450,4123,R,0.026417695991933443,1917,0.03905164319248826,0.5209158374757996,1405,0.012933096085409252,0.38098272373327036,626,0.01824600638977636,0.34359185846704876,89.3043808559129,0.029562515646064488,0.41765704584040747,0.3408826945412311,0.23732828043581242,0.024484888741281966,3065,0.032505230125523005,1058
592518,4422,R,0.0018039171031655652,2437,0.0018883873615100528,0.3864812007047377,1415,0.004470671378091872,0.28862138098628887,535,-0.006725233644859816,0.2993100781967551,89.97829651560009,-0.019213683512949945,0.48778833107191316,0.26286509040333794,0.3013820775746768,0.00010577804952613909,3280,0.0067633928571428584,1142
592626,2588,L,0.00013645148821028088,1353,0.004115299334811529,0.39081477322748875,762,-0.0051102362204724396,0.2660408202971149,453,-0.0014613686534216334,0.29118798961921827,89.19503298409002,0.019157544686377138,0.44783616692426587,0.2804141501294219,0.2819745699326851,-0.0004966130397967841,2363,0.006782222222222222,225
592663,3383,R,-0.00285430855789162,1845,-0.005565853658536584,0.34258321138953035,1086,0.0053830570902394115,0.2971745150819949,435,-0.013089655172413795,0.2519305256771235,89.71924785312409,-0.01977896388698941,0.48004729530002954,0.23891625615763548,0.31881533101045295,-0.001326105087572976,2402,-0.006597548518896832,981
592669,442,R,-0.025083710407239817,232,-0.02167241379310345,0.2985390044757502,149,-0.017946308724832213,0.23733842760942755,61,-0.05549180327868852,,88.99049773755657,-0.028669034223864694,0.4434389140271493,0.22448979591836735,0.2599118942731278,-0.030444444444444448,288,-0.015058441558441561,154
592885,4132,L,0.002913149548670407,2383,-0.00024255140579101874,0.35269642707109494,1286,-0.0036298600311041986,0.24918447564195578,387,0.03595348837209303,0.352183457997632,89.67598328416913,-0.023472518279579076,0.44990319457889644,0.29747175901022055,0.24891670678863745,0.006403242862178357,2864,-0.004932646592709982,1268
593428,3744,R,-0.0021485254691689017,2060,-0.008210194174757282,0.3482765396810023,1207,0.004004142502071253,0.29585773175548075,463,0.008781857451403889,0.25144555406337393,89.70246648793567,-0.04144382904242527,0.41773504273504275,0.2180306905370844,0.24025974025974026,-0.002646951442132164,2741,-0.0007709384460141274,1003
593871,2694,L,0.005058823529411765,1232,0.0044326298701298705,0.358816632884338,784,0.016378826530612248,0.32542604526830743,663,-0.006331825037707391,0.2667712689271513,88.72699180938199,0.009108242061990818,0.46362286562731997,0.22898318654923938,0.2781740370898716,0.00420553171196948,2104,0.008096774193548388,590
595751,148,R,-0.01828378378378378,85,-0.019282352941176473,0.19867901234567903,54,-0.01690740740740741,0.2701793650793651,9,,,91.06756756756755,-0.08924799260250964,0.6824324324324325,0.3564356435643564,0.5147058823529411,-0.02991304347826087,115,,33
595777,1661,L,0.007998793727382388,909,0.004057205720572058,0.3471412992526861,410,0.028607317073170734,0.31692163170522225,253,-0.01017391304347826,0.25531924173464343,89.55520965692504,-0.04277298308045991,0.4467188440698375,0.16846361185983827,0.24030037546933666,0.00843560295324036,1221,0.0067858769931662885,440
595879,2024,R,-0.005739624505928854,1017,0.0013579154375614538,0.34754578147179443,745,-0.014634899328859061,0.2384272939517841,242,-0.006181818181818184,0.1760649244951712,88.32615614122328,-0.005897688301147533,0.558300395256917,0.30265486725663715,0.46636363636363637,-0.00763925362819627,1447,-0.0009757365684575401,577
595978,1355,R,-0.008283394833948337,766,-0.008513054830287204,0.29447560053474187,401,-0.020052369077306734,0.18560934666666667,168,0.028089285714285723,0.313938054200542,89.3919850187266,-0.020878131089102518,0.4900369003690037,0.28463855421686746,0.2886297376093295,-0.009177777777777778,720,-0.007269291338582678,635
596019,3909,L,0.003797279958942777,2119,0.006421897121283625,0.38973730860052713,1035,0.0017565217391304361,0.2984709394446706,709,0.001816643159379408,0.276565697363946,89.37782091097307,0.019072135107564486,0.4722435405474546,0.21289274106175515,0.2707900207900208,0.006369509981851179,2765,-0.002408056042031523,1144
596103,1016,R,-0.006739901477832512,580,-0.007603448275862069,0.3162620224972338,275,0.0006290909090909111,0.30943532683335273,137,-0.015204379562043794,0.22364513809523812,88.99548645937813,-0.037547754368707324,0.4812992125984252,0.261758691206544,0.2787878787878788,-0.007201657458563534,363,-0.006483920367534455,653
596115,3273,R,-0.0015853733170134647,1755,-0.0025031339031339017,0.32413962279202513,1119,0.0015915996425379805,0.26719746401184424,348,-0.00863793103448276,0.2773662476427114,89.18611539648258,-0.018819926886047507,0.5456767491597923,0.30011198208286677,0.3725247524752475,-0.0024446308724832217,2385,0.0007319004524886884,888
596117,186,L,-0.0214247311827957,115,-0.03407826086956522,0.24996200000000002,48,-0.004520833333333335,,23,0.006565217391304356,,90.38924731182796,-0.0635386102891977,0.521505376344086,0.17525773195876287,0.37142857142857144,-0.019565217391304346,161,,25
596142,1261,R,0.006849206349206345,587,0.01481260647359455,0.385814197023555,413,0.002208232445520581,0.30887887985787266,214,-0.008705607476635513,0.28333040143369176,88.74865306122449,0.015831722310094113,0.3782712133227597,0.2662473794549266,0.2121684867394696,0.003712365591397851,745,0.011372093023255814,516
596146,2156,L,-0.0032678155565905916,1149,0.002321148825065274,0.3883344812348905,640,-0.0122015625,0.23844514520379523,346,-0.009289017341040463,0.2885378859009707,89.72394038192827,0.0038209496702219137,0.4837662337662338,0.236816874400767,0.27787934186471663,-0.001962863293864371,1867,-0.011657439446366784,289
600869,596,L,-0.014300335570469795,283,-0.014339222614840986,0.2519225938914312,179,-0.020435754189944134,0.1649551379310345,114,-0.006877192982456142,0.1747044090909091,88.60771812080536,-0.05975306358579976,0.4899328859060403,0.3527397260273973,0.29931972789115646,-0.028925,400,0.015545918367346936,196
602104,1816,R,-0.0039713182570325425,996,-0.008291164658634538,0.29997766884965693,549,0.006081967213114753,0.29929945219767573,222,-0.012477477477477473,0.2407189100529101,89.27005076142132,-0.060945065190344046,0.4884361233480176,0.2615558060879369,0.2727272727272727,-0.009037964458804521,1240,0.006937391304347828,576
605131,183,R,-0.01945901639344262,111,-0.030486486486486494,0.19941291304347827,60,-0.02066666666666666,0.24235213414634146,8,,,88.975956284153,-0.16023566738972608,0.4371584699453552,0.275,0.2597402597402597,-0.03163870967741936,155,,28
605137,3763,L,-0.0005110342993884597,1877,-0.0020010655301012257,0.3737875069568552,947,0.011260823653643084,0.35374250291346737,873,-0.0076987399770904906,0.2755463187311199,89.23595141700403,-0.001017030817975017,0.4828594206749934,0.24435883324160704,0.2814096016343207,0.0031371827877896287,2721,-0.010030710172744721,1042
605141,3915,R,0.0010051361068310226,2280,-0.00025964912280701584,0.36069465264578754,1194,-0.0007805695142378578,0.290416142501735,420,0.01294761904761905,0.26326935443121763,90.33605546995376,0.0022086317029337207,0.4135376756066411,0.150710315009265,0.21284501061571126,0.001618925831202046,2741,-0.0004468452895419187,1174
605170,2547,L,0.0025,1314,0.003528158295281582,0.3577840393503746,676,0.01656656804733728,0.35670407105441,527,-0.016838709677419357,0.22762596094215864,89.31487504958349,-0.036766880595646804,0.44405182567726736,0.21043324491600354,0.24499599679743794,0.004141821946169771,1937,-0.0027000000000000006,610
605244,144,R,-0.02928472222222222,74,-0.0639054054054054,,47,0.006765957446808504,,11,,,88.40220588235294,-0.15313478310738407,0.4722222222222222,0.3382352941176471,0.2727272727272727,-0.039447368421052634,114,,30
605361,462,L,-0.009113537117903933,288,-0.013611111111111112,0.28159445584163123,103,0.0015048543689320402,0.18527777777777776,55,0.001072727272727269,0.1953125,90.34708520179373,-0.035686154194671346,0.4523809523809524,0.18181818181818182,0.27232142857142855,-0.009016431924882627,430,,32
606115,1038,R,-0.010198458574181118,565,-0.016171681415929205,0.27032634193758104,351,-0.0050512820512820505,0.17299797775530837,96,-0.00378125,0.265850125,89.33626482213438,-0.0297169529411371,0.5337186897880539,0.23826714801444043,0.3340080971659919,-0.012599195710455766,746,-0.004065068493150685,292
606192,3622,R,0.0005977869986168745,1967,-0.0010681240467717338,0.3666290167759619,1164,0.0033410652920962216,0.277104649652226,476,0.00019957983193277305,0.2691705487747258,89.67477178423238,-0.009991155671607084,0.4864715626725566,0.3195232690124858,0.29737283398546677,0.0006320266272189342,2707,0.0004961580680570806,915
606466,3724,L,0.010927818329278182,1740,0.010959770114942527,0.4220330387017988,1054,0.011779886148007589,0.3613579341109776,890,0.007461797752808987,0.3050784988931482,89.05390243902438,-0.007886274770434817,0.46643394199785176,0.2135866436384571,0.27844155844155843,0.008086333578251285,2730,0.01884442169907881,994
606992,685,R,-0.005648093841642227,349,0.009564469914040112,0.32796935472242256,239,-0.026502092050209206,0.20889225115207377,69,-0.0029565217391304436,0.27078063157894744,88.3034379671151,0.059709730844648444,0.47737226277372263,0.363914373088685,0.33430232558139533,0.0012432432432432413,446,-0.01850420168067226,239
607043,4275,L,0.0023922626025791333,2480,0.0005641129032258074,0.35895628043801886,1316,0.0010425531914893627,0.29596457305644513,450,0.014937777777777772,0.37268926970744315,89.59774436090225,-0.005228858232345533,0.4807017543859649,0.2316301703163017,0.25968797181680925,0.0019478487614080842,3078,0.0035313283208020054,1197
607208,4226,R,0.0022421227197346604,2193,0.003721842225262199,0.35097549016251517,1487,-0.001157363819771351,0.2649333247218631,528,0.0029185606060606064,0.2523156712055904,89.39838900734424,-0.007944204772156243,0.5111216280170374,0.26481481481481484,0.3284738041002278,0.003110993657505287,2839,0.00045914678235719467,1387
607680,205,R,-0.01699024390243903,120,-0.03319166666666667,0.22064935064935065,58,-0.0010000000000000018,,24,0.003333333333333332,,88.25841584158417,-0.10529056087096904,0.551219512195122,0.17699115044247787,0.42105263157894735,-0.024675324675324684,77,-0.012367187500000005,128
607732,502,R,-0.030764940239043827,300,-0.02624,0.22620338672768878,158,-0.03362025316455696,0.20100642222222223,41,-0.04695121951219513,,89.66035856573706,0.03732458027812533,0.5517928286852589,0.33574007220216606,0.3967611336032389,-0.02221779141104294,326,-0.046596590909090914,176
608070,4229,L,0.011907965031568723,1993,0.012653788258906172,0.3544465494153741,1139,0.0022431957857769985,0.3497636446897889,980,0.0210265306122449,0.32418221418091575,88.84229460379191,0.00761111164793739,0.4521163395601797,0.1574267782426778,0.29105839416058393,0.009792835417370735,3030,0.01730802415875755,1199
608324,3896,R,0.005407952491608573,2104,0.003968155893536122,0.34282181044349547,1291,0.001950426026336175,0.28125306595915567,410,0.023717073170731708,0.34192602270935846,89.51214024071167,-0.00855412442428491,0.4027207392197125,0.15997450605481198,0.20472864051585168,0.005057630736392743,2817,0.006335216572504708,1079
608348,2879,R,0.0034987817612252,1630,0.0016392638036809813,0.33901694958605494,938,0.004910447761194028,0.2823409038905388,273,0.0004945054945054954,0.30657686378290333,89.80171688857743,-0.048996719559938416,0.4501563042723168,0.20833333333333334,0.23997233748271093,0.00022278481012658202,1981,0.01070378619153675,898
608369,2647,L,0.009201076509034987,1288,0.0013874223602484464,0.40242080046244033,826,0.018319612590799034,0.3340959799485945,480,0.013933333333333334,0.3880627187875453,89.14306090979183,-0.029966648832854693,0.4892330940687571,0.3027027027027027,0.247296322999279,0.015855145413870245,1829,-0.005432964329643296,818
608385,356,L,-0.005481586402266289,192,-0.007380208333333333,0.30506926697245246,95,-0.009831578947368424,0.21929661497326203,48,0.007458333333333332,,88.10532544378698,0.0012220268322747556,0.4438202247191011,0.21518987341772153,0.18125,-0.007080385852090035,313,,43
608671,209,L,-0.01608133971291866,133,-0.022060150375939853,0.2362427714285714,52,-0.01507692307692308,,24,0.014875000000000006,,90.16985645933015,0.03319540887871208,0.46411483253588515,0.21649484536082475,0.24719101123595505,-0.014043715846994535,183,,26
608701,1502,R,-0.007663994655978623,801,-0.010806491885143571,0.34060868435888225,466,-0.003021459227467811,0.23133001251297572,211,-0.013213270142180092,0.2786351715276593,88.34166103983794,-0.058869631091767696,0.4194407456724368,0.2650793650793651,0.21727395411605938,-0.015934640522875815,459,-0.00400674373795761,1043
609280,2284,R,0.0005543334799824014,1105,-0.002270588235294119,0.3275778420909003,851,-0.004454759106933019,0.2592831199815413,272,0.027176470588235295,0.2527877415302626,88.74400715563506,-0.03555749540218976,0.5328371278458844,0.18241577649958915,0.3778162911611785,-0.001211949685534589,1593,0.00466617862371889,691
620443,1869,R,-0.00883610069630423,1049,-0.013328884652049568,0.34808982562365803,604,-0.007956953642384105,0.29586028749141935,175,-0.003617142857142855,0.23462376529559192,89.57687704026115,-0.03603959760037601,0.48207597645799893,0.21309655937846836,0.2941834451901566,-0.009684133915574962,1376,-0.006472616632860042,493
621020,4192,R,-0.002866969190351085,2004,-0.00026546906187624794,0.38081060733095806,1637,-0.0031472205253512526,0.2576404623626528,511,-0.012418786692759294,0.2676287774536669,89.04578631452581,-0.008302602857783472,0.49212786259541985,0.30683470673776053,0.26280516993776926,-0.0046734502191609255,3194,0.002943605236656597,998
621028,529,R,-0.016627599243856334,287,-0.03162020905923345,0.23193246434634987,162,0.0010185185185185186,0.20394084633315399,53,0.02364150943396227,,88.71830443159924,-0.03979394815388429,0.497164461247637,0.18250950570342206,0.30962343096234307,-0.018564564564564567,333,-0.01333673469387755,196
621035,552,R,-0.014815217391304347,342,-0.01787719298245614,0.2869643640310653,149,-0.007140939597315434,0.2506990700057211,37,-0.0028648648648648563,,89.41829710144927,0.017933502335121497,0.5144927536231884,0.3873239436619718,0.23728813559322035,-0.007415841584158415,404,-0.03501351351351352,148
621043,2994,R,-0.00011780455153949051,1728,-0.001515046296296296,0.3541990599953962,924,-0.0029112554112554105,0.30825478230469117,336,0.01475,0.3664088311447124,89.98222891566266,0.003187236149450459,0.458249832999332,0.22230320699708456,0.29377431906614787,-0.003348283752860411,2187,0.00867247820672478,807
621438,1852,R,-0.007890032502708557,980,-0.011020408163265305,0.2976216902563007,667,-0.01505247376311844,0.27714868491459393,173,0.02736994219653179,0.3214721377167236,88.8228540185894,-0.004735874849329475,0.4946004319654428,0.22816593886462883,0.32151029748283755,-0.010742906276870166,1165,-0.0030322108345534416,687
621439,3382,R,0.013571428571428573,1836,0.013131263616557734,0.36766854833517854,991,0.016136226034308785,0.3260895728901453,525,0.010811428571428573,0.32532987858168083,89.61154190277364,-0.01612247579307455,0.5165582495564754,0.30795649685174586,0.31486880466472306,0.011835169158143194,2552,0.01901356350184957,830
621493,4804,R,0.005510633861551293,2653,0.006841311722578214,0.3832913337274934,1682,0.003505350772889416,0.27824318173507295,440,0.006231818181818184,0.2787886520446961,89.58316582914571,0.0011303591328200861,0.36115736885928396,0.2219020172910663,0.17923728813559323,0.0025634625597450882,3766,0.016286407766990293,1038
621512,153,R,-0.012440789473684207,101,-0.03414851485148515,0.2512142857142858,42,0.019238095238095238,,9,,,91.10000000000001,-0.1262361581304181,0.6013071895424836,0.2826086956521739,0.40789473684210525,-0.023801801801801806,112,,41
621550,180,R,-0.026806818181818178,119,-0.04191596638655463,0.21883014814814816,44,-0.007477272727272727,,13,,,90.68238636363637,-0.03919605378174499,0.5666666666666667,0.39215686274509803,0.4,-0.015137254901960783,102,-0.04289189189189189,78
621566,5196,L,0.010791232135959833,2835,0.012744620811287478,0.3913313857440692,1635,0.006908256880733946,0.32178492077103754,644,0.01553105590062112,0.3077734352975791,89.55780730897011,-0.004455337266339551,0.45265588914549654,0.2576530612244898,0.2571103526734926,0.012116502033701336,3459,0.008163594470046083,1737
622268,502,L,0.000543824701195215,249,0.007867469879518073,0.3545892741935484,142,0.001570422535211269,0.3077258214285714,106,-0.018471698113207542,0.24962499999999999,89.26726546906188,-0.04245651841173179,0.5039840637450199,0.21739130434782608,0.2647058823529412,0.005984444444444443,450,-0.046538461538461535,52
622569,210,R,-0.004771428571428575,135,0.000459259259259258,0.21564037566137567,56,-0.0019107142857142895,,18,,,89.49857142857144,0.012427974434598723,0.44761904761904764,0.22340425531914893,0.23232323232323232,0.0037962962962963,108,-0.013843137254901956,102
622761,974,R,-0.00994238683127572,506,-0.006383399209486165,0.34218471593303457,281,-0.024024911032028466,0.2111526543062201,123,-0.009552845528455286,0.12896153846153846,89.01230936819171,-0.062400803469697785,0.5236139630390144,0.3058823529411765,0.4051172707889126,-0.005441226575809198,588,-0.016805194805194806,386
623168,1083,L,-0.006978743068391868,561,0.00010873440285204822,0.2899809059214167,288,-0.009777777777777781,0.2570915421768707,210,-0.027028571428571426,0.19216777777777777,88.77560073937154,-0.008012907738319891,0.5401662049861495,0.19658119658119658,0.36804308797127466,-0.008676395939086295,789,-0.002428571428571427,294
623993,1085,L,-0.012121184088806658,666,-0.013229729729729729,0.26211428925957525,216,-0.010277777777777776,0.2951389814599194,182,-0.007175824175824174,0.25704957190635447,90.86146616541353,-0.01609309487696891,0.4949308755760369,0.24394785847299813,0.3333333333333333,-0.009525547445255474,826,-0.02035907335907336,259
624413,4819,R,0.010062604340567612,2578,0.013344453064391,0.4184565509828563,1708,0.004593091334894615,0.3428581690854234,467,0.011828693790149896,0.32638641827081616,89.44220588235295,0.015545071237781363,0.4507159161651795,0.2647329650092081,0.2709418837675351,0.015291789722386297,3393,-0.00253058321479374,1426
624415,448,L,-0.012472035794183446,263,-0.0027946768060836506,0.35473929176592633,105,-0.02717142857142857,,79,-0.02515189873417721,0.15156646666666665,89.6662192393736,0.015416514719360513,0.37276785714285715,0.24550898203592814,0.16267942583732056,-0.0096275,401,,47
624424,2819,L,-0.0016076759061833686,1545,0.004358576051779937,0.3804611472147254,816,-0.00311029411764706,0.2832400203346008,443,-0.01900225733634312,0.2441209026957638,89.77135749822317,0.016001867121460834,0.44980489535296203,0.2586750788643533,0.2478813559322034,-0.003999595796281326,2479,0.015797058823529414,340
624428,2377,L,-0.005308569016462642,1386,-0.0014949494949494943,0.30083509599351926,649,-0.016969183359013866,0.22568306145251396,298,0.004060402684563759,0.26106352702702706,89.69087436332768,0.0028812623128573276,0.5103071098022718,0.21187139323990106,0.30599647266313934,-0.004333502280790674,1981,-0.010166666666666664,396
624431,1382,R,-0.006319102749638205,773,0.00028201811125485064,0.2897596406229429,485,-0.007414432989690722,0.26650101923247305,120,-0.041016666666666673,0.1963611111111111,89.37134587554269,0.022361010697142376,0.4725036179450072,0.18529862174578868,0.3358547655068079,-0.0023706563706563702,1036,-0.01814161849710982,346
624512,681,L,-0.009138438880706923,366,-0.011693989071038252,0.2708349186872293,186,0.010241935483870966,0.24135630989583337,114,-0.03330701754385965,0.2003563288563288,89.32146050670642,-0.02352342079255722,0.5433186490455213,0.22702702702702704,0.37962962962962965,-0.014644670050761423,593,0.027840909090909093,88
624513,117,L,-0.01687179487179487,59,-0.0007288135593220327,,38,-0.03615789473684211,,7,,,88.27019230769231,0.08132856817199847,0.3162393162393162,0.43243243243243246,0.08928571428571429,-0.023450980392156862,51,-0.011787878787878781,66
624585,2757,R,0.00029437386569872934,1341,0.004428038777032066,0.3466760006642816,1057,7.284768211920651e-05,0.25838824384030595,312,-0.015118589743589745,0.19018810766045552,89.2382245047689,0.008553458451032192,0.4591947769314472,0.3412322274881517,0.26345609065155806,0.0013453703703703713,2161,-0.0035210084033613425,596
624641,1675,R,-0.00027674835624626426,918,-0.004428104575163399,0.33678369304898226,520,0.0039057692307692283,0.2878241530015189,225,0.011377777777777771,0.27501502846648296,89.38835534213686,-0.021306656948052873,0.5898507462686567,0.25708502024291496,0.4869762174405436,-0.01059862385321101,873,0.010960049937578027,802
628451,893,R,-0.01000895856662934,488,-0.008561475409836065,0.29379918391997073,265,-0.027403773584905658,0.24823408504398833,127,0.014070866141732285,0.32082139598997494,88.05509049773755,0.006106920702445682,0.5162374020156775,0.18655097613882862,0.30786516853932583,-0.020890196078431376,255,-0.005659874608150471,638
630105,3020,L,-0.001632172470978441,1856,0.0027090517241379324,0.372933043699014,731,-0.006384404924760602,0.2195918917792252,418,-0.013287081339712918,0.189893592674316,90.25174129353233,0.030165896492757565,0.4347682119205298,0.19954303122619954,0.23659517426273458,-0.0009222988505747132,2180,-0.003470238095238093,840
640459,107,R,-0.0018411214953271068,38,0.03789473684210526,,39,-0.03192307692307692,,19,,,86.56800000000001,0.09108906881712682,0.5700934579439252,0.2786885245901639,0.4090909090909091,-0.012576271186440674,59,,48
640492,208,R,-0.024492753623188403,107,-0.02842990654205608,0.3072136,46,-0.005630434782608697,0.2698053888888889,24,-0.015708333333333335,,87.42228260869565,-0.013766698849307129,0.5384615384615384,0.20535714285714285,0.4215686274509804,-0.037117021276595746,94,-0.013991150442477876,114
640902,695,R,-0.008191642651296831,399,-0.014390977443609022,0.2924893344068707,238,0.0006260504201680673,0.3027133784615385,47,0.014170212765957443,,89.44780701754387,-0.05210892905244533,0.4546762589928058,0.25316455696202533,0.2434017595307918,-0.011261278195488722,533,0.0018888888888888864,162
641313,402,R,-0.02297014925373134,253,-0.018189723320158106,0.22802144,115,-0.025052173913043485,0.1999437593582888,20,-0.05075,,89.97783505154638,0.00646925669157099,0.5597014925373134,0.3288888888888889,0.375,-0.019363344051446945,311,-0.03529670329670329,91
641343,2565,L,0.008156801254410036,1289,0.008071373157486428,0.40578592555466075,803,0.004064757160647571,0.28367370198186787,408,0.01396323529411765,0.3319552331816382,89.20269734232447,-0.017814677279382882,0.4171539961013645,0.2738317757009346,0.20890937019969277,0.010991779497098644,2082,-0.003981366459627326,483
641355,4367,L,0.006711498737663531,2428,0.0031149093904448114,0.3534312632053119,1183,0.018352493660185966,0.3227513524073698,724,0.0010925414364640882,0.25764423112756807,89.85472350230415,-0.012114736746749037,0.47332264712617356,0.19254958877600387,0.30202247191011233,0.004585373816519752,3073,0.01174420401854714,1294
641487,4486,L,0.0010721304153640024,2825,-0.0009362831858407083,0.3421756186151254,1114,-0.0004434470377019751,0.2766072077781657,525,0.012520000000000003,0.3628333468125328,89.99012952210808,-0.013556301423868518,0.42643780650913954,0.19602718243596445,0.21103896103896103,0.00010151802656546706,3168,0.003404255319148937,1318
641555,860,L,-0.008287209302325581,461,-0.010555314533622559,0.31481326514658636,275,-0.00838909090909091,0.21350815010710167,116,-0.00012931034482758654,0.23815,88.35034883720931,-0.017238557037338353,0.44651162790697674,0.2265625,0.22505800464037123,-0.011902857142857142,700,0.0075312500000000015,160
641584,1315,L,-0.0003877862595419837,669,-0.01132436472346786,0.31205430904560544,372,0.004943548387096772,0.25454874649734727,256,0.0195625,0.33480705771340796,89.15698924731183,-0.05107825162817009,0.46311787072243343,0.23973727422003285,0.25413533834586466,-0.0006093489148580972,1203,0.001982142857142859,112
641598,1906,R,-0.0022986330178759204,1008,-0.004542658730158729,0.33098667894742967,636,-0.006592767295597483,0.2533680867390379,251,0.0075258964143426295,0.26002181481481484,88.73980021030495,-0.044641836009358546,0.4118572927597062,0.32611464968152865,0.22429906542056074,-0.00884071729957806,948,0.00420230607966457,958
641645,111,L,-0.02861261261261261,56,-0.05255357142857143,,33,-0.004424242424242419,,11,,,89.096,-0.08269245761941511,0.45045045045045046,0.24,0.24444444444444444,-0.025506849315068494,73,,38
641658,517,R,-0.013970986460348164,296,-0.02296283783783784,0.24100844642857147,151,-0.010503311258278148,0.144937375,56,0.008678571428571433,,88.43162055335968,-0.10988350226626516,0.3945841392649903,0.22058823529411764,0.21739130434782608,-0.009769938650306748,326,-0.0211413612565445,191
641680,2471,L,-0.005846963562753036,1452,-0.00966115702479339,0.3181537934748663,579,-0.009307426597582037,0.23203065820056856,437,0.012707093821510295,0.2556029990308516,89.89234817813765,-0.013165189505919087,0.49736948603804126,0.24003254678600489,0.30864197530864196,-0.010242329367564185,1598,0.002193585337915234,873
641820,112,R,-0.007160714285714282,50,-0.010819999999999998,,52,0.013903846153846156,,3,,,88.46785714285714,0.005482517346008498,0.6071428571428571,0.27941176470588236,0.37735849056603776,-0.03122077922077922,77,,35
641857,3686,L,-0.002897554347826087,2121,-6.930693069306816e-05,0.3744207983304405,1036,-0.008701737451737452,0.25433253912669973,507,-0.0009585798816568034,0.2682731819079719,89.65169975523526,0.015599288724088447,0.4595767769940315,0.33530106257378983,0.26464088397790053,-0.0006745315752949325,2887,-0.010926065162907264,799
641933,1628,R,-0.007803329223181258,835,-0.00738323353293413,0.37365763879426406,507,-0.0038422090729783058,0.3200531009361796,233,-0.016244635193133045,0.22746240322580646,89.1302857142857,-0.00407622925942868,0.4692874692874693,0.3075916230366492,0.2798552472858866,-0.0060745526838966194,1007,-0.010626623376623375,621
641943,568,L,-0.011739436619718309,307,-0.009925081433224755,0.3423363110412024,145,-0.0025310344827586206,0.2720162548875855,116,-0.02805172413793103,0.2401821019771072,89.23732394366198,-0.019585442125818024,0.5158450704225352,0.2764505119453925,0.2835820895522388,-0.007503030303030302,495,-0.04046575342465753,73
642020,141,R,-0.03590780141843972,86,-0.03497674418604651,,39,-0.019769230769230768,,8,,,90.11777777777777,-0.09632776969928751,0.5602836879432624,0.26582278481012656,0.3387096774193548,-0.02658064516129032,93,,48
642086,1838,L,-0.0017535519125683058,971,-0.003554067971163746,0.33500716544537873,565,0.0023238938053097334,0.2955109823344503,287,-0.00565156794425087,0.25082421931260224,89.6068306010929,-0.006432482047166912,0.4929270946681175,0.206401766004415,0.32518597236981933,0.00032327044025157387,1598,-0.0155125,240
642133,1381,L,-0.001422770123277737,662,0.010708459214501507,0.40971803580152183,405,-0.010896296296296296,0.2757236536853951,307,-0.016648208469055372,0.25438861887487324,88.63596809282089,-0.0009223254705936758,0.4489500362056481,0.28225806451612906,0.30131004366812225,0.0011798561151079143,1253,-0.026859374999999998,128
642136,827,L,0.001064087061668683,533,0.001480300187617262,0.3022908023159619,175,0.008862857142857145,0.32717841873511855,106,-0.02019811320754717,0.19912447785547785,90.22800982800983,0.01708469776328355,0.48125755743651755,0.27889447236180903,0.21158690176322417,0.002537681159420289,690,-0.006357664233576637,137
642180,609,L,-0.003620065789473682,328,-0.002768292682926828,0.29721306572769957,168,-0.013476190476190475,0.17254961111111114,73,-0.00010958904109588442,,89.47130434782609,0.07278504042273733,0.4269293924466338,0.27307692307692305,0.2664359861591695,-0.002888650963597431,468,-0.006042553191489363,141
642201,1625,R,0.00029698089956870004,878,0.001156036446469249,0.33418035046315353,526,0.004545627376425857,0.2507268077118959,167,-0.004676646706586828,0.28765152176505665,89.02170050761423,-0.04578491284961255,0.5138461538461538,0.26467065868263473,0.29473684210526313,-0.0032648351648351644,911,0.004842917251051895,714
642215,850,R,-0.00542705882352941,423,-0.00760992907801418,0.33055054102538656,274,0.008266423357664235,0.3411692030264817,150,-0.020746666666666667,0.17693313333333335,88.10270588235292,-0.0039496985382217395,0.45294117647058824,0.3168831168831169,0.26066350710900477,-0.010040540540540538,296,-0.0029620938628158846,554
642350,626,R,-0.0038573717948717956,335,0.002558208955223877,0.3181876509785648,192,-0.030755208333333336,0.2021547772005772,70,0.01334285714285714,,88.77429048414024,-0.004952910561474868,0.5287539936102237,0.37462235649546827,0.4,-0.0060982658959537585,347,-0.0010683453237410078,279
642708,1390,R,-0.0016335493160547147,673,-0.00973254086181278,0.3309642084620705,440,0.006615909090909089,0.3115446700547159,239,0.008041841004184102,0.3001352104519774,88.39779411764705,-0.03756862380617009,0.5482014388489208,0.23753280839895013,0.3795093795093795,-0.0006285714285714279,526,-0.0022442129629629635,864
642715,4463,R,0.003077026723557154,2490,0.007436947791164659,0.36034198730107814,1453,-0.002208534067446661,0.2620225071544148,460,-0.005360869565217391,0.22328886430678468,89.56154368492531,0.009825528123021917,0.4732242885951154,0.2921401515151515,0.2884784520668426,0.005188952610926653,3323,-0.0030605263157894745,1140
642731,592,R,-0.007604729729729728,341,0.0005219941348973612,0.29509594583912907,196,-0.026760204081632648,0.2283324655172414,52,0.004615384615384614,,89.69949324324324,0.040090955421111796,0.5320945945945946,0.23492063492063492,0.3509933774834437,-0.006786848072562362,441,-0.00999337748344371,151
642851,732,R,-0.0077860082304526766,386,-0.006634715025906732,0.3151867628216549,249,-0.0059638554216867486,0.2402684122907943,89,-0.03606741573033708,0.1601055900621118,88.97393689986282,-0.0029099746166098305,0.5218579234972678,0.2801047120418848,0.3373493975903614,0.0002758620689655137,466,-0.02190188679245283,266
643217,2978,L,0.0023470350404312668,1545,0.0052440129449838205,0.34621760676841024,843,-0.00018861209964412683,0.29638815913533434,549,-0.0031056466302367943,0.29075748338935914,89.24018342391304,0.006298060433906303,0.5083948959032908,0.261558784676354,0.3028720626631854,0.001985442782046098,2483,0.004153535353535353,495
643289,2854,R,-0.0026968103750438124,1668,-0.0043992805755395685,0.31583572977348,863,-7.763615295480797e-05,0.2835614025921013,305,-0.002662295081967214,0.24027060714285714,89.62886307638156,-0.03865404244365099,0.5304835318850736,0.16050198150594452,0.3625850340136054,-0.005249074563722898,1891,0.002320166320166321,963
643376,1985,R,-0.001966229838709678,1164,-0.004171821305841926,0.30905452511451365,577,0.0017469670710571928,0.24439552630064046,220,-0.0027954545454545506,0.24588945415332505,89.67646459500766,-0.026712413275930134,0.43526448362720405,0.2465277777777778,0.21369294605809128,-0.002838337182448037,1300,-0.0003124087591240869,685
643396,2355,R,-0.01039677145284622,1317,-0.016873955960516326,0.281008670233651,744,0.0008844086021505369,0.24931635643564362,275,-0.009298181818181817,0.2376123168534388,89.52210346301838,-0.024709169830968436,0.4878980891719745,0.1566579634464752,0.3321492007104796,-0.005421657592256504,1654,-0.0221283880171184,701
643446,2889,L,-0.003481352387591495,1569,-0.0027622689611217343,0.3384923472449921,852,-0.003936619718309859,0.3104699996599795,440,-0.00491818181818182,0.25576327506944657,89.64349040139615,-0.010210984982151929,0.5372101073035652,0.16494845360824742,0.2921751615218952,-0.0017153185720741083,2233,-0.009439024390243902,656
643565,1643,L,0.006549604382227634,962,0.0038866943866943883,0.33890066950100706,430,0.006974418604651159,0.2887776324863634,249,0.016803212851405628,0.3133492972350231,89.530797321972,-0.02258639787436384,0.46804625684723067,0.24187256176853056,0.23667100130039012,0.005327367636092469,1341,0.011976821192052978,302
644433,244,R,-0.021229508196721317,107,-0.012467289719626169,0.25187489285714293,71,-0.018690140845070417,0.15683660130718954,28,-0.05364285714285716,,89.02815533980583,0.04672374688635674,0.5368852459016393,0.2748091603053435,0.45454545454545453,-0.025799999999999997,165,-0.011683544303797467,79
645277,4076,L,0.00020394088669950614,2028,0.00564497041420118,0.3225680608442371,1168,-0.006653253424657535,0.2724471936781694,799,-0.007096370463078847,0.25762643711843713,88.87976488244124,0.021511199244162917,0.5468596663395485,0.20592193808882908,0.3503918856615952,7.5705437026839555e-06,2914,0.0006984402079722704,1162
645302,1006,R,-0.00868227091633466,535,-0.0041925233644859805,0.28547684888397645,345,-0.008397101449275362,0.24054425292814186,122,-0.029532786885245896,0.1943106408163265,89.4304780876494,0.023013834745615573,0.562624254473161,0.24558303886925795,0.37093690248565964,-0.0056123417721519,633,-0.01389784946236559,373
645305,240,R,-0.020945833333333327,144,-0.020451388888888884,0.2691044156169035,51,-0.0553921568627451,,29,0.060413793103448285,,88.98695652173913,0.06467495362873842,0.5541666666666667,0.24812030075187969,0.3805309734513274,-0.04329545454545455,132,0.006370370370370372,108
645444,917,L,-0.010061068702290076,544,-0.001411764705882352,0.28392612287619173,213,-0.03206572769953052,0.18767629411764708,145,-0.016744827586206896,0.13918323333333332,89.76825221238938,0.006789062556045801,0.3871319520174482,0.2028169014084507,0.16262135922330098,-0.01250827067669173,665,-0.003603174603174603,252
646240,4884,L,0.006323395445134577,3066,0.006864970645792564,0.3567448601777505,1061,0.009841658812441093,0.3532624001597312,643,-0.0016656298600311037,0.3192015009924329,90.42115143929912,-0.02574573059873336,0.4735872235872236,0.31171638564634674,0.2715746421267894,0.011396135265700482,3355,-0.004744400527009223,1529
647304,3602,L,0.0030763850027979846,1756,0.004627562642369021,0.3554510335670841,1198,8.263772954924891e-05,0.29160361116733663,610,0.006595081967213117,0.32324356881757793,88.91941638608304,-0.004097090930794695,0.532481954469739,0.205422314911366,0.37370600414078675,0.004462555066079294,2523,-0.0001374187558031558,1079
647351,1207,L,-0.002620947630922692,644,0.004939440993788818,0.33820325238656335,296,-0.01245945945945946,0.28419780895649405,218,-0.015348623853211006,0.23720332355112586,89.3609282700422,-0.0016841329281078684,0.48135874067937034,0.20654044750430292,0.337152209492635,-0.004713142857142856,879,0.002960365853658538,328
649966,1456,R,0.00025085910652920975,862,-0.003171693735498838,0.30186187826098926,428,0.009046728971962617,0.3084232919838817,154,-0.00753246753246753,0.26438141853281844,89.733908839779,-0.0149461159369628,0.42925824175824173,0.1296,0.23367198838896952,0.0032172727272727283,1101,-0.008940845070422539,355
650333,4127,L,-6.423357664233475e-05,2687,-0.003312988462969854,0.3077324193169635,1004,0.008704183266932272,0.30199094504581536,411,0.0018442822384428224,0.2910216854838709,90.43496350364964,-0.020776965556796763,0.4892173491640417,0.0633977216443784,0.3322965266977709,0.001472367049009385,2894,-0.0036496350364963502,1233
650391,174,R,-0.006091954022988502,78,-0.011038461538461539,,62,0.020580645161290326,0.26598276470588234,12,,,88.46776315789472,0.042664695040253144,0.5114942528735632,0.29213483146067415,0.38636363636363635,0.004389473684210526,95,-0.01869620253164557,79
650402,3750,R,0.005121925133689842,2109,0.008366998577524893,0.39676247595985226,1250,-0.003729599999999999,0.2735190037467812,361,0.015132963988919673,0.3390331255088634,89.23413978494624,0.012768923981051016,0.41013333333333335,0.20871261378413525,0.17465388711395102,0.00269640234948605,2726,0.011625000000000002,1024
650489,3146,L,0.0001117478510028656,1819,0.003566794942275975,0.3409713864694842,742,0.0006617250673854451,0.2577917238175837,570,-0.012733333333333333,0.2404665627705627,90.13247373447946,-0.01884903875507673,0.5305149396058487,0.28819652486518876,0.344019728729963,-0.0008646017699115046,2265,0.0026163450624290567,881
650490,4209,R,0.010501677048394826,2564,0.004183697347893917,0.3468698939495484,1123,0.019626001780943904,0.38032761982913776,443,0.023783295711060953,0.34703194668012904,89.91979695431473,-0.017491687820341384,0.4471370871941079,0.16312433581296493,0.25061064973131414,0.010846333333333331,3018,0.009620954003407158,1191
650559,325,R,-0.015449230769230772,151,-0.029735099337748344,0.26820136708844694,102,-0.013696078431372551,0.24457958243727596,42,-0.008642857142857148,,88.78271186440678,-0.00903378086622651,0.5015384615384615,0.294478527607362,0.2578125,-0.020560869565217396,230,-0.0030736842105263144,95
650859,2986,L,-0.009707816169070781,1594,-0.009908406524466751,0.3189230571751524,939,-0.009900958466453674,0.26214767409820156,416,-0.008276442307692308,0.3135912012094911,88.860661268556,-0.0033331704819034758,0.507032819825854,0.21070013210039631,0.30268456375838926,-0.007783915156871411,2265,-0.015771587743732593,721
650968,735,R,-0.007594557823129254,407,-0.020597051597051594,0.2788948712661909,241,0.003792531120331949,0.2836868313685255,85,0.025294117647058828,0.20696549462365593,89.4891156462585,-0.04220244213669397,0.6204081632653061,0.18640350877192982,0.4910941475826972,-0.010094117647058825,510,-0.0019288888888888897,225
655316,1412,R,-0.002819405099150142,786,-0.007522900763358779,0.31261906694096125,440,-0.0030022727272727267,0.24842479587678296,155,0.009858064516129032,0.36411784548488224,88.95364285714287,-0.021164840493411212,0.476628895184136,0.212481426448737,0.27611940298507465,-0.01171839799749687,799,0.008779771615008158,613
656180,1213,R,-0.012640792733278281,647,-0.0054451313755795976,0.2801675934149988,407,-0.017845208845208845,0.260893927605396,137,-0.03162043795620438,0.2668588333333334,89.1116610738255,0.008109678063526466,0.48474855729596045,0.3401360544217687,0.3078231292517007,-0.012682775712515491,809,-0.01255693069306931,404
656248,348,R,-0.01412968299711816,192,-0.014239583333333335,0.2588584358974359,106,-0.010141509433962264,0.17360416666666664,42,-0.023380952380952377,,89.08911764705883,-0.03249038443627995,0.43103448275862066,0.32,0.24074074074074073,-0.020359375000000002,128,-0.010488584474885843,220
656305,3721,R,0.004614224137931035,2214,-0.0003288166214995478,0.33067413462699435,1101,0.012072661217075384,0.30825258270568706,357,0.004330532212885155,0.29366502354039964,90.0598097826087,-0.0296298186472141,0.4332168771835528,0.23945409429280398,0.22497249724972498,0.004721030042918456,2796,0.0042882096069869,925
656413,421,R,-0.016797619047619047,222,-0.022301801801801795,0.2996278092365301,130,-0.006746153846153844,0.17908030492424243,68,-0.018044117647058825,,88.94404761904764,0.004729484779831994,0.48693586698337293,0.424390243902439,0.2524271844660194,-0.030619999999999994,150,-0.009118518518518519,271
656484,1146,L,-0.012193181818181817,584,-0.0052260273972602736,0.3501110194839,357,-0.03165826330532213,0.2194102030303031,198,0.0048131313131313126,0.2866171997267759,89.20833333333333,0.015817055211388552,0.543630017452007,0.3306581059390048,0.3606837606837607,-0.01586550308008214,976,0.008847058823529411,170
656537,1321,R,-0.003943981831945495,745,-0.011131543624161072,0.28626388553215054,387,0.005558139534883719,0.3060381150870406,160,0.013162500000000002,0.33087173147340887,89.2019245573518,-0.024012772263414275,0.5079485238455715,0.34873323397913564,0.3570391872278665,-0.005740687679083094,698,-0.0019309791332263243,623
656541,373,L,0.008260053619302949,185,-0.012399999999999998,0.24456606666666664,101,0.012495049504950492,0.37598829999999994,46,0.020521739130434778,,89.9343373493976,-0.03430374552093514,0.46112600536193027,0.37209302325581395,0.2737430167597765,0.01244574780058651,341,,32
656555,2736,R,0.002067765567765568,1414,0.004162659123055163,0.34113891940829655,940,-0.0012787234042553176,0.24805820549874058,292,0.0037636986301369853,0.24849715151515153,89.27130992827483,0.00863315731024338,0.4064327485380117,0.2922661870503597,0.20562130177514792,0.003311326124075129,1761,-0.0001778006166495348,975
656577,687,R,-0.004213973799126637,387,-0.01292764857881137,0.24868632031866317,219,0.0018538812785388195,0.26348239007092206,63,0.005730158730158732,0.17012716666666666,89.33283803863299,-0.10217136583745691,0.5414847161572053,0.34408602150537637,0.3425076452599388,-0.0058620689655172415,493,-2.577319587628811e-05,194
656582,647,R,-0.010587326120556411,365,-0.025594520547945206,0.29537252106787265,197,0.004401015228426397,0.2920244598639456,73,0.02005479452054795,0.32384673333333336,89.03422291993719,-0.026574195898027213,0.3987635239567233,0.20930232558139536,0.22442244224422442,-0.005952247191011235,356,-0.016257731958762886,291
656716,3291,L,-0.002867964709461515,1894,-0.004545406546990498,0.31551300087557504,905,-0.00514585635359116,0.26404461175452504,466,-0.0013969957081545064,0.24697401814514966,89.23989605625191,-0.04486814549898943,0.4731084776663628,0.21001926782273603,0.27977315689981097,-0.003090874085483249,2601,-0.0020289855072463748,690
656775,3528,L,-0.005111993195350154,2082,-0.0077463976945244956,0.2825658717808183,910,-0.002843956043956044,0.24823311302085832,447,0.0015548098434004488,0.3011093392895438,89.82073064656423,-0.02932829078071407,0.48922902494331066,0.23232908458864426,0.28130360205831906,-0.006296916634944803,2628,-0.001653333333333334,900
656811,3758,L,0.006225107066381158,1980,0.004824747474747476,0.36917927067722156,1146,0.006855148342059338,0.30103459282314415,538,0.004613382899628255,0.27552434276713567,89.34045157780196,-0.00023192531541115608,0.46194784459819055,0.22407834101382487,0.28861571352218063,0.009388790351188366,2841,-0.0035005452562704453,917
656896,476,R,-0.013584033613445378,301,-0.012485049833887043,0.30168174080278337,135,-0.028192592592592592,0.17356936111111113,40,0.027450000000000002,,90.76428571428572,-0.02686237077450276,0.5273109243697479,0.2868525896414343,0.350597609561753,-0.020896969696969695,330,0.002945205479452051,146
656941,5090,L,0.017887876386687793,2416,0.02978145695364238,0.4562042171346795,1910,0.002868586387434556,0.3018562972993665,692,0.018729768786127168,0.377483653080235,89.00990491283677,0.025269420152418173,0.4243614931237721,0.3402777777777778,0.2299925205684368,0.015877164849262347,3157,0.021136269430051816,1933
656976,1724,L,0.001268604651162791,810,0.002977777777777779,0.3465827563933885,591,-0.0045397631133671755,0.22583340594059403,309,0.010304207119741102,0.29441525899646354,88.793804792519,0.011893206898392338,0.410092807424594,0.2828854314002829,0.22853688029020555,0.0015600762873490162,1577,-0.0018503401360544184,147
657041,1821,R,-0.002719384953322348,1045,-0.009551196172248803,0.329397935295975,560,0.0033339285714285736,0.24791147058823526,208,0.005153846153846158,0.2967883903743315,89.58693025809994,-0.030666607963699792,0.4195496979681494,0.2486910994764398,0.2108695652173913,-0.0052033898305084755,1062,0.0007562582345191062,759
657077,910,L,-0.011382838283828384,574,-0.013017421602787455,0.3105295247208931,229,-0.013930131004366814,0.2774315226137871,106,0.002971698113207551,0.327938975708502,90.3094609460946,-0.021893117899839814,0.38461538461538464,0.1457142857142857,0.21549636803874092,-0.008599458728010828,740,-0.023482352941176468,170
657136,1352,R,-0.00793491124260355,766,-0.008242819843342037,0.3179906103269609,422,-0.004213270142180093,0.270289487160675,130,-0.01756923076923077,0.1568849696969697,89.45022658610273,0.008398872591834737,0.47115384615384615,0.2370486656200942,0.31432748538011696,-0.007046923879040667,959,-0.01010178117048346,393
657557,937,R,-0.009443970117395945,458,0.0019257641921397344,0.32120608064921513,338,-0.02618934911242603,0.19177564260008997,117,0.00040170940170939994,0.19034848484848477,88.96900328587077,0.035530904366779636,0.5581643543223053,0.32695984703632885,0.3512304250559284,-0.013597464342313785,631,-0.0008790849673202593,306
657656,2967,R,0.006661045531197302,1649,-0.0006118859915100063,0.377321330315463,911,0.014216245883644344,0.3200820849386646,367,0.021326975476839236,0.27866288434388725,89.6838445807771,-0.03818231149557466,0.482979440512302,0.2882065596650384,0.28019323671497587,0.0064231141199226315,2068,0.007209587513935338,899
657757,3807,L,0.0022242966079411,1877,-0.004599893446989876,0.3514586611495894,1230,0.01155609756097561,0.3226117981008281,685,0.004486131386861314,0.3027064866269353,89.33337723919915,-0.022585895887224403,0.4389282899921198,0.21723518850987433,0.31343283582089554,0.005538930264048748,2958,-0.009308598351001179,849
660162,1764,L,0.002279863481228669,879,0.005068259385665531,0.3561395227204922,538,0.0027620817843866173,0.24911179589827143,335,-0.005292537313432835,0.26817557264686165,89.35398179749716,0.01161243849937056,0.42970521541950113,0.31398416886543534,0.2371364653243848,0.0059472990777338615,1524,-0.020916666666666663,240
660271,4996,L,0.019832439125051594,2494,0.019351643945469125,0.46847557381329685,1490,0.019746979865771813,0.3869034496002869,858,0.021590909090909095,0.3530715811201419,89.62765167148163,-0.003182364637854963,0.43494795836669337,0.3189139438564197,0.2738187451587916,0.022288028802880288,3467,0.014423000660938535,1529
660644,441,L,-0.014829931972789118,265,-0.009350943396226417,0.3031312489177489,109,-0.007128440366972474,0.18794632417582416,46,-0.046891304347826075,,89.55767441860463,0.04445134987350534,0.5238095238095238,0.22510822510822512,0.2647058823529412,-0.014028169014084508,355,-0.018139534883720925,86
660670,2758,R,0.014865300146412885,1562,0.014750960307298338,0.4134313620389589,806,0.018698511166253103,0.3688997168110113,358,0.006069832402234632,0.3234055176470588,89.64355783308932,-0.022651208547834173,0.45540246555474984,0.30095541401273884,0.23969252271139063,0.019313507504168985,1816,0.006288317256162916,942
660688,1702,L,-0.006325690770135215,794,-0.004114609571788413,0.3232596396364626,572,-0.019991258741258743,0.22277119580419574,302,0.008311258278145692,0.27042666117834696,88.78387290167866,0.0020061243857001,0.518213866039953,0.12698412698412698,0.3592592592592593,-0.010453460620525058,1258,0.005360360360360362,444
660710,391,R,-0.00367774936061381,209,0.001985645933014353,0.3149072888888889,132,-0.002068181818181814,0.2191641388888889,50,-0.0316,,90.15421994884912,-0.0405818980348985,0.45268542199488493,0.2542372881355932,0.31100478468899523,-0.011651567944250868,287,0.018326923076923077,104
660757,258,R,-0.01594186046511628,120,-0.03399166666666667,0.2727464582123851,82,-0.00557317073170732,0.29814948156682025,29,-0.009965517241379309,,88.11904761904762,-0.11469398232231702,0.6666666666666666,0.28488372093023256,0.5126050420168067,-0.011969230769230768,130,-0.0199765625,128
660821,2892,L,-0.0013660652324774462,1596,0.00043421052631579035,0.3565157505878933,729,-0.004794238683127574,0.3236272307894593,545,-0.00505321100917431,0.25356267932067944,89.96068702290077,-0.021575945982520647,0.5069156293222683,0.26193724420190995,0.33421226104152935,0.003016263387544624,2531,-0.031969529085872576,361
660844,1278,L,-0.008729835552075176,785,-0.009322292993630573,0.285411346694796,304,-0.012562499999999999,0.19504336676286674,185,0.0016432432432432434,0.24633840775558163,89.57721221613156,-0.0011219688713575528,0.3513302034428795,0.2516703786191537,0.1407766990291262,-0.008449048152295633,894,-0.0093828125,384
661388,4175,R,0.006383743367100821,2260,0.008088495575221238,0.36689474968928915,1374,-0.0007736535662299823,0.2824170477478192,463,0.015038876889848812,0.31295040856437395,89.71828140214215,-0.01374685115908323,0.4658682634730539,0.22930591259640104,0.2692307692307692,0.006109879032258065,2979,0.00708034188034188,1196
662139,2621,L,0.0018305214723926383,1454,-0.002537826685006878,0.32724525027499635,819,-0.0021233211233211255,0.22658810080452868,319,0.03248902821316615,0.3951456863977243,89.8375913813005,-0.01794619053850639,0.5349103395650515,0.25106990014265335,0.33681073025335323,0.0014321734745335346,1996,0.0030944,625
663330,1105,R,0.006066183136899366,547,0.01644789762340037,0.4368308437357323,315,0.0033079365079365076,0.24077123029556652,224,-0.014392857142857143,0.2855042280701754,88.00210815765352,0.033470026348539954,0.46244343891402717,0.29549902152641877,0.25220458553791886,-0.02189908256880734,218,0.012954802259887006,887
663368,1247,L,-0.006577046548956662,739,-0.009772665764546684,0.28606369077418353,311,-0.0008327974276527278,0.28111935988620196,185,-0.0014864864864864871,0.23194437777777782,89.16573033707866,-0.013274718984524652,0.4073777064955894,0.25393700787401574,0.22113821138211381,-0.014251023192360164,734,0.004387914230019495,513
663457,2974,L,-0.0002573554277984441,1604,-0.0024569825436408974,0.3562282500894907,893,0.0030358342665173575,0.29262491572126653,456,0.0005482456140350867,0.2529883623882758,89.50886033141695,-0.022000393004304186,0.38197713517148624,0.2068661971830986,0.20882150241212957,0.004767090994813769,2137,-0.013004784688995217,837
663494,296,L,-0.006807432432432431,204,0.005514705882352946,0.39005510869565224,67,-0.032194029850746264,0.0975625,25,-0.039319999999999994,,92.28986486486487,-0.026420069534578604,0.4797297297297297,0.2112676056338028,0.33557046979865773,0.0004621848739495886,238,-0.036637931034482756,58
663536,101,R,-0.029188118811881193,57,-0.00980701754385965,0.16676646666666667,33,-0.05709090909090909,,11,,,90.76039603960398,0.1749598044416289,0.5346534653465347,0.2037037037037037,0.4,-0.030512499999999998,80,,21
663538,4050,R,0.0006502718734552647,2343,-0.00246692274861289,0.345737410475252,1302,0.008763440860215055,0.3024631302446885,365,-0.00864109589041096,0.24360795659989723,89.96911033797217,-0.03439691384026272,0.47358024691358025,0.11366006256517205,0.31806615776081426,-0.002969426751592356,3144,0.013195364238410594,906
663584,341,R,-0.026313782991202343,207,-0.03377294685990338,0.22021101940993787,112,-0.002464285714285716,0.32947454675324667,19,,,89.34112426035504,-0.13114839122952085,0.5601173020527859,0.3298429319371728,0.42073170731707316,-0.023541666666666666,264,-0.03581818181818182,77
663586,3525,R,-0.0009619210002841714,1962,0.0007884811416921503,0.34155416838242625,1115,-0.006142600896860986,0.27695964331791323,386,0.0045699481865285,0.28322512904246755,89.80949221004039,-0.02890923434254679,0.4930496453900709,0.3055235903337169,0.300561797752809,-0.0006733333333333311,2556,-0.0017213622291021647,969
663604,1114,R,-0.00670915619389587,627,-0.005966507177033492,0.28448879699248114,318,-0.0031823899371069197,0.26314018653198656,137,-0.021751824817518247,0.2191895517241379,89.15565777368904,0.01860604141731351,0.5062836624775583,0.2641843971631206,0.33463796477495106,-0.00032909379968203617,629,-0.014983505154639176,485
663609,238,R,-0.002617647058823526,134,-0.011208955223880596,0.29333087875939856,64,-0.00803125,,40,0.03482500000000001,,88.69033613445379,-0.1027176227204888,0.42857142857142855,0.3137254901960784,0.2283464566929134,-0.019112676056338034,71,0.004395209580838317,167
663611,208,R,0.0037163461538461543,114,0.0034298245614035076,0.3437972499999999,74,-0.0033648648648648655,0.2173375789473684,20,0.03155,,89.42259615384616,0.007209274720961853,0.5,0.08653846153846154,0.3163265306122449,0.009342657342657342,143,-0.008661538461538453,65
663616,3475,L,0.005608306893567926,1756,0.00372608200455581,0.36564926624795424,1063,0.00931796801505174,0.27527040716415685,646,0.0037848297213622316,0.26261093658060564,89.12448802999711,-0.013929929274424999,0.438273381294964,0.2810242941562705,0.28197997775305894,0.007482054890921887,2850,-0.0029119999999999997,625
663624,1526,R,-0.0028026229508196715,811,-0.0036226880394574596,0.34674331259269325,502,-0.0004621513944223094,0.29463039561049126,163,-0.015723926380368097,0.2411363975037308,89.39322951929586,0.004516151528857976,0.5773263433813892,0.31214528944381387,0.3973333333333333,-0.003901960784313727,1123,0.00025806451612903525,403
663647,2736,R,-0.014344802342606149,1612,-0.018088089330024815,0.3014171779491581,870,-0.011541379310344829,0.2637150352210811,225,0.00024444444444444513,0.2544165677040427,89.67437315634218,-0.01649410754806453,0.43859649122807015,0.19666666666666666,0.2708333333333333,-0.013883720930232556,2064,-0.015769461077844313,672
663656,4115,L,0.005761753183153771,2140,0.007139719626168226,0.3997789156867979,1218,0.003574712643678161,0.3143776684039814,698,0.005330945558739258,0.26644500249368697,89.39428852781882,-0.00022718806070271862,0.4639125151883354,0.21739130434782608,0.20561685055165496,0.0048206697875405125,2808,0.007761285386381027,1307
663662,159,R,-0.02561635220125786,74,-0.03386486486486486,0.2761998571428572,48,-0.0226875,,32,0.0011875000000000002,,86.59182389937106,0.03261701943875957,0.5408805031446541,0.2441860465116279,0.2923076923076923,,40,-0.030756302521008402,119
663697,2704,R,-0.003920088790233074,1680,-0.01144583333333333,0.3273259683040166,751,0.012348868175765644,0.2858288321040253,247,-0.005441295546558704,0.22614159482758625,90.05930447650759,-0.05767841978753274,0.39977810650887574,0.1998149861239593,0.1880064829821718,-0.004102392344497607,2091,-0.0032985318107667215,613
663698,1831,R,-0.00022033898305084577,1023,0.006242424242424242,0.3630516786105128,592,-0.0168597972972973,0.23793751442015085,193,0.012559585492227979,0.2786622234432234,89.22261970280682,0.018826958922723926,0.4221736755871109,0.2794307891332471,0.2577639751552795,-0.004497215592680984,1259,0.009178321678321678,572
663728,4520,L,0.008424651372019792,2275,0.009475604395604397,0.36887708671591557,1250,0.0023672000000000016,0.29453148291996717,916,0.01376419213973799,0.3432886812395677,89.31527215474586,-0.00353411122921937,0.5117256637168142,0.31474275832252485,0.3360555328705594,0.007824155193992492,3266,0.00996,1254
663731,117,R,-0.0213931623931624,68,-0.009220588235294116,,39,-0.039307692307692314,,10,,,89.4188034188034,0.03455169462062981,0.4700854700854701,0.32727272727272727,0.3508771929824561,-0.05122368421052631,76,,41
663743,1783,R,-0.005598204264870931,1007,-0.009875868917576962,0.286546037177249,534,-0.006891385767790263,0.24977420615324314,221,0.00956818181818182,0.22842495000000007,89.43777651730005,-0.05009384021065838,0.49242849130678634,0.1788154897494305,0.34739178690344064,-0.0032229508196721292,916,-0.008104959630911188,867
663757,3909,L,0.005589559877175026,2238,0.005225647899910633,0.4044523794761805,1088,0.00721139705882353,0.28543155752733695,577,0.003662045060658578,0.30164974751590695,89.8814483111566,2.0146817914526336e-05,0.38270657457150165,0.2092245989304813,0.16817939135077417,0.007908515130190006,2843,-0.0005928705440900549,1066
663837,1530,R,-0.011802614379084968,911,-0.015598243688254663,0.3579857162842747,424,-0.0047264150943396215,0.2682985564593301,190,-0.006926315789473681,0.20939802127659582,89.27915032679739,-0.007808582217682838,0.4673202614379085,0.18321678321678322,0.30563002680965146,-0.022579128440366972,872,0.002478723404255321,658
663853,1507,R,0.006094540612516644,796,-0.0028806532663316585,0.36133177336384714,464,0.023795258620689656,0.3237007020950365,238,-0.0012647058823529427,0.25272853578271715,88.93794940079893,-0.07570098384926989,0.5295288652952886,0.30200501253132833,0.34832904884318766,-0.0024532199270959902,823,0.016455081001472752,684
663886,2561,R,0.0005987485334376217,1413,0.001985845718329796,0.38680155743686706,843,0.006137603795966785,0.24476499249343672,288,-0.02753125,0.17947134848484844,89.63799999999999,-0.0006054451979143117,0.43771964076532605,0.28902765388046386,0.23760818253343824,-0.0007623294858342087,1907,0.004583717357910906,654
663897,166,R,-0.022349397590361447,91,-0.019109890109890105,0.3075593409090909,49,-0.0013265306122448998,,18,,,89.26202531645569,-0.014209438502748726,0.5,0.27710843373493976,0.2987012987012987,-0.021779661016949146,118,,48
663898,537,R,-0.01215828677839851,287,0.004668989547038327,0.35500322659325895,172,-0.035186046511627905,0.1954031227390181,42,-0.017166666666666667,,88.70179640718563,0.0179368102699193,0.4748603351955307,0.34509803921568627,0.28085106382978725,-0.013545454545454545,418,-0.007285714285714287,119
663967,162,L,-0.012209876543209878,88,-0.002988636363636364,0.41764983333333333,48,0.00597916666666667,,24,-0.06004166666666666,,88.92037037037038,0.1107300491563768,0.4567901234567901,0.1891891891891892,0.25842696629213485,-0.01992035398230088,113,,49
663968,2482,L,-0.0021694915254237292,1401,-0.0012976445396145609,0.3026347521755795,640,0.007189062499999998,0.2735477987345475,422,-0.020075829383886256,0.23431216666666654,89.5690813435856,-0.01847284487462654,0.6091861402095085,0.19775132275132276,0.45432497978981407,0.0008409972299168984,1809,-0.010243684992570579,673
663993,3735,L,0.0005012106537530265,2357,-0.003198133220195162,0.3353157955337577,879,0.009807736063708758,0.25563601699504845,458,0.0050240174672489075,0.32085316969892047,90.48222102134558,-0.03115434993484256,0.44712182061579653,0.23592814371257484,0.24930901050304036,0.005933519944016795,2873,-0.01757275902211874,862
664023,4702,L,0.0029187860653985894,2521,0.00650059500198334,0.36906194799886066,1132,0.002706713780918728,0.3437594154488303,975,-0.005900512820512822,0.26118870697051266,89.80077519379846,-0.016790322670436387,0.4336452573373033,0.2746444335458558,0.21821381434227893,0.007690193809661556,3479,-0.01057937806873977,1223
664034,2971,R,0.0030864572779466396,1727,-0.004461493920092644,0.34104921948498956,897,0.007512820512820513,0.3211024909451182,319,0.019282131661442006,0.2879027046617874,89.64251941911516,-0.0659688241197279,0.5237293840457758,0.23393316195372751,0.32044560943643513,0.0027654142581888244,2077,0.00383954802259887,894
664040,3920,L,0.005617819760020425,1915,0.012810443864229764,0.38817019968072475,1283,-0.007322681215900232,0.2635281026914101,667,0.009854572713643176,0.32514476959653665,89.00867544539118,0.015565494746086983,0.5321428571428571,0.33940556088207097,0.3262411347517731,0.010927997203774903,2863,-0.008768939393939395,1057
664056,2467,R,0.00206609894566099,1299,0.002610469591993842,0.3202256183728984,801,0.0017815230961298377,0.2801894892909281,334,0.0027455089820359302,0.2172873527225524,89.19812168231933,-0.00253235999605665,0.4839886501824078,0.29229480737018426,0.3330763299922899,0.0024474616292798107,1695,0.0012292746113989645,772
664059,920,R,-0.003672113289760347,497,-0.00496579476861167,0.31484279822474787,251,0.0005498007968127495,0.21184509383306752,153,-0.007751633986928103,0.23166965,88.72744237102087,-0.015701017156779216,0.4934782608695652,0.2753303964757709,0.2733485193621868,-0.007821029082774046,447,0.0002653927813163475,473
664068,200,R,-0.009744999999999997,113,-0.020300884955752215,0.17990814379084968,68,0.003941176470588231,,19,,,89.598,-0.09867311658920214,0.49,0.37755102040816324,0.33962264150943394,-0.0004926470588235273,136,-0.029406250000000002,64
664238,1206,R,-0.008455980066445183,725,-0.008862068965517242,0.3040704490483841,354,-0.009629943502824858,0.1710446404589233,124,-0.0030161290322580653,0.24989316814024853,89.33671096345515,0.020955562355340403,0.4792703150912106,0.3166089965397924,0.2491349480968858,-0.00729787234042553,518,-0.009327510917030567,688
664702,1889,R,-0.007560148383677795,1187,-0.012742207245155854,0.3035639300309701,487,-0.001102669404517453,0.2600517104994903,186,0.003521505376344085,0.2547382066074951,89.45739361702127,-0.03823255079170445,0.4393859184753838,0.15542168674698795,0.2408675799086758,-0.00805936073059361,878,-0.007127596439169139,1011
664728,2223,L,-0.007819900945520035,1279,-0.007491008600469116,0.2825801948193631,634,-0.010274447949526814,0.22943739448173006,288,-0.0012916666666666656,0.22549789358327324,89.61261343012703,0.000985266354398499,0.46243814664867294,0.1819066147859922,0.2995305164319249,-0.0050558035714285705,1794,-0.019365967365967365,429
664731,209,R,-0.010411483253588514,117,-0.018555555555555558,0.2786341111111111,65,0.000815384615384615,,27,-0.002148148148148149,,89.7019138755981,-0.0968091560353787,0.41626794258373206,0.25287356321839083,0.2169811320754717,-0.015113772455089818,167,,42
664761,3414,R,-0.0014235397710595818,1955,-0.005452173913043478,0.3290810234253522,1110,-0.00256036036036036,0.2882266532317152,309,0.02733333333333333,0.3182704416813698,89.8338543202595,-0.02163955886066377,0.46631517281780904,0.16080402010050251,0.25761266747868455,-0.002501031778786629,2424,0.001229674796747966,990
664770,2927,L,0.002576329331046312,1823,-0.00390016456390565,0.3196047518101612,654,0.009811926605504591,0.3024680812860957,411,0.021330900243309,0.2805810205059928,90.51288322425079,-0.03369468429403293,0.49162965493679534,0.15913829047949965,0.3309557774607703,0.006238948626045401,2522,-0.02018811881188119,405
664774,1364,L,-0.005946323529411766,835,-0.012189221556886228,0.2976017549079921,261,-0.009383141762452106,0.27651609416195855,216,0.019643518518518515,0.22939546985094847,90.15288753799393,-0.009685383807786779,0.40175953079178883,0.22992700729927007,0.1705790297339593,-0.004323883161512026,1168,-0.015581632653061221,196
664913,362,L,-0.01941388888888889,162,0.002580246913580248,0.37500908412177686,107,-0.037695238095238094,0.186684075,88,-0.033397727272727266,0.22291820341880342,88.95605633802816,0.11167583903921566,0.4972375690607735,0.32222222222222224,0.2978723404255319,-0.015837423312883438,328,,34
664954,583,L,-0.0048319039451114945,315,-0.009628571428571427,0.2990102256097562,169,-0.015686390532544378,0.20815705714285712,77,0.004636363636363636,0.19699999999999998,89.10644599303137,-0.048846921256095896,0.5317324185248714,0.1870967741935484,0.3416370106761566,-0.003860869565217389,460,-0.00846341463414634,123
664983,2055,L,0.0018134437408670247,1050,0.006692380952380952,0.3509549481967696,676,-0.012380177514792898,0.19738966041666667,284,0.01059154929577465,0.32341208270825017,89.37664015904572,0.011413129677545467,0.5255474452554745,0.21851851851851853,0.3527724665391969,3.1287605294825805e-05,1664,0.009388746803069057,391
665019,3016,L,0.002752992021276595,1713,-0.006325160537069469,0.34194132571051633,832,0.016462740384615385,0.31395532842272955,433,0.013163972286374134,0.3307942973491251,89.73168283706926,-0.055429595341181755,0.4870689655172414,0.24642614023144996,0.30120481927710846,0.00464396551724138,2328,-0.003623546511627909,688
665052,830,L,0.010277442702050664,390,0.037,0.46967497703426503,248,-0.021794354838709677,0.24719441162608005,162,-0.002512345679012339,0.26144389451219513,88.54521739130433,0.07672284459914777,0.4879518072289157,0.36790123456790125,0.3078817733990148,0.012947049924357034,661,-0.0002261904761904787,169
665155,291,L,-0.009993127147766326,148,-0.021378378378378374,0.22916637602820214,79,0.001886075949367085,,64,0.0016718749999999963,,89.47388316151203,-0.07808944219362933,0.4845360824742268,0.40425531914893614,0.273972602739726,-0.012962962962962963,270,,21
665161,2651,R,0.010537121212121213,1360,0.014916176470588237,0.3913668796075136,905,0.004670718232044201,0.2704399709321244,347,0.007141210374639772,0.32532724146656705,89.40918836140888,0.03548820831167407,0.5164089023010184,0.2702702702702703,0.3515850144092219,0.011691947565543072,2143,0.005642857142857143,508
665487,4341,R,0.007503363488749711,2338,0.009739093242087254,0.39238012176548864,1386,0.012287878787878787,0.3381930731391668,584,-0.012354452054794518,0.2832159913867237,89.81707260496405,0.004627326853747537,0.45841971895876527,0.27889447236180903,0.2556620209059233,0.009328686493184635,3240,0.0020627885503231753,1101
665489,4400,R,0.011741100323624595,2497,0.014724469363235881,0.3984107862388111,1219,0.006858900738310092,0.3462071361431212,590,0.009011864406779658,0.34688517773183414,90.23934616276375,0.0035439954412043667,0.4343181818181818,0.20931449502878074,0.25338753387533874,0.010259685230024216,3346,0.016530332681017616,1054
665561,911,L,-0.017779120879120876,509,-0.01007662082514735,0.27698896616541374,242,-0.01809917355371901,0.21149472173550263,146,-0.0433082191780822,0.16722485,89.55111111111111,-0.01030186646848267,0.45993413830954993,0.19809069212410502,0.26681614349775784,-0.023855572998430143,638,-0.0036007326007326027,273
665742,4536,L,0.02025948372615039,2329,0.018862601975096607,0.45615772348706524,1452,0.0224297520661157,0.3843975802607724,638,0.020440438871473357,0.42126496357947585,89.53455450022614,-0.009541995774497193,0.3619929453262787,0.21559074299634592,0.17402710975076519,0.024678945589726272,3040,0.011518048128342248,1496
665750,1986,L,-0.008982862903225808,1098,-0.008903460837887065,0.28540605091945315,482,-0.012641078838174273,0.2558817236315087,400,-0.004312499999999999,0.24046627393939393,89.48608870967742,0.027105466192563793,0.49798590130916415,0.2568250758341759,0.32424537487828625,-0.005539538138558431,1430,-0.017848648648648647,556
665804,1143,R,0.009907261592300964,545,0.026011009174311924,0.3599397242136792,431,0.00041067285382830743,0.23538101851851864,143,-0.02372727272727273,0.2360766052631579,88.91204605845881,0.06494057678927433,0.48118985126859143,0.24909090909090909,0.3125,0.011961768219832735,837,0.004287581699346407,306
665828,586,L,-0.0074163822525597275,348,-0.006192528735632185,0.30679992152917507,128,0.0018828125000000051,0.2711344705882353,100,-0.02705,0.17133333333333334,89.84671280276815,0.0215773752465131,0.4863481228668942,0.256140350877193,0.29473684210526313,-0.011632734530938122,501,0.017435294117647063,85
665833,3509,L,0.0016231343283582098,1551,0.004673114119922632,0.3723858966063667,1291,-0.00038652207591014556,0.30281794502699033,635,-0.00205511811023622,0.2924850309626595,88.5827497129736,0.0009317249303809328,0.41920775149615275,0.3514615907545887,0.29411764705882354,0.005586636466591167,2669,-0.010950898203592815,840
665839,399,L,-0.002275689223057645,218,0.0032844036697247717,0.3842009391743797,127,-0.009929133858267719,0.2750761236363636,54,-0.006722222222222214,0.21311111111111114,89.61979949874687,0.031220125362217813,0.43358395989974935,0.21965317919075145,0.2596685082872928,0.001815426997245181,363,,36
665861,415,R,-0.011306763285024156,237,-0.01354430379746835,0.2723551276595744,124,-0.0013790322580645167,0.21993702430555556,45,-0.011288888888888893,,89.64927536231885,0.010842649824655222,0.5734939759036145,0.2857142857142857,0.4380952380952381,-0.01033993399339934,304,-0.013945945945945944,111
665862,3912,L,0.0040763710917478225,1959,0.002983154670750381,0.35923327292678336,1209,-2.5641025641023183e-05,0.2821861907395482,702,0.011155270655270659,0.2789682002304521,89.02176485721635,-0.024077320114801064,0.4588445807770961,0.3181058495821727,0.27485089463220674,0.007381949458483756,2780,-0.004012367491166076,1132
665877,1144,R,-9.886264216972819e-05,680,-0.000423529411764705,0.29886483831738425,347,0.00385590778097983,0.29018617142857145,116,-0.010025862068965516,0.3268064516129032,89.75555555555556,-0.014110523463307868,0.40297202797202797,0.14099783080260303,0.2310405643738977,-0.00342165242165242,703,0.0051904761904761915,441
665923,612,R,0.0082859477124183,345,0.009371014492753621,0.33964450198412705,184,0.01404891304347826,0.29952644680851054,83,-0.009000000000000005,0.26203496153846156,89.30245098039217,0.0391389495680176,0.5016339869281046,0.3322475570032573,0.3242424242424242,0.0038127340823970045,267,0.01174782608695652,345
665926,2998,L,-0.008064839572192513,1757,-0.010104154809334092,0.3032423975256872,796,-0.0037525125628140705,0.27413154881477214,425,-0.006272941176470588,0.28155889265741035,89.99849246231156,0.0026608710084335845,0.543028685790527,0.25184275184275184,0.3784698713608666,-0.0051913978494623645,2330,-0.01808095952023988,668
665953,655,R,-0.007951145038167939,293,-0.0027713310580204775,0.37867324030381394,224,-0.006883928571428569,0.2644490317460318,138,-0.02068115942028985,0.24156634285714282,87.65389312977099,-0.015199884174568457,0.48091603053435117,0.32063492063492066,0.3116531165311653,-0.022620689655172412,174,-0.002644490644490642,481
665966,2719,R,-0.003353200883002208,1625,-0.011032615384615387,0.29109619274955445,773,0.012381630012936613,0.28143546951123005,285,-0.010126315789473686,0.26952875077160493,89.62132789317506,-0.05272919811749965,0.49981610886355277,0.2913907284768212,0.3105542900531511,-0.0039867617107942985,1965,-0.0017029177718832877,754
666018,3496,L,0.011765332565505328,2127,0.007941701927597555,0.38926504543198215,877,0.02002508551881414,0.3536599098015705,428,0.012976635514018692,0.34971883058166114,90.02110917537746,-0.02329849700747576,0.46996567505720827,0.2355447352404139,0.28036845135290733,0.015450135816841288,2598,0.001167410714285715,898
666023,2184,R,-0.008733578318787323,1191,-0.012472712006717046,0.2982734193136933,779,-0.004578947368421053,0.24046722526496786,203,-3.9408866995071736e-05,0.21528209919028343,89.32944418925126,-0.016495109362795225,0.5206043956043956,0.23218997361477572,0.3202979515828678,-0.009045079365079367,1578,-0.007918604651162793,606
666126,1408,L,0.0014655294953802413,771,0.001514915693904022,0.3755764390189398,353,0.004396600566572237,0.28975717764594394,267,-0.008902621722846442,0.2774033128654972,89.76413743736579,-0.03564401246039001,0.4694602272727273,0.2102874432677761,0.2722063037249284,0.0009120961682945164,1332,0.011157894736842106,76
666134,1743,L,-0.009669350201265093,1046,-0.011221797323135755,0.32775141055062856,439,-0.005965831435079727,0.2986420070484128,254,-0.00967716535433071,0.19688862749963512,90.10155261644621,-0.011604951784515599,0.4624211130235227,0.2803970223325062,0.26889714993804215,-0.006841874084919473,1370,-0.020024128686327077,373
666139,2754,L,-0.006770461986176791,1543,-0.005815294880103694,0.3376739090099469,759,-0.01498945981554677,0.2397376210651107,390,-0.002182051282051283,0.2823941467741936,89.65401703072936,0.01139005049634354,0.5508351488743646,0.2834541858932103,0.381057268722467,-0.001660902977905859,2087,-0.022719640179910044,667
666149,1014,R,-0.009711747285291216,487,-0.004468172484599594,0.30420871181567366,377,-0.010660477453580902,0.18671348931482057,132,-0.02853787878787879,0.13501656666666667,88.56336336336337,-0.00745431813283197,0.5187376725838264,0.3193916349809886,0.3252032520325203,-0.011408369408369408,693,-0.0060375,321
666150,131,L,0.005160305343511447,73,0.014315068493150684,,27,0.1048888888888889,,31,-0.10325806451612904,,90.1969465648855,-0.02679946380292251,0.5267175572519084,0.11594202898550725,0.35294117647058826,0.00524271844660194,103,,28
666152,1795,L,-0.008274400446179586,979,0.0005863125638406545,0.2994241200896732,515,-0.01483883495145631,0.20365136588921287,279,-0.0289247311827957,0.20932382026428706,89.28085345311624,0.021264513288368952,0.452924791086351,0.22509225092250923,0.289920724801812,-0.006089532587228439,1521,-0.02038686131386861,274
666158,2164,L,0.0014990757855822565,1126,0.005780639431616342,0.3376325884954623,695,-0.008011510791366905,0.2434772444464045,335,0.006110447761194032,0.2751583981481481,89.38017560073938,0.017969121194705503,0.4302218114602588,0.2158968850698174,0.20056497175141244,0.0029699049630411826,1894,-0.008818518518518515,270
666160,2549,L,0.00905935534591195,1266,0.01678041074249605,0.36732937820640366,781,0.0010819462227912918,0.3009652767730785,488,-0.001936475409836068,0.2670186123917416,89.22964566929133,0.012321221461850254,0.5684582189093762,0.28778467908902694,0.39400921658986177,0.013004662004662002,2150,-0.012150375939849621,399
666163,617,L,-0.013204213938411669,374,-0.013136363636363637,0.2763966654650325,150,0.01276,0.2598734857142857,79,-0.054873417721518984,0.12560404166666667,90.53366500829188,-0.06313610736076421,0.4700162074554295,0.25862068965517243,0.2962962962962963,-0.013918650793650794,504,-0.010017699115044252,113
666176,3920,R,0.0019038019903036489,2063,0.0017125545322346086,0.3756161156356729,1368,0.006183479532163744,0.31428715365343907,457,-0.015026258205689275,0.26373660453349734,89.46472848360655,-0.010054691286185493,0.5385204081632653,0.28043581241117954,0.35268505079825835,-0.0012470784641068439,2996,0.012116883116883114,924
666181,1482,L,-0.002513568521031205,736,-0.003095108695652172,0.35968100607223297,447,0.005427293064876959,0.29094618084126467,283,-0.01317314487632509,0.24961356618819772,89.3032564450475,-0.018074498219574898,0.4925775978407557,0.3452054794520548,0.25591098748261476,-0.004632267441860463,1384,0.027234693877551026,98
666182,4122,R,0.004579844206426485,2403,-0.0023820224719101122,0.34256124830779155,1250,0.0125256,0.349314247643707,429,0.016368298368298367,0.335970549165605,89.7986083984375,-0.03832753157903974,0.5259582726831635,0.18773062730627307,0.36714751046998606,0.00397853939782191,3125,0.006483772819472618,997
666185,1142,L,-0.005348511383537653,695,-0.010641726618705034,0.2970288569765456,244,0.0032745901639344268,0.2606777647058823,176,-0.005994318181818178,0.19165894736842104,90.08526785714285,-0.02786526909660545,0.44746059544658495,0.24266144814090018,0.19548872180451127,-0.0025695443645083918,834,-0.012873376623376624,308
666211,1086,L,-0.005045119705340701,612,-0.0007336601307189519,0.3214222295337087,299,-0.007869565217391305,0.19156875243902435,175,-0.015297142857142855,0.2212652827260459,90.07163904235726,0.0008641023110506834,0.46685082872928174,0.3826429980276134,0.24858757062146894,-0.004514047866805412,961,-0.009128,125
666310,2252,L,-0.010015104398045312,1107,-0.0060397470641373055,0.33607816858249545,729,-0.016495198902606308,0.21708921582611646,386,-0.006352331606217618,0.2805820389231181,88.82557303370787,0.01191929744360719,0.4702486678507993,0.20868744098205855,0.2579143389199255,-0.009189683860232946,1804,-0.013337053571428571,448
666397,2109,L,-0.0018548387096774185,1111,-0.0023690369036903688,0.35547897172496035,590,0.002896610169491529,0.3202026191855524,388,-0.009819587628865981,0.3127079804939982,89.3073985680191,0.0006754864936853372,0.4011379800853485,0.24113475177304963,0.19223484848484848,-0.001142696629213482,1781,-0.005719512195121951,328
666464,418,R,-0.019138755980861243,207,-0.005652173913043475,0.3545030303030303,154,-0.03698051948051948,0.18603742499999998,54,-0.026277777777777782,0.21524713333333334,88.70767386091127,0.029705171240583354,0.5191387559808612,0.25806451612903225,0.3717277486910995,-0.023062222222222227,225,-0.014564766839378239,193
666624,1563,R,-0.008062740076824585,790,-0.013340506329113924,0.30749098835597516,548,-0.014005474452554746,0.25552429235638785,194,0.023690721649484537,0.29514243418252,88.31245923026745,-0.011194231642723531,0.5227127319257837,0.3843329253365973,0.30807453416149067,-0.009201787994891443,783,-0.006917843388960208,780
666915,113,R,0.004548672566371682,60,-0.029550000000000007,,41,0.05651219512195122,,12,,,87.97964601769911,-0.18123854419890661,0.45132743362831856,0.3333333333333333,0.2641509433962264,0.012042857142857143,70,,43
666969,3386,R,-0.006727084565345948,2055,-0.006682238442822384,0.3311838731846765,921,-0.007073832790445169,0.25836932915536387,389,-0.007218508997429304,0.25244494556970665,90.2421536636013,-0.032311689758651174,0.49616066154754873,0.31547619047619047,0.3350196739741428,-0.008350963509635096,2439,-0.002527041357370095,947
666971,2723,R,-0.00432842956969474,1494,-0.009085676037483267,0.3349892091058706,862,0.0072146171693735495,0.2888468875601073,351,-0.01712250712250712,0.20730485416666666,89.82016248153619,-0.01067629488664458,0.5225853837679031,0.2122276879831342,0.3609295570079884,-0.00504072398190045,1992,-0.00238767123287671,731
667472,1979,R,-0.005133535660091046,1175,-0.009555744680851064,0.32957132439222003,577,0.0034627383015597936,0.29072727942958515,196,-0.01161224489795918,0.37146637876792304,89.50546197039304,-0.021794790571602843,0.4204143506821627,0.22355769230769232,0.21700223713646533,-0.013626929674099486,1167,0.0070776818742293475,812
667670,3403,R,0.006775510204081633,1769,0.006020350480497457,0.37185586295155315,1105,0.0009710407239819016,0.30310426070653423,489,0.013304703476482617,0.31454643643529107,89.15169139465876,-0.009381408209518098,0.4951513370555392,0.32225519287833826,0.2746878547105562,0.0058517228029423135,2587,0.009765664160401004,816
668227,4834,R,0.007236062176165803,2752,0.00411373546511628,0.37236616378379944,1449,0.016465148378191855,0.298235515224061,616,-0.000556818181818181,0.25110559639977253,89.8798341968912,-0.01805187185772593,0.44786925941249484,0.292378752886836,0.27339300244100895,0.009881256952169078,3604,-0.0005036615134255478,1230
668670,1082,R,-0.006185767097966726,597,-0.006879396984924625,0.3171364391909665,343,-0.005720116618075801,0.20552431698564597,105,-0.015723809523809525,0.17270452173913045,88.79762808349147,-0.024416331372949494,0.4242144177449168,0.28322440087145967,0.22957198443579765,-0.008276849642004772,838,0.0009959016393442592,244
668709,2587,L,0.006655145631067961,1189,0.006803195962994116,0.36298995744616036,742,0.02273180592991914,0.31800839902584754,611,-0.024531914893617023,0.20977673172479686,88.91083202511774,-0.06569344622637027,0.4514882102821801,0.2816780821917808,0.2393493415956623,0.005023638232271327,1958,0.0117027027027027,629
668715,3885,R,0.0018491634491634495,2302,-0.002281059947871416,0.32991640577734105,1210,0.002615702479338844,0.2862379010944922,360,0.02661111111111111,0.2917670477912588,89.95739309634209,-0.022626140007888144,0.47001287001287,0.24917853231106243,0.25202812330989727,-0.001778986739204351,2941,0.013152542372881356,944
668723,813,R,0.0021108374384236437,517,-0.002222437137330756,0.28246500869565216,200,8.99999999999962e-05,0.3327360769230769,88,0.03830681818181818,0.41604066,90.27246913580248,-0.005928797190249909,0.4993849938499385,0.20935960591133004,0.27901234567901234,0.0005818181818181824,330,0.0031576763485477166,483
668800,358,R,-0.004843575418994412,210,0.0005047619047619068,0.31604421545667444,107,-0.020439252336448596,0.2564578010204082,29,0.0019655172413793084,,88.93151862464184,0.018395050993921913,0.4860335195530726,0.19540229885057472,0.3987341772151899,-0.007957854406130272,261,0.003536082474226804,97
668804,4488,L,0.005372597228430936,2129,0.009563644903710665,0.4077433814211039,1433,0.0016636427076064213,0.29485321844309714,894,0.0018098434004474291,0.2929902585230807,89.01272441651705,-0.0003770005467302992,0.4768270944741533,0.29345794392523367,0.24725997369574748,0.0014027734976887526,3259,0.015854353132628157,1229
668845,181,R,-0.03637569060773481,80,-0.044700000000000004,0.2078125,54,-0.04342592592592593,,14,,,88.67297297297297,0.045340641469820316,0.6187845303867403,0.21428571428571427,0.5512820512820513,-0.02998958333333333,96,-0.04358823529411764,85
668885,1959,R,0.0014635017866258294,1182,-0.0011074450084602354,0.37426898178181434,506,0.011873517786561266,0.2382112587247443,248,-0.012415322580645158,0.20256149999999998,89.52339000515198,-0.026359503609926175,0.4012251148545176,0.1895674300254453,0.18402426693629928,-0.0026220600162205994,1233,0.00840220385674931,726
668901,2801,R,-0.004532690246516613,1347,-0.0027319970304380088,0.33243521069243254,1030,-0.010751456310679613,0.30102906247892497,390,-0.0008641025641025652,0.27817467289719633,88.75226945244957,-0.017638481471894386,0.526597643698679,0.3206779661016949,0.34253361641896674,-0.009022572178477692,1907,0.005034675615212526,894
668904,2663,R,-0.003808270676691729,1512,-0.011521164021164022,0.31566573548514176,801,0.010309612983770283,0.3060612103482404,345,-0.0027681159420289833,0.2295215277777778,89.55503759398495,-0.034959508854546024,0.49417949680811113,0.29407294832826747,0.31547619047619047,-0.005003149606299212,1907,-0.0007933774834437088,756
668930,4787,L,0.0055835604948626565,2674,0.005691473448017952,0.3717870689552146,1421,0.011254750175932443,0.303253604048942,641,-0.0075148205928237104,0.2700721814981174,89.75583403538332,-0.03012871043927076,0.4380614163359098,0.21697663328564615,0.2408127972330307,0.008968586387434556,3456,-0.0031600300525920343,1331
668939,2774,L,-2.776776054814327e-05,1431,0.001262054507337526,0.3564167418442019,776,0.0016572164948453615,0.31284048488157806,500,-0.010467999999999996,0.30248544573643404,88.93078908554571,-0.00614257536387979,0.40879596250901223,0.1490299823633157,0.2328666175386883,0.001397991543340381,1893,-0.0030896708286038592,881
668942,982,L,-0.015,567,-0.020582010582010583,0.2754821201731141,237,-0.010949367088607595,0.22173039215686277,168,-0.008309523809523808,0.2092820512820513,89.2908256880734,-0.06752797124717062,0.4725050916496945,0.23922413793103448,0.2359081419624217,-0.012846889952153108,837,-0.027413793103448273,145
668952,836,R,-0.00034928229665071774,422,0.007789099526066354,0.328548833186361,293,-0.012467576791808871,0.2239905714285714,99,-0.014343434343434346,0.2351625714285714,88.42196319018404,0.043747590742117065,0.5143540669856459,0.313953488372093,0.270935960591133,-0.00037951807228915363,498,-0.00030473372781064754,338
668974,210,R,-0.04482380952380952,120,-0.04460833333333333,0.12885404166666667,74,-0.03732432432432432,0.21889184688995217,14,,,89.20384615384616,-0.030198693804120044,0.5190476190476191,0.3577981651376147,0.2558139534883721,-0.05136363636363637,176,,34
669003,1735,L,-0.001248558246828143,942,-0.004808917197452228,0.3728643918353498,476,0.010289915966386554,0.31513374358974366,267,0.003007490636704122,0.22395182051282042,89.61852071005916,-0.03902397517597376,0.44726224783861673,0.36855670103092786,0.2304093567251462,0.0009869531849577907,1304,-0.008006960556844548,431
669004,923,L,-0.014904658721560129,501,-0.014239520958083833,0.2827808290360408,274,-0.02077737226277372,0.1957006878306878,142,-0.004894366197183096,0.2958681351351351,89.51668472372697,0.001942694564693074,0.47020585048754066,0.38018433179723504,0.30278884462151395,-0.018267965895249694,821,0.012166666666666664,102
669016,3288,L,0.0038149053145998773,1813,0.0012211803640375077,0.3498205479029692,1051,0.004963843958135112,0.2874667953567295,399,0.012874686716791985,0.2957622084078647,89.75039706780697,-0.0025773638488525183,0.49178832116788324,0.2504638218923933,0.3261627906976744,0.008740311626048743,2513,-0.012175097276264592,775
669065,3005,L,0.009824514400535833,1670,0.005714371257485032,0.36842854125732916,826,0.01230629539951574,0.3638949519746247,486,0.017092592592592593,0.29395418649515576,89.73419290020094,-0.03366015445766865,0.5281198003327787,0.3352236925015753,0.3009138381201044,0.015002967359050446,2378,-0.009658692185007978,627
669087,383,R,-0.013383812010443863,212,-0.014622641509433959,0.23778240370622286,119,-0.04058823529411764,0.13898828,44,0.06513636363636365,,89.15744680851063,0.047248432520912036,0.4908616187989556,0.4095744680851064,0.2972972972972973,-0.024365942028985507,276,0.014943925233644859,107
669127,3507,R,0.008835479256080114,1877,0.015086840703249865,0.3851735830945799,1215,-0.002674897119341563,0.2907690888520068,378,0.014507936507936506,0.2980590877226708,89.44127304147464,-0.008394408274427306,0.5126889078984888,0.26084538375973304,0.3188086045228902,0.0011352805534204475,2613,0.031272116461366184,894
669134,556,R,0.008054151624548736,281,0.012277580071174379,0.3598816562499999,196,0.001964285714285711,0.2382385945945946,77,0.008142857142857146,,89.05288808664261,0.06681071559619452,0.4316546762589928,0.2916666666666667,0.2585034013605442,0.016630952380952378,420,-0.01882835820895522,136
669200,155,R,-0.005058441558441558,79,-0.010974683544303795,0.2906994,53,-0.0058113207547169825,,18,,,88.988,-0.06353556178913822,0.45161290322580644,0.2714285714285714,0.2972972972972973,-0.010889908256880732,110,,45
669208,299,R,-0.01322408026755853,183,-0.010207650273224041,0.315329184671261,90,-0.015011111111111109,0.2762329255319148,26,-0.02826923076923077,,90.17357859531774,0.05192992059996373,0.4983277591973244,0.35570469798657717,0.2679738562091503,-0.012195121951219513,205,-0.015468085106382978,94
669221,1406,R,-0.0026459671663097793,770,-0.0052831168831168835,0.33263182916646217,492,-0.0017865853658536595,0.23440665705943986,136,0.011198529411764704,0.3781473849891397,89.51265189421017,-0.010215114582740763,0.4793741109530583,0.327893175074184,0.26865671641791045,-0.008214866434378626,861,0.006233333333333333,545
669224,2902,L,-0.005559474412171509,1485,0.00616026936026936,0.3426582588257242,919,-0.01782480957562568,0.23834350342197416,482,-0.018520746887966805,0.20952595567973278,89.21313969571231,0.02381959041509504,0.4968986905582357,0.28224687933425796,0.297464016449623,-0.0045186129525752175,1969,-0.007751879699248121,933
669234,646,R,-0.0007364341085271314,338,0.0027633136094674586,0.3388697292929294,226,-0.005084070796460175,0.2217164732528042,81,-0.003209876543209877,,88.46372093023254,0.02435593263508986,0.4148606811145511,0.2798507462686567,0.2085889570552147,-0.0041993355481727565,302,0.002293604651162793,344
669236,1481,R,0.0006123139377537214,746,0.0009571045576407512,0.3218926836119062,558,0.0030842293906810036,0.2732655685687601,171,-0.007614035087719294,0.23135040384615382,89.00520974289581,-0.00691750346818129,0.5570560432140446,0.29333333333333333,0.3572395128552097,0.0010953326713008934,1009,-0.0004203821656050973,472
669242,1934,L,0.001465597516813245,1028,-0.0017169260700389097,0.33970801362958924,505,-0.0021623762376237615,0.3118512829358687,397,0.013229219143576828,0.30745837343573296,89.67651319192964,-0.03153422103117504,0.4891416752843847,0.2029598308668076,0.29978118161925604,-0.002668397626112758,1349,0.010991452991452995,585
669257,3122,R,0.010048890318430365,1717,0.00456260920209668,0.4093605538561324,1070,0.012552336448598132,0.3237377841420865,314,0.028904458598726115,0.3739966415114551,89.92804760373112,-0.011393818640531182,0.395900064061499,0.20631067961165048,0.20526315789473684,0.012818815331010454,2300,0.002226322263222635,822
669261,908,L,-0.006819690265486723,475,-0.004218947368421054,0.33548722302912354,291,-0.00865979381443299,0.25419980967570444,103,-0.018310679611650484,0.3228228677685951,89.45650172612197,0.013523232874505868,0.39537444933920707,0.31197771587743733,0.1702127659574468,-0.0037901678657074342,838,-0.04291428571428572,70
669288,269,L,-0.012349442379182155,151,-0.0036821192052980136,0.38489354299343176,86,-0.024604651162790692,0.19717804761904767,30,-0.025333333333333336,,89.23011152416358,-0.039395565858873056,0.4944237918215613,0.3082706766917293,0.3146853146853147,-0.01938135593220339,236,,33
669289,1671,R,-0.012571856287425149,950,-0.016731578947368424,0.28826804207920786,548,-0.002841240875912409,0.21951223263888875,158,-0.019436708860759492,0.24281745833333332,88.64706586826345,-0.019768290016853166,0.45362058647516457,0.1503957783641161,0.25365853658536586,-0.015264050901378579,943,-0.009079779917469053,728
669304,227,R,-0.033563876651982384,105,-0.036495238095238094,0.17742857142857144,87,-0.03605747126436781,,24,0.005250000000000004,,87.98935185185185,-0.11556555610846542,0.5242290748898678,0.23529411764705882,0.3684210526315789,-0.024783582089552236,134,-0.04621505376344086,93
669326,783,R,-0.019947570332480815,451,-0.02067849223946785,0.24090748717948732,253,-0.01393280632411067,0.19984296666666665,61,-0.03952459016393442,0.1036875,89.773273657289,-0.00942938737273733,0.5925925925925926,0.375,0.38055555555555554,-0.023351145038167938,525,-0.013034883720930231,258
669357,2693,L,-0.006190369540873459,1521,0.00230769230769231,0.3420104889603998,706,-0.0074985835694051,0.25547093001871735,448,-0.03347098214285714,0.1955333500911326,89.9354609929078,0.013328597112266945,0.4793910137393242,0.36096049573973665,0.29178885630498536,-0.006945039590125758,2161,-0.003144736842105262,532
669364,4046,L,0.001046303211351755,2299,0.0034436711613745107,0.3274861977691368,972,-0.003969135802469137,0.29924361944777916,717,-0.001582984658298463,0.24407338418079097,89.88718977187266,0.005181891126252741,0.4587246663371231,0.1341594827586207,0.2525354969574036,0.0038114697802197803,2930,-0.006240723981900449,1116
669369,560,L,-0.0007160714285714275,299,-0.008220735785953177,0.29636598309216733,160,0.013718750000000002,0.2172236052631579,100,0.001440000000000004,0.2573203319298245,89.38589285714286,0.015346550122854744,0.475,0.2932330827067669,0.30633802816901406,0.006692098092643052,367,-0.014803108808290156,193
669374,101,R,-0.021079207920792084,52,0.00048076923076923253,,19,,,12,,,89.93734939759037,-0.038787102566423905,0.5544554455445545,0.39285714285714285,0.3488372093023256,-0.020112499999999995,80,,21
669384,138,L,0.0033405797101449305,84,-0.01642857142857143,0.28063876190476195,29,0.065448275862069,,22,0.00918181818181818,,90.20074074074073,-0.1795332860241966,0.5579710144927537,0.24675324675324675,0.328125,-0.014634615384615385,104,,34
669392,457,R,0.0032932166301969383,264,0.00862878787878788,0.3597130508474575,136,0.0069411764705882345,0.2741678529411765,53,-0.017433962264150935,,89.42253829321665,0.0833645377660422,0.43326039387308535,0.23737373737373738,0.30638297872340425,0.0070449101796407195,334,-0.0068943089430894295,123
669394,2899,R,-0.00238543823326432,1448,-0.008091850828729283,0.3450296904886277,1101,0.0016730245231607627,0.2709059330690306,328,0.0015426829268292707,0.29887504543800963,88.79418685121108,-0.05340967234464939,0.5219041048637462,0.3146067415730337,0.37637897469175857,-0.004314259763851045,2202,0.003716954022988508,697
669397,2059,R,-0.014949951409135083,1255,-0.013992031872509962,0.2757262932459389,611,-0.018433715220949262,0.19072068055555555,147,-0.015979591836734686,0.2387,89.77120237506185,-0.004469673476950652,0.47984458474987857,0.22874493927125505,0.2558139534883721,-0.017248993288590603,1491,-0.00891901408450704,568
669398,260,L,-0.013407692307692306,95,-0.03853684210526316,0.3906198800000001,64,-0.00565625,,42,-0.03816666666666667,,87.98029556650246,-0.1887685482935389,0.6076923076923076,0.35443037974683544,0.4056603773584906,-0.013008298755186724,241,,19
669450,500,L,-0.005795591182364728,265,0.006815094339622638,0.37588932812500003,125,-0.019472,0.26530938095238094,79,-0.04158227848101266,0.12453874883286649,88.81983122362871,-0.023331428391747584,0.414,0.32367149758454106,0.20161290322580644,-0.012077464788732397,285,0.002502325581395348,215
669477,2756,R,0.0009311726147123082,1469,-0.0037597004765146354,0.3535096984966089,980,0.0009642857142857128,0.3160034208972059,285,0.014108771929824558,0.3589666974957912,89.14573304157548,-0.04686813977724999,0.5243105950653121,0.23391003460207613,0.3374277456647399,0.0027317073170731714,1888,-0.003017441860465117,868
669699,320,L,-0.0029500000000000012,170,-0.002535294117647063,0.30803288372093013,102,-0.05563725490196078,0.1896875,45,0.10426666666666667,,89.490625,-0.015331051387814756,0.61875,0.23737373737373738,0.5151515151515151,0.003328467153284676,274,,46
669701,3000,L,-0.004243886097152427,1659,-0.0034894514767932483,0.3423945085537422,818,-0.004133251833740832,0.2780273123401866,489,-0.006973415132924334,0.23912209469911333,89.12097152428812,-0.005256693632111043,0.453,0.199411331861663,0.27096327096327094,-0.0002886075949367079,2384,-0.01948617886178862,616
669707,2384,R,-0.005001261034047919,1366,-0.003950951683748169,0.3270135422538074,768,-0.004326822916666666,0.27398792531409927,233,-0.010579399141630903,0.20637006666666663,89.60683256010122,-0.012012473867950785,0.4597315436241611,0.2417883211678832,0.2454780361757106,-0.007166978193146416,1606,-0.0005103359173126597,778
669717,499,R,-0.011016032064128257,251,-0.010039840637450202,0.2865479814133235,176,-0.012613636363636362,0.13185396296296295,59,-0.011593220338983051,,88.82592592592593,-0.02790803273334955,0.533066132264529,0.35714285714285715,0.3210332103321033,-0.015367999999999998,250,-0.006646586345381523,249
669720,1848,R,0.0010483958673191947,841,0.012933412604042805,0.36721160709972694,772,-0.012932642487046632,0.23431241060995128,216,0.003949074074074075,0.24240959029649606,88.7189777052746,0.02523645042853462,0.520021645021645,0.3215400624349636,0.34691745036572624,-0.004039387308533917,1374,0.015952991452991453,474
669722,240,L,-0.020116666666666665,100,-0.03728000000000001,0.24518020105820107,87,-0.03417241379310345,,36,0.02575,,88.92380952380952,-0.03567815087194414,0.475,0.37719298245614036,0.24299065420560748,-0.026092592592592594,216,,24
669743,2094,R,0.0038026755852842817,1350,-0.0034585185185185183,0.328587125383285,519,0.019876685934489404,0.28906079875409146,181,0.009828729281767956,0.25474976315789477,90.46155339805824,-0.05297771234145799,0.38872970391595035,0.1769041769041769,0.1845672575599583,6.676669167291887e-05,1334,0.010355263157894739,760
669899,252,L,-0.0044603174603174605,151,-0.019423841059602646,0.23209122580645158,65,0.018661538461538462,0.4527615,34,-0.002588235294117643,,90.88174603174602,-0.06904244829961213,0.5317460317460317,0.27611940298507465,0.3208955223880597,-0.001161825726141079,241,,11
669911,1447,L,-0.0051210013908205825,741,-0.0001228070175438587,0.3239361620843789,424,-0.009905660377358488,0.2089963893102097,263,-0.02003041825095057,0.21197790561458743,88.99264705882354,-0.002567594786103106,0.4837595024187975,0.37714285714285717,0.30386740331491713,-0.008312379110251452,1043,0.0030470297029702945,404
670032,650,L,-0.00810923076923077,371,0.0013773584905660344,0.285595204819277,182,-0.015082417582417584,0.25684295238095245,95,-0.03691578947368421,0.2043235294117647,89.53061538461539,0.008067644816299612,0.49846153846153846,0.16666666666666666,0.29652996845425866,-0.010165354330708662,508,-0.0007535211267605648,142
670042,2016,L,-0.0004597014925373123,974,0.006280287474332649,0.3868945156976941,587,-0.008088586030664396,0.2725545757359977,437,-0.00589473684210526,0.2576940709610648,89.06626865671642,-0.0004312542311199651,0.5376984126984127,0.39206642066420666,0.30784123910939015,0.003011871113623518,1774,-0.025941908713692945,242
670092,193,L,-0.013217616580310882,112,-0.01822321428571429,0.21699201930348258,39,-0.015384615384615389,,38,0.009184210526315791,,90.37513227513229,-0.03948373897501252,0.5647668393782384,0.23853211009174313,0.3068181818181818,-0.014449438202247191,178,,15
670097,576,R,-0.009998263888888888,354,-0.01764406779661017,0.21993145468998407,139,-0.0002158273381294958,0.33766545245559043,61,0.03380327868852459,,89.8526126126126,-0.06855555386495388,0.4340277777777778,0.316,0.2611683848797251,-0.022583815028901735,346,0.008934782608695646,230
670156,831,L,-0.008326113116726834,467,-0.013503211991434689,0.32601533613426936,232,-0.013900862068965517,0.23273367441860474,127,0.011574803149606301,0.2397738064516129,89.5655836341757,-0.09487484337903081,0.3971119133574007,0.16666666666666666,0.2037037037037037,-0.010709633649932156,737,0.010361702127659574,94
670223,584,L,-0.0050223752151463,283,-0.01590459363957597,0.21149472499999997,155,0.0072645161290322575,0.2786246625068417,143,0.003195804195804198,0.18765092086982788,88.84406196213425,-0.05871628069169534,0.5376712328767124,0.39490445859872614,0.3412969283276451,-0.007174812030075186,535,,49
670224,1119,L,-0.01042614145031334,574,-0.009024390243902438,0.2815187769387892,312,-0.0056634615384615365,0.2308569345260754,218,-0.017940366972477063,0.1674081632653061,88.77654431512981,0.020172220556302817,0.48168007149240394,0.34879406307977734,0.3058608058608059,-0.006338169642857143,898,-0.026999999999999993,221
670231,863,L,-0.011495944380069524,445,-0.004231460674157304,0.40396368790297726,256,-0.01017578125,0.2539706673101674,157,-0.03421019108280255,0.18376703769401329,89.0252607184241,0.01690803086672555,0.4322132097334878,0.24932975871313673,0.23786407766990292,-0.011776902887139106,762,-0.009376237623762378,101
670242,2215,L,0.003995485327313771,1300,-0.0003053846153846169,0.330890358521826,590,0.01631525423728814,0.3011964342687722,316,-0.0016772151898734157,0.27249715151098897,89.65986455981941,-0.021986153597743398,0.5124153498871332,0.3744493392070485,0.2945945945945946,0.0049180825242718445,1648,0.0013139329805996467,567
670541,2650,L,0.016059625876851127,1461,0.01261806981519507,0.4522522961193254,672,0.021452380952380952,0.45706813467859186,421,0.021714964370546312,0.4147795459932098,90.13163664839468,-0.004896117228434109,0.41962264150943396,0.20503597122302158,0.2730547550432277,0.016368101265822787,2052,0.015028764805414555,598
670623,3779,R,0.006869242985706724,2069,0.007942967617206382,0.3538509002182015,1221,0.005142506142506144,0.26973130958885694,435,0.005570114942528734,0.2583888285662889,89.76623828647925,-0.01410161767708736,0.42286319132045513,0.16645807259073842,0.24440977639105566,0.008701869465398493,3049,-0.0007956104252400535,730
670764,2462,L,-0.009142740951606342,1474,-0.014143147896879241,0.28050643450511015,582,-0.002815834767641997,0.22782264398801877,364,0.000186813186813187,0.20576012234580388,89.6560774618871,-0.0373057637628618,0.44516653127538586,0.2116788321167883,0.22894736842105262,-0.006393559928443648,1678,-0.015038363171355497,784
670770,3624,L,-0.001564329099944781,2155,-0.0007703016241299282,0.32481712044701755,909,0.004643564356435643,0.24446687178619725,544,-0.015783088235294118,0.194769408903757,89.83655973451327,-0.0052922788835676636,0.402317880794702,0.19821673525377229,0.19943019943019943,0.0009091244920576291,2709,-0.008881967213114754,915
671056,3626,R,0.010016638935108154,1998,0.007042042042042042,0.36766397485463703,1159,0.014274374460742019,0.35024424599159865,444,0.013110360360360365,0.31626726378636566,89.65678978061649,0.0016550300514483812,0.4456701599558742,0.21534653465346534,0.26209896682979883,0.0048301587301587305,2524,0.02205156537753223,1102
671083,292,R,-0.021441780821917805,147,-0.03825170068027211,0.19711144,99,-0.0021515151515151473,0.25092739999999997,31,0.01051612903225808,,88.3797833935018,-0.08436225106658363,0.4383561643835616,0.25,0.2426470588235294,-0.022609271523178806,151,-0.020191489361702123,141
671213,514,L,-0.009937007874015746,246,-0.01689024390243903,0.3243993138708,121,0.0085702479338843,0.24865394812164573,101,-0.016544554455445545,0.30817485,88.8508547008547,-0.03947041812296062,0.4766536964980545,0.3346938775510204,0.2391304347826087,-0.01529279279279279,450,0.027218750000000007,64
671218,3756,R,5.4545454545454235e-05,2176,0.00020312499999999967,0.34977561907737104,1171,-0.00010333048676344966,0.30061842768561353,378,0.000698412698412699,0.28750289638963905,89.94026287553649,-0.009639026053680003,0.4928115015974441,0.2614802809292274,0.3213166144200627,-0.0009811594202898538,2764,0.0029714285714285676,992
671221,852,L,-0.011848591549295776,423,0.0006028368794326259,0.3095632859630791,225,-0.0214,0.2066592884615384,187,-0.024534759358288777,0.23431086329606066,89.4122009569378,0.04888697167642869,0.5645539906103286,0.31185031185031187,0.34405940594059403,-0.008770250368188516,679,-0.02393063583815029,173
671277,3138,L,0.0011525207402680285,1437,0.0020535838552540003,0.38214616065020063,1035,0.004942028985507246,0.3304040331371123,618,-0.006690938511326861,0.2924650385147457,88.91545161290324,-0.0017132150228480966,0.5379222434671765,0.2109004739336493,0.39019963702359345,0.006594636015325671,2614,-0.025954198473282446,524
671284,285,R,-0.021315789473684215,149,-0.04267114093959731,0.19515701515151518,108,0.009666666666666665,0.29631779137237035,28,-0.02717857142857143,,88.49438596491228,-0.04668285863481014,0.5052631578947369,0.3125,0.3178294573643411,-0.014956097560975613,205,-0.0376125,80
671286,390,R,-0.008987179487179489,198,-0.009934343434343434,0.27801350450450457,108,-0.015518518518518517,0.28882470075046907,84,0.0016428571428571436,0.2787480950980392,88.37333333333335,0.0037078720355206247,0.44871794871794873,0.3657142857142857,0.2938388625592417,-0.04093258426966292,89,0.00045847176079734186,301
671289,2632,R,0.0006100342075256585,1600,0.00018374999999999837,0.34451733430951725,775,-0.0015625806451612895,0.2874664077416423,212,0.007891509433962262,0.2481273910806175,90.25618974161203,-0.0024281342931480048,0.4722644376899696,0.1246983105390185,0.27216174183514774,0.004092248908296945,1832,-0.007374217772215268,800
671655,358,L,-0.0014789915966386586,165,0.0030121212121212108,0.3083498488160291,108,0.018916666666666672,0.2977181191489362,84,-0.03652380952380952,0.10449090909090906,89.43081232492997,-0.036590057974904965,0.4692737430167598,0.26785714285714285,0.29444444444444445,0.004354354354354352,334,,24
671732,3798,L,-0.003854353562005277,2039,-0.005561059342815105,0.3182789744149254,960,0.002484375000000001,0.3027994123851957,754,-0.007797082228116708,0.27312013428425963,89.50288971367975,0.0029183544666645496,0.4660347551342812,0.31412429378531076,0.2564507635597683,-0.0017107084019769357,3041,-0.012471523178807942,757
671739,3617,L,-0.0035477442568502622,1913,-0.008973340303188708,0.35517384967417026,1055,-0.001399052132701422,0.29412631332154654,568,0.004625000000000003,0.32165264843914376,89.30415964024733,-0.04468485519423168,0.5640033176665745,0.24901960784313726,0.4363245566899516,-0.0010472409686383482,2523,-0.00930530164533821,1094
671976,1149,L,0.004778745644599302,658,0.0014528875379939217,0.3134799611111112,306,0.005434640522875817,0.2653692794117647,165,0.01726060606060606,0.296667675,89.96393298059965,-0.037501085135642175,0.5526544821583986,0.2251968503937008,0.3447653429602888,0.007582428430404739,1013,-0.01625925925925926,136
672012,246,L,0.017012195121951217,110,0.024181818181818183,0.2353327619047619,61,-0.010639344262295082,,20,0.03015,,88.71827411167513,-0.05697419921189861,0.4715447154471545,0.21551724137931033,0.3020833333333333,0.01259913793103448,232,,14
672016,923,R,-0.014996746203904556,526,-0.010410646387832697,0.2822532530451574,276,-0.023445652173913045,0.16765227131893798,112,-0.017892857142857144,0.17398953571428574,89.48915401301518,0.01955675219155332,0.47020585048754066,0.33640552995391704,0.3045267489711934,-0.015044776119402989,670,-0.014869047619047622,253
672275,2659,L,-0.01205645464809936,1399,-0.010644746247319516,0.31009605693178277,709,-0.01042595204513399,0.23995967726703124,518,-0.02364671814671815,0.20045103417407759,89.69217027746105,-0.0043856072034279625,0.4952989845806694,0.2824601366742597,0.2990083905415713,-0.010600486618004865,2057,-0.0170265780730897,602
672279,131,L,-0.025846153846153845,65,-0.016492307692307695,,32,-0.03137500000000001,,29,-0.03510344827586207,,87.83307692307692,0.06986456982898162,0.5190839694656488,0.3088235294117647,0.42857142857142855,-0.0194406779661017,119,,12
672284,634,L,-0.017167192429022076,292,-0.02816780821917808,0.32371132560657534,175,-0.007519999999999999,0.3487242258064516,134,-0.00944776119402985,0.2543209099099099,89.29650582362729,-0.05657687663878129,0.4810725552050473,0.4,0.28753993610223644,-0.01607433628318584,565,-0.026115942028985505,69
672356,2360,R,-0.006863520408163266,1227,-0.008583537082314588,0.2972343784388756,814,-0.0029680589680589676,0.29942769060982394,290,-0.016931034482758622,0.19697660184119675,89.1106821106821,-0.023467584339956618,0.5559322033898305,0.4100609756097561,0.37520525451559933,-0.005420693928128871,1614,-0.010018970189701895,746
672386,2823,R,0.0022077829346661905,1653,0.0014875983061101044,0.3614077909031425,901,-0.002430632630410654,0.2997714512151552,221,0.031063348416289594,0.4184472677267613,89.90096774193549,0.008377426811910478,0.4651080410910379,0.1865955826351866,0.29128277817150955,0.0021452322738386323,2048,0.0023769841269841285,775
672515,2684,R,0.007220351664796108,1542,0.006380025940337225,0.39859901570387707,818,0.0058251833740831285,0.2993319247938573,288,0.01061458333333333,0.3170029000160387,90.18599471498678,0.001735478638246869,0.4247391952309985,0.17456140350877192,0.280359820089955,0.009193564115065823,2058,0.0007138263665594857,626
672569,294,L,-0.013758503401360547,149,0.004510067114093956,0.4855783906333726,78,-0.032782051282051285,0.22052169841269842,66,-0.028848484848484842,,88.98537414965988,0.1653003714340462,0.4897959183673469,0.2986111111111111,0.2953020134228188,-0.0032200956937799025,209,-0.03967058823529412,85
672580,3726,R,0.002085414987912974,2244,-0.005301247771836008,0.3451156197970651,1144,0.014068181818181816,0.30564516327276725,327,0.012611620795107033,0.2971883969687891,90.00083266183185,-0.054588142739176095,0.3982823403113258,0.14690026954177898,0.2151130722559294,-0.0021157167530224522,2897,0.01677415458937198,829
672640,3760,R,0.004896560917088777,1931,0.005931641636457795,0.3990516548493471,1300,0.008114615384615385,0.29380048471953074,488,-0.013233606557377053,0.19693138993710688,89.22102013422818,0.001030263423836693,0.4632978723404255,0.19517795637198623,0.31150159744408945,0.00786107965269913,2654,-0.002229582577132483,1106
672695,4825,L,0.008437577768560765,2843,0.004757298628209638,0.3669388159236608,1241,0.019153908138597905,0.3442438232157225,717,0.003239888423988846,0.28559814824123236,90.14499271288778,-0.014345077217995078,0.3964766839378238,0.1228437009932044,0.20123293703214443,0.008628720023114708,3464,0.00795150624540779,1361
672724,2178,R,-0.010176767676767676,1261,-0.011444885011895322,0.30076375279338297,677,-0.012081240768094536,0.21796408248641289,217,0.002474654377880185,0.22496534310751598,89.36859504132231,0.002502421739043573,0.5371900826446281,0.3076923076923077,0.3333333333333333,-0.009647382920110194,1452,-0.011235537190082644,726
672744,944,R,-0.005077412513255571,462,-0.0004242424242424275,0.36696673334381796,307,-0.0003192182410423492,0.2527444444507453,152,-0.03430921052631579,0.1462542186732187,88.27877155172415,0.026147617397678808,0.5307203389830508,0.3852295409181637,0.32196162046908317,-9.770114942528935e-05,523,-0.011251781472684085,421
672761,2358,L,-0.0072832909245123,1286,-0.010597978227060654,0.30846193039899883,659,-0.003056145675265553,0.28168734424420555,397,-0.006937027707808563,0.24858428033428506,88.7,-0.02778773609803353,0.4893977947413062,0.23483535528596186,0.3176954732510288,-0.009317131001778304,1687,-0.0021698956780923993,671
672820,2586,R,-0.001844160866202629,1428,0.0010028011204481799,0.3572439087803947,855,-0.010714619883040937,0.23978992117504924,279,0.007813620071684589,0.3399295022442995,89.07616640746501,0.0033700609401124087,0.5181747873163186,0.2298507462686567,0.4258160237388724,-0.004076755579749592,1837,0.003631508678237649,749
672960,1720,R,0.005733566026759745,945,0.009123809523809524,0.35822190869565207,587,0.0012657580919931855,0.289370890625,181,0.005607734806629835,0.2599033142857143,89.6761489237929,0.02120383596746567,0.4604651162790698,0.3333333333333333,0.26832018038331457,0.004999244142101287,1324,0.008186868686868687,396
673237,2532,R,-0.0012480190174326482,1238,0.0025193861066235865,0.36309388174664936,926,-0.007325053995680345,0.278913255345948,329,0.001881458966565352,0.26696826368766463,88.80116,0.01137054117992096,0.580568720379147,0.22857142857142856,0.43213499633162145,-0.0003213728549141967,1923,-0.0042129783693843565,609
673357,2060,R,-0.0006363636363636358,1097,-0.008073837739288969,0.32573670649301206,660,0.003701515151515151,0.3155004268137833,274,0.02251824817518248,0.3226768441319648,89.07626784835058,-0.029229244306671582,0.5135922330097087,0.30340264650283555,0.32,-0.006307096774193547,1552,0.017084677419354835,508
673490,1139,R,-0.014328358208955224,752,-0.01113829787234043,0.28587549014212765,292,-0.014726027397260274,0.2644382266824085,93,-0.03626881720430107,0.22692178125000004,90.25733099209833,0.030847700463727343,0.4064969271290606,0.17278617710583152,0.22286821705426357,-0.01196927374301676,716,-0.018321513002364072,423
673548,4455,R,0.007353894642053128,2304,0.0028823784722222237,0.394984213505435,1672,0.0006572966507177036,0.26749044038246994,416,0.04278846153846154,0.37794307792246545,89.24808346563846,-0.026109131811660947,0.4074074074074074,0.2440771349862259,0.21230342275670674,0.00398461055276382,3185,0.015881558028616852,1270
673962,3443,R,0.00103485332558815,1930,-0.0023046632124352324,0.34221993245087456,1133,-0.0020944395410414816,0.293858762580677,371,0.029231805929919145,0.3102619290354823,89.21068835318037,-0.03342933375577,0.4911414464130119,0.22708456534594915,0.3132054176072235,0.0005432692307692323,2496,0.0023305174234424506,947
674441,126,L,-0.025714285714285717,70,-0.05102857142857143,,45,-0.0075777777777777805,,11,,,89.27142857142857,-0.2408869844895661,0.42063492063492064,0.22641509433962265,0.19298245614035087,-0.020834782608695656,115,,11
675085,101,R,0.008811881188118811,48,0.025479166666666667,,29,0.018206896551724135,,5,,,91.07926829268293,0.056038507222184876,0.37623762376237624,0.15789473684210525,0.21739130434782608,0.00787012987012987,77,,24
675659,109,L,-0.054513761467889915,59,-0.06961016949152543,0.1449375,27,-0.03344444444444444,,21,-0.06061904761904763,,89.23577981651377,-0.22855537786622604,0.5412844036697247,0.4406779661016949,0.38461538461538464,-0.06563013698630138,73,,36
675961,429,R,-0.003967365967365966,230,0.007500000000000001,0.2812737551020409,137,-0.030262773722627735,0.08861538461538462,59,0.01803389830508474,0.2736471333333333,89.66079812206571,-0.049887006602509415,0.5244755244755245,0.24444444444444444,0.34951456310679613,-0.01567479674796748,246,0.011770491803278695,183
676044,309,L,-0.009990291262135926,130,-0.015015384615384616,0.3036836421973748,102,-0.021725490196078435,0.17848329448329447,63,-0.003222222222222221,0.21860523529411766,87.91491525423729,0.009681416936796496,0.5598705501618123,0.3583815028901734,0.41358024691358025,-0.00793886462882096,229,-0.0158625,80
676059,1337,R,0.008594311377245508,758,0.00017678100263852025,0.3438913376732569,345,0.03930724637681161,0.3675319579374447,196,-0.01204081632653061,0.19120556972789113,89.58546153846154,-0.02890340542091242,0.49962602842183995,0.2994011976047904,0.26540284360189575,0.009640399556048833,902,0.006427586206896551,435
676070,368,R,-0.025141304347826084,225,-0.02633333333333333,0.21394424444444451,102,-0.021764705882352943,0.1859444444444444,36,-0.016194444444444442,,89.26657608695652,0.025501664378996237,0.39402173913043476,0.21379310344827587,0.23076923076923078,-0.029302325581395346,258,-0.015381818181818186,110
676116,296,L,-0.024917525773195875,179,-0.03527374301675978,0.20960740196078437,85,-0.019717647058823527,0.23086061111111109,22,0.04536363636363637,,90.07272727272726,-0.041738912232563485,0.3952702702702703,0.452991452991453,0.2112676056338028,-0.024961977186311785,268,,28
676356,1027,R,-0.0016949317738791437,561,0.0036131907308377875,0.29993383369447446,296,0.0013378378378378374,0.2647082972972973,124,-0.024112903225806455,0.22477346666666664,89.7690112130479,-0.004072986673458762,0.5102239532619279,0.25190839694656486,0.3543307086614173,0.0004557823129251701,588,-0.0045821917808219195,439
676369,328,R,0.012972477064220181,180,0.03437222222222222,0.4143241904761905,106,-0.0002924528301886813,0.4025853157894737,41,-0.0466829268292683,,88.30030581039755,0.008637894420466257,0.5060975609756098,0.3433734939759036,0.2981366459627329,0.012384615384615381,131,0.013360406091370555,197
676391,3351,R,-0.0004345487148834427,1788,0.003412751677852346,0.31251044468104633,1125,-0.010363555555555558,0.25775072438424723,405,-0.00150864197530864,0.26546774433838666,89.12105578884223,-0.014911078887477856,0.55863921217547,0.15384615384615385,0.40736411455289306,-0.0036253842775581893,2278,0.006362020579981291,1073
676439,1134,L,-0.010800705467372131,589,-0.008154499151103565,0.33080170309106993,337,-0.017789317507418398,0.22745590909090901,197,-0.006314720812182742,0.2166685,88.9660477453581,0.011504874914768488,0.4417989417989418,0.2694610778443114,0.2491349480968858,-0.004697796432318991,953,-0.04293370165745856,181
676475,3557,L,0.006880428652002256,1902,0.0001992639327024192,0.3832375576144252,1029,0.012415937803692908,0.35982483156053036,610,0.017916393442622955,0.3027296912585329,89.49021432600114,-0.026529991581455897,0.5004217036828789,0.19157303370786516,0.3194062671797691,0.01450658637561159,2668,-0.015912260967379077,889
676480,214,R,-0.022525821596244135,96,0.003437499999999996,0.24613806730769228,88,-0.040749999999999995,,27,-0.0477037037037037,,87.9549295774648,0.12217635637138635,0.5420560747663551,0.28448275862068967,0.38235294117647056,-0.015503546099290782,142,-0.03627777777777778,72
676572,2226,R,-0.0035973033707865166,1221,-0.005294840294840295,0.34905877298892946,731,0.0015854993160054726,0.295768758436042,263,-0.009106463878326998,0.19873404248366014,89.39151241534988,-0.012344387119578318,0.45103324348607365,0.24302788844621515,0.261455525606469,-0.010071843251088532,1379,0.00693624557260921,847
676609,2906,R,-0.001453854130660214,1603,-0.008100436681222708,0.2949127668435783,916,0.0008624454148471591,0.2594166465782927,321,0.01774454828660436,0.30633586666666657,89.37371188222923,-0.028081130330702617,0.46730901582931866,0.2695139911634757,0.3172043010752688,-0.0037319807794981316,1882,0.002729411764705881,1024
676679,254,R,-0.01361811023622047,146,-0.026869863013698626,0.29430117729591837,73,0.01058904109589041,0.2808457001155624,20,-0.07665000000000002,,89.31213389121338,-0.08681274073813873,0.531496062992126,0.3333333333333333,0.39344262295081966,-0.0081056338028169,142,-0.020607142857142855,112
676694,1938,R,-0.003035105833763551,1013,-0.0007640671273445199,0.3335508788820316,696,-0.008320402298850574,0.27863504290954544,201,0.003507462686567166,0.2094631219512195,89.32679225536369,-0.004776100088473571,0.48658410732714136,0.21527041357370094,0.26495726495726496,-0.0009292795769993389,1514,-0.010549528301886792,424
676701,179,R,-0.03541340782122905,88,-0.040590909090909094,0.27014167182662535,62,-0.040177419354838706,0.23024521072796938,25,-0.0002400000000000016,,89.428,-0.06376500415395692,0.6033519553072626,0.26851851851851855,0.37662337662337664,-0.025374999999999998,144,,35
676724,887,L,-0.0021510710259300984,461,-0.009440347071583517,0.33270697358052337,286,-0.005482517482517483,0.273675632111861,138,0.03094927536231884,0.3710569,89.50845546786923,-0.019927837268780845,0.47801578354002255,0.27358490566037735,0.29148936170212764,0.001403286978508219,791,-0.0314375,96
676801,470,R,-0.012814893617021273,256,-0.011878906250000001,0.3114244919551993,137,-0.015540145985401457,0.2776165543736428,47,-0.023787234042553188,,89.06750000000001,-0.014816609995112473,0.5468085106382978,0.3346303501945525,0.3813559322033898,-0.023447761194029852,268,0.0012920792079207921,202
676812,131,R,-0.03055725190839695,66,-0.03815151515151516,,25,-0.00928,,40,-0.031325,,87.78702290076335,-0.06898144531984259,0.4580152671755725,0.5166666666666667,0.3466666666666667,,27,-0.025721153846153845,104
676914,1713,R,0.002549328663164042,992,-0.0033346774193548367,0.2983340314394808,497,-0.002889336016096578,0.2579461009725685,203,0.029935960591132994,0.3476873487173101,88.91723329425557,-0.06864688560940353,0.4080560420315236,0.29756795422031473,0.20636663007683864,0.005341301460823373,753,0.00035937500000000157,960
677008,700,L,-0.015905714285714283,373,-0.020691689008042895,0.3416405168894797,186,-0.01545161290322581,0.22031930947657394,117,0.0016837606837606866,0.24626599610715447,89.721449704142,-0.06604207699216341,0.5542857142857143,0.3015463917525773,0.37464788732394366,-0.011466216216216213,592,-0.04024074074074074,108
677060,262,R,-0.026256704980842913,146,-0.02647260273972602,0.21000526086956522,82,-0.021695121951219514,0.22633837499999998,32,-0.030031250000000002,,89.11111111111111,0.02849371831359706,0.49236641221374045,0.32558139534883723,0.35526315789473684,-0.020743055555555556,145,-0.03304273504273504,117
677347,596,R,0.0015159663865546265,333,0.012294294294294293,0.3443699700669034,206,-0.005097087378640775,0.18153012560386478,47,-0.05878723404255317,0.11193333333333334,89.43430034129693,0.05583016029629183,0.4899328859060403,0.4520547945205479,0.3050847457627119,-0.003143418467583498,510,0.029093023255813956,86
677587,2956,L,-0.003658998646820027,1572,-0.0013912213740457995,0.3320423166774189,757,0.008030383091149274,0.28522184040774695,588,-0.026190476190476195,0.23024559581247167,89.34933196300103,-0.0010641466353843033,0.5064276048714479,0.23046092184368738,0.3177257525083612,-0.0033583899127061097,2062,-0.004352348993288591,894
677588,1576,L,-0.003130793650793651,773,0.004415265200517465,0.36019894525477475,482,-0.011294605809128637,0.23903134759358294,286,-0.004993006993006991,0.2800166944444445,89.40653298835706,0.021734529971232527,0.4727157360406091,0.28993288590604027,0.2938209331651955,-0.005032055749128921,1436,0.01635714285714286,140
677592,656,R,-0.009452743902439022,340,-0.01963235294117647,0.29156492371977244,223,-0.0099865470852018,0.2545513453947368,93,0.029043010752688173,0.25752484999999997,88.51204268292683,-0.054891688025913966,0.5259146341463414,0.40869565217391307,0.3057142857142857,-0.02375549450549451,364,0.008376712328767123,292
677594,4324,R,0.005480177238805971,2311,0.006063176114236262,0.35904587940328164,1435,0.001910801393728222,0.32677631848886857,534,0.013610486891385767,0.340668885353731,89.55613339552241,0.011227847374770264,0.5333024976873265,0.2844752818733738,0.36906854130052724,0.003385271807838179,3180,0.011377224199288258,1144
677595,879,L,-0.00968878718535469,402,-0.0019303482587064694,0.32287577535706524,327,-0.02593272171253823,0.21118484998175513,139,0.004805755395683453,0.2415243170731708,88.90057208237987,0.049008434428605724,0.5449374288964732,0.33611691022964507,0.4356223175965665,-0.004510355029585798,681,-0.027368686868686872,198
677649,2242,R,-0.005185714285714286,1195,-0.004324120603015075,0.3156077139502921,781,-0.0051382842509603045,0.2502733463414634,232,-0.00840086206896552,0.24563880305336475,88.94963996399639,-0.014662162311322334,0.528099910793934,0.2626689189189189,0.3764192139737991,-0.0029080079417604238,1513,-0.009906721536351163,729
677800,3407,L,0.003716691285081242,2029,0.0008713652045342541,0.3432123208804493,776,0.012978092783505158,0.3567967284262057,509,0.005416502946954816,0.31744328024092716,90.12360734718459,-0.0490034831445593,0.5007337833871441,0.2444314185228605,0.2986857825567503,0.0019344262295081975,2583,0.009264884568651276,824
677870,736,R,-0.012383673469387754,418,-0.007174641148325356,0.35995438768115945,204,-0.02629411764705882,0.21923505405405405,106,-0.017207547169811314,0.2736619193548387,89.52523874488404,0.00936646042771005,0.43342391304347827,0.23824451410658307,0.2506393861892583,-0.014731506849315068,366,-0.010067567567567567,370
677942,2020,R,0.0030273088381330693,1218,-0.0014605911330049241,0.3413372653976238,603,0.011741293532338307,0.32578408882642096,192,0.003942708333333335,0.29459771868715884,90.1531048186786,-0.0335140922459052,0.5158415841584159,0.2869481765834933,0.27906976744186046,0.004475655430711611,1336,0.00017967599410898512,684
677943,101,R,-0.021580000000000002,52,-0.029461538461538463,,41,-0.003390243902439025,,7,,,88.431,-0.09113637972795775,0.594059405940594,0.35,0.4166666666666667,-0.02152727272727273,55,,46
677950,2167,L,-0.008433518005540168,996,-0.0007038152610441777,0.3253547895608592,740,-0.02107162162162162,0.269498063232046,409,-0.003594132029339855,0.2467240801960801,88.925302889096,0.0232601852903409,0.5311490539916935,0.2849695916594266,0.35892514395393477,-0.007716657443276148,1808,-0.012041782729805014,359
677951,4153,R,0.009657177615571777,2313,0.003067012537829658,0.39476330557256606,1350,0.01681407407407407,0.3359436246898049,437,0.021892448512585812,0.38135198375093216,89.75430656934306,-0.030116409675233997,0.4938598603419215,0.24329595319356412,0.3174825174825175,0.009315145813734714,3206,0.010841476655808903,947
677956,358,R,-0.011581005586592178,136,-0.00036029411764705994,0.26836100866883383,165,-0.011527272727272723,0.1630118355481728,57,-0.03850877192982457,,86.95530726256983,0.021928489283306783,0.5614525139664804,0.47761194029850745,0.4174757281553398,0.00844976076555024,209,-0.039677852348993285,149
678009,1198,L,-0.01135421888053467,606,-0.008655115511551155,0.321799289519162,395,-0.014817721518987342,0.22703370714438204,193,-0.009922279792746114,0.22108032373386294,88.88863826232249,0.02468209109775481,0.44741235392320533,0.2667910447761194,0.24579124579124578,-0.009961116650049852,1004,-0.01855670103092783,194
678011,634,L,-0.008157977883096365,397,-0.004221662468513852,0.34052953116883117,135,-0.011488888888888887,0.30385682182017537,95,-0.014842105263157889,0.25601988,89.72464454976303,0.034754017277827585,0.444794952681388,0.2375886524822695,0.22784810126582278,-0.007861660079051383,507,-0.009338582677165351,127
678218,783,L,-0.0016163682864450113,444,-0.007333333333333329,0.3225503628318583,168,0.004535714285714286,0.28722635897435905,165,0.0036484848484848536,0.31636447222222214,89.62084398976982,-0.05342077978947833,0.5006385696040868,0.25255102040816324,0.29620253164556964,0.001095588235294118,544,-0.007815126050420165,239
678225,149,L,-0.02114765100671141,85,-0.025576470588235294,,26,-0.049384615384615374,,23,-0.058347826086956524,,90.0544776119403,0.080988522107797,0.4563758389261745,0.4117647058823529,0.3125,-0.014573643410852715,129,,20
678246,4140,R,0.003944996365398595,2527,0.0029956470122675105,0.3760490788934401,1240,0.004119354838709679,0.30190803944388195,338,0.008440828402366863,0.35501360376182967,89.97368677042803,-0.007126819565374124,0.4533816425120773,0.20298348428343102,0.21197252208047104,0.001978744939271255,2968,0.008956147893379193,1172
678391,1053,L,-0.005192197906755472,602,-0.0012890365448504964,0.30321106050078406,278,-0.0093705035971223,0.31548319718309864,164,-0.01524390243902439,0.25843610638297876,90.42635585156994,-0.01554938464446488,0.49477682811016144,0.19769673704414586,0.24814814814814815,-0.005592553191489358,942,-0.0018018018018017968,111
678489,966,L,-0.011357217030114226,576,-0.01883680555555555,0.20982839336917572,232,0.0070689655172413764,0.17539689795918367,153,-0.011176470588235293,0.2397851778584392,89.41973001038423,-0.07823287060922615,0.4492753623188406,0.2672811059907834,0.30120481927710846,-0.012496453900709218,565,-0.009746867167919797,401
678554,2431,R,0.002979432332373509,1396,6.876790830945501e-05,0.3650938935649279,732,0.012476775956284152,0.2760411026221468,283,-0.006791519434628977,0.3011209222380275,89.72646204894235,-0.013339045391976315,0.43809132044426163,0.18967136150234742,0.2587755102040816,0.007987152034261242,1401,-0.0038320388349514555,1030
678577,133,R,-0.018518796992481205,78,-0.027884615384615383,0.24636699999999997,36,-0.013416666666666672,,19,,,89.7563909774436,-0.036001929227784994,0.5112781954887218,0.39705882352941174,0.2903225806451613,,29,-0.025163461538461537,104
678662,2876,R,-0.009021224773834376,1601,-0.012590256089943784,0.3167784004025619,974,-0.008518480492813143,0.28057279673787827,280,0.004214285714285715,0.25390656565494985,89.52432150313152,-0.038023446209822225,0.6095271210013908,0.30233884768967484,0.4253098499673842,-0.010336385542168673,2077,-0.005605757196495618,799
678877,685,R,-0.01481140350877193,333,-0.010900900900900904,0.21805704094919745,215,-0.027227906976744185,0.13332455538461532,114,-0.008868421052631583,0.2541011904761905,88.557616892911,0.030297186959492618,0.6204379562043796,0.3458823529411765,0.4972677595628415,-0.018833876221498375,308,-0.01153580901856764,377
678882,3745,R,0.00012096128170894439,2017,-0.0074055528011898845,0.31419891345615325,1163,0.009849527085124678,0.29234895404686917,509,0.007080550098231829,0.24137647704581805,89.26388888888889,-0.025773863148067965,0.5703604806408544,0.2598314606741573,0.4165341812400636,-0.0011442487823154733,2669,0.0032592936802973978,1076
678894,401,R,-0.010572499999999999,198,-0.03139393939393939,0.23903268203269368,153,0.00886274509803922,0.27372081684981686,47,0.019170212765957453,,89.101,-0.0817136066918138,0.4389027431421446,0.35795454545454547,0.24870466321243523,-0.01780632411067194,253,0.0018775510204081679,148
679032,690,R,-0.014503628447024672,376,-0.019595744680851065,0.3154268902606309,219,-0.015461187214611873,0.21332667796610172,76,-0.0026052631578947364,0.21601152883411956,89.28979289940828,-0.060169938273680716,0.5173913043478261,0.25210084033613445,0.36795252225519287,-0.014728426395939086,395,-0.014203389830508473,295
679529,4607,R,0.0032208642514185946,2401,0.006657226155768429,0.3900005606862279,1542,-0.001212062256809338,0.236929152664959,612,-0.0008316993464052294,0.255505281759064,88.94458808063102,0.01598878039941613,0.4401996961146082,0.28500986193293887,0.2279475982532751,0.0009506398537477143,3285,0.008952307692307693,1322
679822,573,R,0.00904712041884817,320,0.007206250000000003,0.33080445725915875,171,0.01907017543859649,0.39358812244897956,77,-0.010480519480519479,0.2025625,88.66369982547994,-0.08550529261188207,0.44153577661431065,0.21739130434782608,0.27898550724637683,-0.013144531249999997,256,0.026968454258675077,317
679845,1570,R,-0.005305236270753512,870,-0.011978160919540232,0.30863660078129784,453,0.009629139072847683,0.29939762540597026,208,-0.00925,0.2589198235294118,89.17326030927835,-0.022922343686866367,0.4299363057324841,0.17333333333333334,0.24128686327077747,-0.007452433628318584,908,-0.002373111782477342,662
680474,1264,R,-0.002515822784810125,714,-0.001088235294117646,0.34408751042276037,370,-0.004105405405405407,0.2432345296100145,141,0.0001347517730496463,0.22348150000000003,89.42773722627737,-0.002607249257146441,0.43908227848101267,0.25765765765765763,0.19312602291325695,-0.002859543817527011,833,-0.0018515081206496521,431
680574,3761,R,-0.00626397019691325,2059,-0.004403593977659056,0.354005742086135,1364,-0.007967008797653958,0.2481455534854306,325,-0.013975384615384612,0.2012944607843138,89.48828852808091,0.006874102338755353,0.4280776389258176,0.2819875776397516,0.258030542390732,-0.009035451035451038,2850,0.0024224422442244236,911
680577,382,L,-0.03285078534031413,235,-0.048948936170212766,0.15770191717171717,86,0.000802325581395351,0.24083281249999997,46,-0.04530434782608696,,89.45967741935483,-0.06415171836035724,0.5235602094240838,0.235,0.2976190476190476,-0.030871972318339103,289,-0.03900000000000001,93
680700,1162,L,-0.003574870912220309,645,-0.00703875968992248,0.3173874070383056,308,-0.008389610389610388,0.29934868643578655,185,0.019097297297297294,0.3602232564102565,89.74610673665792,-0.02527769370142395,0.4483648881239243,0.21689059500959693,0.28892455858747995,-0.001659978880675817,947,-0.012009302325581395,215
680718,2436,L,0.0026650165016501655,1282,-0.0015663026521060828,0.32652562872652496,724,0.002519337016574587,0.30036927868207686,391,0.013792838874680309,0.4019843403606181,89.1146523178808,-0.025726854607633062,0.479064039408867,0.25535561268209084,0.3100581878636742,0.003206133735545499,2001,0.00019080459770115087,435
680728,1225,L,-0.007137959183673469,658,-0.004810030395136778,0.32204002632361356,367,-0.010702997275204356,0.1990426350581643,200,-0.008254999999999998,0.1973264081632653,89.76244897959184,-0.00967504325003989,0.4726530612244898,0.30915371329879104,0.29777070063694266,-0.001945921173235563,1091,-0.049410447761194035,134
680737,539,R,-0.004534322820037105,304,-0.011592105263157893,0.250623028631807,159,0.016610062893081756,0.23212990069704312,75,-0.025426666666666663,0.2153728181818182,88.96048237476808,-0.06803573133939084,0.5640074211502782,0.23684210526315788,0.3643724696356275,0.004158940397350994,302,-0.015611814345991565,237
680757,4439,L,-0.0016488929055580648,2788,-0.0017973457675753213,0.3232126124237521,1056,-0.0020037878787878783,0.2927283927789602,574,4.181184668989667e-05,0.2819992568231749,90.07382352941177,-0.007521135655597689,0.3962604190132913,0.08584422967595225,0.2200374531835206,0.0027294464461185726,3058,-0.011384559359067735,1381
680769,102,L,-0.03134313725490196,58,-0.05231034482758621,,33,0.021878787878787883,,11,,,88.91078431372547,-0.15983658675242343,0.5,0.39215686274509803,0.3137254901960784,-0.0358735632183908,87,,15
680776,4270,L,-0.0019643443584330287,2342,1.4090520922288797e-05,0.36786636696233566,1209,-0.011815550041356494,0.23324002064361254,664,0.006739457831325298,0.26644664854442607,89.53504374556631,-0.014404059572971263,0.477751756440281,0.3137254901960784,0.32065217391304346,0.0015965085638998701,3042,-0.010775061124694379,1228
680777,2695,R,0.006383184523809523,1522,0.00421944809461235,0.36033244358859295,845,0.009764497041420118,0.32246357048674174,314,0.008468152866242038,0.26332919828722007,89.2578869047619,-0.04405476280006397,0.388126159554731,0.20076481835564053,0.2437095614665708,0.00048555240793201156,1766,0.017660888407367282,929
680779,1869,R,-0.012069057815845826,1038,-0.007608863198458574,0.3181583388563385,605,-0.014031404958677685,0.2676233849562132,179,-0.02774860335195531,0.21115853658536582,89.45962902345882,-0.015455355025357987,0.5425361155698234,0.27317554240631164,0.332244008714597,-0.00890552834149755,1429,-0.022366742596810932,440
680837,224,L,0.006209821428571431,121,0.0063388429752066116,0.39213030032668295,69,-0.014782608695652174,,34,0.048352941176470585,,88.95535714285714,0.030956282263881283,0.45535714285714285,0.29411764705882354,0.3486238532110092,0.017452702702702706,148,-0.01568421052631579,76
680862,412,R,-0.013330900243309001,244,-0.016963114754098358,0.2595341947631484,122,-0.011450819672131145,0.24716227566260898,29,-0.025517241379310353,,89.54135338345864,-0.08525281299178254,0.5533980582524272,0.2719298245614035,0.31382978723404253,-0.02079622641509434,266,0.00021917808219178557,146
680869,1409,R,0.0006820440028388921,849,-0.004101295641931685,0.28940276089422,393,0.004165394402035623,0.21649354362149717,155,0.014509677419354834,0.2861323592017738,90.20035587188612,-0.04795632611021409,0.47835344215755854,0.3264094955489614,0.2503725782414307,0.002190429687500001,1024,-0.00332987012987013,385
680911,150,R,-0.0004200000000000011,83,-0.0009277108433734928,,47,-0.00321276595744681,,9,,,89.72158273381295,0.06331116442167371,0.44,0.25757575757575757,0.28,-0.008815533980582524,103,,47
680977,2454,L,0.004485468686041753,1460,0.005786986301369864,0.3545571973184798,693,-0.0028470418470418475,0.3211034431794441,289,0.016525951557093424,0.35727570658495844,89.53880474826033,-0.001839826520759544,0.43357783211083945,0.14943609022556392,0.2441077441077441,0.010903614457831326,1671,-0.0091213282247765,783
681082,4157,L,-0.0012448832169516006,2516,-0.00457591414944356,0.3297306476175519,1025,0.005042926829268295,0.29472489735195584,597,0.0023651591289782265,0.2898004324809813,90.2420178184445,-0.021551490641678953,0.4180899687274477,0.17548906789413118,0.2725024727992087,-0.0002297546012269939,3263,-0.004950727883538633,894
681146,658,R,-0.017423963133640554,332,-0.015993975903614458,0.28511358843382884,200,-0.021974999999999998,0.14175777419354837,74,-0.02893243243243243,0.13165773684210524,88.02597402597402,-0.03732313115455787,0.32978723404255317,0.2350230414746544,0.20344827586206896,-0.02441935483870968,342,-0.009729032258064516,316
681198,1599,L,0.011432770481550971,820,0.01083292682926829,0.36546628846153867,506,0.006067193675889327,0.2727184098360655,251,0.011115537848605578,0.2717602666666667,89.26271186440678,-0.024933443038362972,0.5003126954346466,0.2075,0.3083140877598152,0.01593213058419244,1164,-0.0006068965517241364,435
681297,2619,L,-0.004862662586074981,1207,0.0046685998342999155,0.38555452474512414,787,-0.012815756035578147,0.23247974796593426,577,-0.016277296360485267,0.2025380044260617,89.23156055900621,0.02717496017317116,0.4306987399770905,0.34397163120567376,0.2648854961832061,-0.004228061716489875,2079,-0.007299999999999998,540
681351,2727,R,-0.010763756419662507,1388,-0.00978314121037464,0.33371141235469026,1020,-0.011647058823529415,0.25054077108380723,282,-0.008585106382978722,0.250280369129122,89.16334072431633,-0.013587261592210827,0.5152181884855153,0.3124555160142349,0.3251231527093596,-0.012769122477709994,2132,-0.003581512605042017,595
681393,2208,R,-0.0016686310063463283,1159,0.0018800690250215706,0.35039503355054197,735,-5.306122448979732e-05,0.25216653469843514,302,-0.018602649006622514,0.18700222093023258,89.30889292196007,0.02591841458268392,0.5172101449275363,0.30560420315236425,0.29500891265597146,-0.0016167460857726326,1471,-0.0017720488466757107,737
681460,1290,L,-0.0017067494181536083,774,-0.0011498708010335913,0.3051753289122265,279,-0.0031146953405017897,0.24888219063538616,227,-0.0039251101321585895,0.35589422568128287,89.79534522885957,-0.017473073386857538,0.5302325581395348,0.2412280701754386,0.33436055469953774,0.00028011472275334625,1047,-0.010259259259259256,243
681481,3024,L,0.005895522388059701,1502,0.01005525965379494,0.3774170268157042,938,-0.0038720682302771843,0.26916369342927465,548,0.014102189781021898,0.2881702491800897,88.72898259705487,0.010005977804109526,0.5125661375661376,0.27483870967741936,0.3412749517063748,0.007209523809523808,2634,-0.0029487179487179523,390
681508,976,L,-0.009737704918032788,538,-0.007319702602230481,0.30269098065706906,257,-0.01085214007782101,0.2170148843537415,176,-0.022107954545454542,0.16753488372093026,89.25983522142121,0.021834124295046695,0.4077868852459016,0.18090452261306533,0.22129436325678498,-0.00446311475409836,732,-0.025561475409836065,244
681546,1270,L,-0.016740944881889767,634,-0.010785488958990536,0.32459918852711034,390,-0.008676923076923075,0.20136214506769828,245,-0.04697142857142857,0.12061666666666665,88.93960629921258,-0.03320829601201271,0.49606299212598426,0.40476190476190477,0.29012345679012347,-0.01994088176352705,998,-0.0050000000000000044,272
681584,148,R,-0.015074324324324323,70,-0.014557142857142859,,33,-0.036212121212121216,,26,-0.03988461538461539,,88.54418604651164,-0.02097003894093663,0.44594594594594594,0.42424242424242425,0.21875,-0.016607142857142855,56,-0.014141304347826086,92
681624,4404,R,0.0020656668938877527,2587,-0.004389640510243525,0.3305382039387592,1387,0.009481614996395098,0.29666199509868507,420,0.011871428571428573,0.31116480549455905,90.18686662122245,-0.04026448349062756,0.5099909173478656,0.21682991985752448,0.3305823016964695,0.0016565164433617547,3285,0.0032685765443151303,1119
681715,2089,R,0.007125239923224568,1121,0.004880463871543267,0.37161588819580016,665,0.010511278195488721,0.31241778248978114,295,0.004986440677966098,0.30021529582395595,89.33955832933269,-0.018518589394818027,0.4538056486357109,0.3407172995780591,0.22926374650512582,0.005985962014863748,1212,0.008705612829324172,877
681807,1374,R,-0.003323830409356723,729,-0.0007160493827160473,0.26510474518965504,433,-0.008062355658198614,0.16380089634986225,206,-0.0025922330097087414,0.24041277781490145,88.73669590643276,-0.037441230506106246,0.46943231441048033,0.31627906976744186,0.2992805755395683,0.0025862068965517237,382,-0.005572149344096872,992
681962,455,R,-0.034424175824175826,198,-0.03312121212121213,0.30204235557299847,155,-0.03226451612903226,0.15414043750000003,64,-0.039328125,0.08373684210526318,87.72999999999998,0.005608042016540497,0.4461538461538462,0.26108374384236455,0.2677595628415301,-0.032015209125475286,263,-0.03772395833333333,192
681987,607,R,-0.0017397034596375632,324,0.003663580246913579,0.3246298565026214,207,-0.01907729468599034,0.2548772242647059,76,0.02244736842105263,,88.54299835255352,0.029638885910135162,0.4728171334431631,0.25435540069686413,0.30128205128205127,0.001018726591760303,267,-0.0039058823529411753,340
682177,2827,L,-0.009842776203966005,1454,-0.008894085281980744,0.3546670078529244,811,-0.012958076448828607,0.21588673758099888,543,-0.005937384898710864,0.24902416155445195,89.32336182336182,0.013527828365370574,0.4708171206225681,0.3012772351615327,0.2889679715302491,-0.007818736383442266,2298,-0.01862381852551985,529
682183,109,L,-0.028889908256880734,60,-0.028999999999999995,,16,,,17,,,89.94086021505376,0.03618115547038056,0.5779816513761468,0.19047619047619047,0.3958333333333333,-0.034666666666666665,84,,25
682622,1886,R,0.000586956521739132,937,-0.006124866595517611,0.3100175419814489,722,0.0029016620498614966,0.2697251164415122,223,0.011704035874439463,0.270052168618267,89.15540827147402,-0.018302474943046213,0.514846235418876,0.2698249227600412,0.3487179487179487,0.006944315545243617,1293,-0.01327487352445194,593
682626,2148,R,0.005492314857941314,1127,0.005002661934338953,0.3683266775574753,828,-0.0035434782608695634,0.2523929463105962,188,0.04612234042553192,0.40736665867595817,89.44340940847694,-0.01708642501290089,0.46415270018621974,0.3319959879638917,0.3003472222222222,0.0036200000000000004,1601,0.010968921389396712,547
682634,196,R,-0.009413265306122444,79,-0.039164556962025324,,81,-0.00393827160493827,,17,,,87.99668508287293,-0.21285967790651097,0.4489795918367347,0.3977272727272727,0.3333333333333333,-0.009892857142857139,112,-0.008773809523809524,84
682641,866,R,-0.006648554913294797,453,-0.002549668874172186,0.278499690315331,262,-0.0020572519083969436,0.25276195533373663,118,-0.012364406779661021,0.2307872629027521,88.99295942720764,-0.002960830001495147,0.5184757505773672,0.20935412026726058,0.3895216400911162,-0.0009688796680497933,483,-0.013796344647519583,383
682653,539,R,-0.0013296089385474836,286,-0.009279720279720282,0.2972906514316374,172,0.01961627906976745,0.2776113247863248,73,-0.021534246575342468,0.18804321739130436,89.6105461393597,-0.03485714754824934,0.549165120593692,0.20608108108108109,0.3920863309352518,0.0011863636363636369,442,-0.012742268041237115,97
682657,2811,L,-0.00695548433048433,1493,-0.011160080375083726,0.2938246167880188,753,0.001386454183266934,0.24442899951003091,538,-0.007938661710037176,0.25185947151702776,89.08307030129124,-0.001081733415650211,0.5428673070081821,0.20707732634338138,0.4111888111888112,-0.01242345276872964,1844,0.0034710144927536215,967
682663,2683,R,-0.0030007490636704114,1410,-0.00825886524822695,0.33648117295842134,900,-0.0016211111111111127,0.2999039114809473,351,0.013282051282051281,0.32185612118304513,89.22797752808988,-0.02635337674340947,0.4934774506149832,0.2681268882175227,0.3076923076923077,-0.0036903991370010776,1855,-0.0014338235294117662,828
682668,1372,R,-0.01600145878920496,740,-0.024374324324324324,0.3156291977825331,445,-0.002898876404494385,0.23337229203539828,151,-0.01996688741721854,0.1999333333333333,88.99694485842026,-0.05770837448336786,0.49271137026239065,0.22928994082840237,0.32016925246826516,-0.017998816568047336,846,-0.012792775665399242,526
682674,274,R,0.017405109489051097,131,0.003778625954198481,0.2548484848484849,94,0.01624468085106383,0.28395,44,0.06027272727272726,,88.27925925925925,0.027348534792356414,0.5364963503649635,0.2857142857142857,0.38571428571428573,0.01941353383458647,133,0.015510638297872349,141
682729,558,L,-0.00974372759856631,330,-0.019927272727272727,0.2873718406084656,133,0.023067669172932334,0.3034060043290044,87,-0.021770114942528736,0.19417094017094014,89.53207885304658,-0.09963145966280165,0.46236559139784944,0.2751937984496124,0.2887323943661972,-0.007851010101010102,396,-0.01437037037037037,162
682818,623,L,-0.002234349919743178,346,-0.0011849710982658964,0.37810686419753076,163,-0.020558282208588956,0.23131707317073166,114,0.020780701754385966,0.2649582631578948,89.93964686998395,0.01753480875702792,0.5136436597110754,0.25625,0.3449367088607595,0.0046269230769230745,520,-0.036873786407767,103
682829,4317,L,0.004702595277063362,2036,0.01050343811394892,0.37378341834156076,1279,-0.0057271305707584045,0.2715429157594852,954,0.0041928721174004195,0.3239695146828159,88.81506432748537,0.003284317120456153,0.4366458188556868,0.30450928381962866,0.27586206896551724,0.005369127516778525,3013,0.0031711642251349282,1304
682848,722,L,0.0007597222222222219,396,0.002815656565656566,0.36949114901593233,210,-0.004180952380952382,0.2895058545454546,114,0.0027192982456140332,0.25909656000000003,89.31791666666666,0.00585695195422824,0.4404432132963989,0.2578616352201258,0.24929971988795518,0.008360139860139861,574,-0.02861486486486486,148
682868,127,R,0.005385826771653535,64,0.012328125000000004,,46,-0.013260869565217381,,17,,,89.40236220472444,0.014695630486315654,0.5039370078740157,0.28125,0.2833333333333333,0.0026262626262626276,99,,28
682877,273,L,-0.013278388278388276,143,-0.010356643356643358,0.3512290714285714,75,-0.0028133333333333283,,55,-0.03514545454545455,,88.92710622710622,-0.042321859436562595,0.5018315018315018,0.30656934306569344,0.352112676056338,-0.023134831460674153,178,0.005189473684210523,95
682927,345,L,-0.013527536231884057,207,-0.013632850241545895,0.31039019667540013,82,0.0015365853658536625,0.29439457894736837,56,-0.035196428571428566,0.24490606249999997,89.64173913043477,0.056317028976258614,0.4492753623188406,0.17419354838709677,0.27439024390243905,-0.011435374149659863,294,-0.02558823529411764,51
682928,4011,L,0.005080790395197599,2023,0.009080079090459717,0.36737917595012193,1394,-0.0021276901004304138,0.256455524411817,504,0.01125595238095238,0.32757700146185526,89.00338508526342,0.0030935749851380735,0.5038643729743206,0.2558139534883721,0.3373737373737374,0.010396723646723647,2821,-0.007463025210084034,1190
682985,4677,L,0.006725010725010724,2615,0.003623326959847037,0.35962580285559215,1155,0.016806926406926406,0.3556245727394935,873,0.002399770904925545,0.28156622800493686,89.37734794756071,-0.018626968234375513,0.5001069061364122,0.30739632321504917,0.2868678283042924,0.009538222498446238,3233,0.00045567867036011166,1444
682987,408,L,0.0033946078431372566,225,0.005440000000000001,0.308448725,114,-0.01319298245614035,0.21673841379310346,48,0.023125000000000007,,90.70925449871464,-0.05049886347501808,0.5269607843137255,0.413953488372093,0.3542600896860987,0.004644699140401148,349,-0.003999999999999998,59
682988,492,R,-0.01183739837398374,243,-0.019448559670781893,0.28639924872448985,191,0.006811518324607327,0.24765288735378094,58,-0.04136206896551724,0.1651351176470588,88.85670731707317,-0.06913704814932498,0.483739837398374,0.31512605042016806,0.3296296296296296,-0.013023952095808386,334,-0.009329113924050631,158
682997,436,L,-0.0020619266055045883,229,0.00415283842794759,0.28071637254901965,138,0.0017028985507246367,0.2884107666666667,64,-0.040125,0.2117647058823529,89.5231651376147,-0.012584778947653506,0.5389908256880734,0.30638297872340425,0.31336405529953915,-0.0038969849246231103,398,,38
682998,4231,L,0.008711808030411026,2295,0.010144662309368191,0.3644634632219423,1304,0.007670245398773008,0.36316093543292766,593,0.006323777403035415,0.3428807904906984,89.68905318387787,-0.004470467929755907,0.47719215315528246,0.26547795938583457,0.3119891008174387,0.008180702917771883,3034,0.010054484492875103,1197
683002,4359,L,0.0026780442804428045,2311,-0.0007693639117265263,0.35038573650377625,1286,0.005080870917573872,0.28610130185045485,731,0.007622435020519837,0.317328838961244,89.27041310870067,-0.016375429891882183,0.4774030740995641,0.24411340701585776,0.29508196721311475,0.007558912386706948,3002,-0.008036845983787766,1357
683011,3244,R,-0.005262719703977799,1838,-0.00027312295973884595,0.3426507085362928,1021,-0.013079333986287953,0.2601233384210793,361,-0.013781163434903047,0.1770508510638298,89.45451732673267,0.008334661853544909,0.4565351418002466,0.2579338284942606,0.2450288646568313,-0.007411415525114156,2191,-0.0007939221272554609,1053
683021,186,R,0.0013333333333333346,110,0.008545454545454545,0.3518994,47,-0.028319148936170206,,21,0.00542857142857143,,89.71666666666667,-0.044171556177904456,0.3763440860215054,0.1,0.24468085106382978,-0.003137404580152672,131,0.011981818181818182,55
683083,1815,L,-0.0049420849420849415,1088,-0.0029724264705882353,0.3227641365977116,420,-0.004792857142857143,0.21636286767676774,303,-0.013603960396039604,0.21431478409090907,89.90700496414782,0.010268032655317281,0.45895316804407715,0.234093637454982,0.24392935982339956,-0.008366208569118835,1239,0.0024114583333333358,576
683090,288,R,-0.0023645833333333336,168,-0.007410714285714286,0.22099261491703126,99,-0.004484848484848483,0.2633322037124352,19,,,88.5795138888889,-0.023284472593603434,0.5173611111111112,0.3624161073825503,0.40522875816993464,-0.009509009009009008,222,0.02166666666666667,66
683146,3254,L,0.0018245614035087732,1713,0.002664915353181553,0.3599047248889518,938,5.223880597014871e-05,0.27578053208399617,553,-0.003329113924050636,0.26159363118633217,89.55856164383563,-0.011346363384249443,0.47172710510141364,0.2775244299674267,0.2656546489563567,0.004307101727447218,2609,-0.008217391304347822,645
683227,583,R,-0.011733676975945016,331,-0.02391842900302115,0.1980172113118363,182,0.006560439560439559,0.304581,65,-0.006953846153846156,0.3223762165898618,88.89999999999999,-0.08939305900489379,0.444253859348199,0.15057915057915058,0.3356164383561644,-0.008934065934065932,365,-0.016408256880733947,218
683357,1165,L,0.00035652920962199507,587,0.001971039182282793,0.34894610963455136,357,-0.011854341736694677,0.24107738636363638,213,0.014352112676056338,0.2804861565656566,88.853264604811,0.015003850591199176,0.47296137339055794,0.3720508166969147,0.30462519936204147,0.002000000000000001,989,-0.00886931818181818,176
683679,179,R,0.010960893854748598,96,0.0034687500000000044,0.3507963599999999,54,-0.03103703703703704,0.18654418749999999,19,,,89.69941860465116,-0.02631576197369514,0.5139664804469274,0.1956521739130435,0.3176470588235294,0.017248062015503877,129,-0.005259999999999996,50
683734,2631,R,0.0032571319893495636,1398,0.0026959942775393415,0.36563540968040725,914,0.0009945295404814012,0.3075543530755172,298,0.011711409395973158,0.3462924720309812,89.11094527363184,-0.010656375153223888,0.4465982516153554,0.20680851063829786,0.2677106636838181,-0.006328018223234623,1757,0.022537227949599083,874
683737,4297,L,0.011304530593180758,2234,0.008611459265890778,0.3960647618943569,1383,0.013339840925524224,0.31931154297204517,617,0.0106904376012966,0.33125854673676836,89.40246768507637,-0.03563928260298371,0.4468233651384687,0.2515625,0.23543123543123542,0.013398139813981398,3348,0.003951527924130663,949
683748,559,L,0.0007871198568872995,344,-0.011555232558139537,0.25914440789473686,138,0.021956521739130434,0.34230089692861415,74,0.023378378378378358,0.4824615384615384,90.30143112701252,-0.015106673141680418,0.5241502683363148,0.23208191126279865,0.31208053691275167,-0.00208855291576674,463,0.014656249999999997,96
683766,773,R,-0.006384217335058213,453,-0.004927152317880796,0.3205534099019073,244,-0.012778688524590165,0.27304583222639933,64,0.0010312499999999974,0.2208993529411765,89.62679738562092,-0.006218332449521219,0.5588615782664942,0.30324074074074076,0.36416184971098264,-0.004822827938671208,587,-0.011311827956989248,186
683770,277,L,-0.0344043321299639,165,-0.031012121212121217,0.2053315120967742,67,-0.029985074626865678,0.19038622727272728,45,-0.05342222222222223,,90.14404332129965,0.0014402012486836768,0.5379061371841155,0.348993288590604,0.39436619718309857,-0.03404115226337449,243,,34
683953,1267,L,0.0030261697065820784,692,0.007670520231213875,0.3406245114942528,386,2.8497409326422883e-05,0.23337484146341464,180,-0.005405555555555553,0.2139837222222222,89.72909379968203,0.022940009294915426,0.4388318863456985,0.26798561151079137,0.25987841945288753,0.007751552795031056,808,-0.005315789473684209,459
685133,536,L,0.003111940298507464,259,0.007254826254826253,0.3636726419753087,159,-0.013465408805031446,0.25546255172413795,118,0.01635593220338983,0.27481249999999996,89.3891791044776,0.04840590821672095,0.44776119402985076,0.25,0.26573426573426573,0.007518438177874188,461,-0.023973333333333333,75
685301,186,R,-0.014215053763440856,70,-0.02675714285714286,0.25813125000000003,80,0.004124999999999996,0.2857525433604337,36,-0.030583333333333327,,86.45376344086023,-0.034597900720293846,0.5,0.40860215053763443,0.4387755102040816,-0.004727272727272729,88,-0.02273469387755102,98
686217,3721,L,0.00037258064516129035,2261,-0.005102167182662537,0.3015116875682897,1005,0.007645771144278606,0.26477461345852893,430,0.016132558139534885,0.2995194474806941,89.82083557951483,-0.02258380872799645,0.4375167965600645,0.12285012285012285,0.2589887640449438,0.0029433756805807643,2756,-0.006966839378238339,965
686452,842,L,-0.007162097735399285,490,-0.00023721881390593172,0.3214536034164358,216,-0.026111111111111106,0.2098724,135,-0.002165413533834585,0.2255664666666667,89.8517282479142,0.042350877720510015,0.4524940617577197,0.2283464566929134,0.2647754137115839,-0.0069506531204644425,692,-0.008133333333333333,150
686469,3896,L,0.0017844048541182547,2060,3.398058252427285e-05,0.3355660394890345,1110,0.0022405405405405416,0.33190677324395995,694,0.007811239193083576,0.29631909458003663,89.69549805950842,-0.012670001971143806,0.4697125256673511,0.17540983606557378,0.3041940373926225,0.008004146510020734,2917,-0.016601634320735446,979
686475,471,R,0.008626326963906581,258,0.008248062015503876,0.3603109023066486,139,0.0028705035971223008,0.20257950000000002,56,0.015357142857142857,,88.0915948275862,-0.02054778147587486,0.5605095541401274,0.26515151515151514,0.3217391304347826,0.013895238095238094,210,0.004386973180076632,261
686527,2199,L,0.006628922237380628,1019,0.010482826300294406,0.4140559149419828,671,0.015247391952309987,0.32556814437303155,501,-0.012435129740518963,0.2700795056497175,88.70454752160072,-0.017684025929356643,0.49704411095952705,0.2708142726440988,0.3525913338997451,0.006835570469798657,1788,0.005729927007299268,411
686554,244,L,-0.015012295081967211,114,-0.04742982456140351,0.2241068,67,0.02076119402985075,,35,-0.033028571428571435,,88.47222222222223,-0.07356112708993663,0.45491803278688525,0.3153153153153153,0.19801980198019803,-0.012131313131313132,198,,46
686555,3175,L,0.003036558462023322,1976,-0.0004159919028340071,0.3294385911647431,667,0.020448275862068963,0.3364293478306485,509,-0.007363457760314341,0.2267487833514606,90.30839936608558,-0.0350803591445416,0.417007874015748,0.2243202416918429,0.19307589880159787,0.006905277401894455,2218,-0.005935146443514646,957
686611,1975,R,-0.0067527862208713275,1057,-0.007598864711447493,0.3219671466377269,618,-0.00569902912621359,0.30795736424966547,242,-0.006359504132231406,0.2748185058548009,89.7281168492436,-0.007862321794097486,0.49721518987341773,0.31568228105906315,0.3120494335736354,-0.008333567909922587,1422,-0.0026907775768535255,553
686668,2544,R,-0.006894136166863438,1424,-0.008914325842696627,0.30415660940234546,868,-0.004616359447004609,0.26840310108553866,243,-0.006728395061728395,0.2871121537530267,89.44864226682408,-0.02640048389886945,0.5086477987421384,0.29675425038639874,0.30970724191063176,-0.013165845648604268,1830,0.00915406162464986,714
686676,228,R,-0.0034736842105263168,121,-0.021057851239669426,0.19669033333333333,69,-0.006130434782608694,,33,0.057272727272727274,,88.18377192982457,-0.059776132624744155,0.49122807017543857,0.29464285714285715,0.2920353982300885,-0.0022992700729927017,137,-0.005241758241758244,91
686681,2022,L,-0.006745796241345205,1107,-0.01271996386630533,0.30864800455926295,542,0.003642066420664207,0.27916828646262276,353,-0.012892351274787536,0.2319300624474349,89.39577534791252,-0.03786670679018479,0.5257171117705243,0.19190968955785512,0.37745098039215685,-0.0051085506367495445,1649,-0.013983914209115279,373
686765,652,L,-0.004540706605222736,298,0.0012986577181208062,0.36723874858690764,172,-0.020162790697674418,0.1786561380434783,132,-0.004287878787878786,0.28853333333333336,88.23322368421053,-0.03211526529860286,0.40797546012269936,0.19924812030075187,0.24193548387096775,-0.0056107382550335564,448,-0.0021960784313725477,204
686780,2215,R,-0.010238461538461538,1232,-0.010635551948051946,0.31063107494234776,714,-0.01015406162464986,0.21072463284407436,253,-0.010940711462450589,0.19908357230958995,89.29433106575964,-0.005425667229923214,0.5133182844243792,0.27352682497801234,0.36578707916287534,-0.007823890784982935,1466,-0.014986577181208053,749
686797,3544,L,-0.002566469093988145,1635,0.007541896024464831,0.3394419033309238,1119,-0.012581769436997318,0.21973936913617118,781,-0.008884763124199745,0.2254880336088858,88.41484617555743,0.03111729653926937,0.5076185101580135,0.2245692051139522,0.3253012048192771,-0.0022011661807580163,2402,-0.0033345008756567422,1142
686823,207,L,-0.032315533980582525,110,-0.040609090909090886,0.2409243,52,-0.03609615384615385,,27,0.012629629629629631,,89.15132275132274,-0.03955857596306195,0.5603864734299517,0.12931034482758622,0.3894736842105263,-0.04473255813953488,173,,34
686894,657,R,0.009751914241960183,339,0.01478466076696165,0.3201085371193417,234,-0.013136752136752137,0.20815564771856493,80,0.055374999999999994,0.4890226866537717,89.3854517611026,-0.021141872495047693,0.4764079147640791,0.3194888178913738,0.29080118694362017,0.001353448275862066,348,0.019334426229508195,309
686948,3157,L,0.011442648922686946,1739,0.014488786658999425,0.407717196424661,900,0.014414444444444443,0.35373191719300273,468,-0.00592948717948718,0.2635305469555697,89.79136990696182,0.0029445801958770485,0.49540703199239783,0.21483375959079284,0.30793060718711274,0.0108438855160451,2307,0.01306705882352941,850
687093,860,R,0.002234883720930232,501,-0.010109780439121755,0.35528414912280704,258,0.028546511627906977,0.33598830263157903,101,-0.003742574257425738,0.3042645806451613,89.75953488372093,-0.04792061907754497,0.4790697674418605,0.19902912621359223,0.27228915662650605,0.004434262948207175,502,-0.0008491620111731832,358
687221,1502,L,-0.0010346666666666646,788,-0.0036700507614213203,0.3456420871755998,457,0.010369803063457333,0.31860060281744,247,-0.01688663967611336,0.21169727832167834,89.33839999999998,-0.022660700601104304,0.4673768308921438,0.3333333333333333,0.2529960053262317,0.0013581560283687935,1129,-0.008290322580645158,373
687231,1276,R,-0.006904313725490197,706,-0.012022662889518414,0.32006508461862676,400,0.0062050000000000004,0.28343335342752485,162,-0.017623456790123455,0.19843228301886792,89.5256671899529,-0.026208388621980536,0.5062695924764891,0.20743034055727555,0.33384146341463417,-0.01373758865248227,847,0.006571095571095569,429
687263,4013,R,0.005182069311903567,1979,0.00928145528044467,0.39589332962031887,1448,0.0007914364640883983,0.2507508094090977,545,6.0550458715596996e-05,0.2609982832901774,89.11098541980896,0.003491573492238808,0.4914029404435584,0.3088235294117647,0.3294930875576037,0.005271278291361175,3148,0.0048508875739644965,865
687282,301,L,-0.0203953488372093,155,-0.025451612903225805,0.23623444736842103,93,-0.015365591397849461,0.18664705882352942,53,-0.01443396226415095,0.17983333333333335,90.20498338870432,-0.0640035710124504,0.584717607973422,0.30113636363636365,0.47058823529411764,-0.019494661921708182,281,,20
687363,2460,L,-0.007706910569105692,1370,-0.007660583941605839,0.3174127567107569,764,-0.008482984293193717,0.25034876142131973,322,-0.009909937888198756,0.20900486028985513,89.47479674796747,-0.029313031316258575,0.483739837398374,0.26218487394957984,0.24103419516263552,-0.00937170129140932,1781,-0.00334020618556701,679
687401,3078,R,-0.008431315104166668,1762,-0.008532349602724178,0.30900286287000756,983,-0.014713123092573754,0.259414035651659,257,-0.002723735408560311,0.20118803469387755,89.73475811795892,-0.00047287546691199056,0.4551656920077973,0.17273376159885795,0.3164200140944327,-0.010282446311858076,2146,-0.00416774193548387,932
687462,2956,L,0.007550440081245769,1716,0.004716200466200467,0.35573063346555794,815,0.0018355828220858912,0.27064259406719793,414,0.028057971014492752,0.3411861702163341,89.94146919431279,-0.025620244506621606,0.4404600811907984,0.16820276497695852,0.2394843962008141,0.009859143657462986,2500,-0.005129670329670327,456
687478,191,R,-0.027858638743455497,114,-0.044780701754385976,0.2034345191040843,47,0.0028510638297872294,,20,-0.012399999999999996,,89.90497237569062,-0.114104665209961,0.49214659685863876,0.43617021276595747,0.25287356321839083,-0.03350819672131147,122,-0.017869565217391303,69
687515,936,R,-0.005162566844919787,503,-0.0026799204771371776,0.31238771526932146,262,-0.008366412213740456,0.2247014246575343,153,-0.017333333333333333,0.20945026190476193,89.24071661237785,-0.024477892309731217,0.5854700854700855,0.35036496350364965,0.4152542372881356,-0.027050314465408808,318,0.006118314424635336,618
687529,182,L,-0.026203296703296703,90,-0.036777777777777784,0.21832317647058821,46,-0.006543478260869559,,17,,,90.6607843137255,-0.0990780487164127,0.510989010989011,0.3118279569892473,0.2876712328767123,-0.02643421052631579,152,,30
687551,1343,L,-0.006902548725637183,707,-0.0060311173974540305,0.3364511029302701,414,-0.006417874396135266,0.22695286228956227,206,-0.013155339805825238,0.2131234655605832,89.34212893553223,-0.009068844097694899,0.4251675353685778,0.2276707530647986,0.23889739663093415,-0.0005106761565836289,1133,-0.041114285714285714,210
687597,2871,R,0.000231520223152025,1514,0.0047813738441215324,0.3371035162425454,1057,-0.007163670766319772,0.24113277546466477,279,0.008881720430107529,0.2881579258049547,89.45986680686997,0.011974549789271396,0.48171368861024033,0.3123644251626898,0.2926490984743412,-0.0034636494944631684,2080,0.00993426042983565,791
687637,1302,L,0.0038816295157571117,714,0.005207282913165267,0.3721560057576304,374,-0.010831550802139036,0.23575453333333332,203,0.028349753694581276,0.28744098259187617,89.43451463790447,0.023582316363350755,0.402457757296467,0.2385496183206107,0.20808383233532934,0.008161048689138577,1069,-0.015733905579399143,233
687749,219,R,-0.0281689497716895,127,-0.025141732283464568,0.2644433571428571,52,-0.037,,35,-0.04065714285714286,,88.93333333333332,-0.07455460946097942,0.4931506849315068,0.3333333333333333,0.45,-0.019830508474576278,118,-0.03791089108910892,101
687859,1673,L,0.00750956937799043,930,-0.008813978494623655,0.3434839563978692,443,0.02813995485327314,0.289330731903478,285,0.019284210526315793,0.33147756738830786,89.44025119617226,-0.08730413542357329,0.5134488942020323,0.25378346915017463,0.3517877739331027,0.013335988414192616,1382,-0.020140893470790375,291
687952,551,R,-0.010535390199637023,331,-0.015951661631419943,0.2843101855190264,170,0.005305882352941178,0.2838704256963226,46,-0.051739130434782614,,89.93248638838476,-0.0342797436133347,0.5553539019963702,0.24183006535947713,0.45918367346938777,0.0002660332541567672,421,-0.045515384615384624,130
687957,411,L,-0.011485365853658537,205,-0.01618536585365854,0.3302117500000001,128,-0.0021718749999999967,0.2907436728110599,70,-0.005999999999999996,0.1912777777777778,88.47493857493858,-0.03323148294999478,0.4744525547445255,0.20512820512820512,0.33649289099526064,-0.008811965811965812,352,-0.027389830508474575,59
688363,1130,L,-0.009216814159292035,625,-0.0108768,0.29818509627021367,276,-0.004054347826086954,0.23470175173611105,227,-0.012929515418502202,0.1978089652777778,89.13699115044247,-0.025177301207486874,0.4575221238938053,0.2495164410058027,0.2665505226480836,-0.009059244126659857,979,-0.010238410596026494,151
688760,306,R,0.000669934640522876,150,0.02608666666666667,0.48342388962145333,125,-0.017191999999999995,0.18688438461538465,23,-0.08695652173913046,,89.60872483221478,0.03918511861829673,0.4477124183006536,0.3357664233576642,0.273972602739726,0.0006599190283400856,247,0.0007118644067796627,59
689172,389,L,0.002431876606683804,232,-0.0076551724137931005,0.29821722507639414,97,0.02517525773195876,0.3030930046296296,47,-0.031127659574468086,,90.2377659574468,-0.09072325324639575,0.4987146529562982,0.22164948453608246,0.31891891891891894,-0.0009186746987951818,332,0.02194736842105263,57
689200,344,L,-0.023017441860465115,176,-0.020636363636363633,0.23438654256854255,83,-0.048409638554216865,0.2025735555555556,85,-0.003152941176470592,0.3093320497737557,89.67790697674418,0.02135583583417843,0.4622093023255814,0.34591194968553457,0.2822085889570552,-0.02048698884758364,269,-0.03209333333333333,75
689414,2909,L,0.003602961432506888,1575,0.0025765079365079363,0.3351690421956804,826,0.008253026634382564,0.30200786170634897,469,-0.0018656716417910447,0.24086141865079363,89.15693531649949,0.0036895344296894355,0.3925747679614988,0.12697022767075306,0.21905424200278165,0.007336016949152544,2365,-0.01259191176470588,544
690022,891,R,-0.00558249158249158,486,-0.0050205761316872415,0.27717408518107906,352,-0.009593750000000002,0.20283724096385547,49,0.010918367346938776,,89.56071829405164,-0.014787844877973329,0.5353535353535354,0.3438155136268344,0.330188679245283,-0.005638848920863309,695,-0.005382653061224489,196
690291,308,L,-0.018262987012987012,178,-0.021196629213483142,0.3330955470085471,79,-0.020860759493670892,,51,-0.003999999999999997,,88.98311688311689,-0.05942408114666661,0.461038961038961,0.20422535211267606,0.24324324324324326,-0.01655972696245734,293,,15
690924,768,R,-0.01107561929595828,417,0.003458033573141488,0.306860158257192,246,-0.0367560975609756,0.1619528963350405,77,-0.023454545454545454,,88.61962864721487,0.009323936714838625,0.4622395833333333,0.3211267605633803,0.27525252525252525,-0.018246719160104986,382,-0.003997409326424869,386
690976,1410,L,-0.006614620298083745,763,-0.00547575360419397,0.297205891117489,366,-0.0038661202185792344,0.27763625155025157,274,-0.011689781021897805,0.20762070000000005,89.58843151171044,0.024107988281940572,0.4,0.2978723404255319,0.2140845070422535,-0.005667231160033871,1182,-0.011521929824561399,228
690984,311,L,-0.0249935691318328,176,-0.015482954545454543,0.2999123902439024,106,-0.025726415094339622,0.16387999999999997,29,-0.0800344827586207,,89.92057877813505,0.01529752182368596,0.5594855305466238,0.28735632183908044,0.4107142857142857,-0.02075,236,-0.03834666666666667,75
690987,786,L,-0.015306615776081426,398,-0.009768844221105527,0.3085221300660647,253,-0.02882608695652174,0.21553017406640593,131,-0.004282442748091603,0.2556185200501253,88.89168797953964,0.052991017575648704,0.5076335877862596,0.2907268170426065,0.2772020725388601,-0.015239567233384852,647,-0.015618705035971221,139
690993,3077,L,-0.0017811787691305765,1605,-0.002565732087227415,0.37577520850137397,788,0.004376903553299493,0.3286126422939603,660,-0.006030303030303031,0.24006930826070466,89.04666448659255,-0.013443358172322032,0.4419889502762431,0.22426470588235295,0.2456839309428951,6.664290805417069e-05,2812,-0.021347169811320756,265
691011,470,L,-0.017889361702127658,206,-0.0007864077669902865,0.3259263968253968,141,-0.02530496453900709,0.14656303703703705,123,-0.038032520325203246,0.1639546857142857,88.58574468085106,0.02224933848257753,0.502127659574468,0.3177966101694915,0.3549618320610687,-0.021400000000000002,355,-0.00705217391304348,115
691016,3675,L,0.008355792933442893,1808,0.0028816371681415934,0.35996227967636274,1119,0.016941018766756032,0.32999198032628896,705,0.010680851063829787,0.3122208441689042,89.01777166437414,-0.020108882906307884,0.47401360544217686,0.23938002296211253,0.27696476964769645,0.011624681470695303,2771,-0.0015774336283185862,904
691019,1525,L,0.004710819672131148,811,0.009811344019728729,0.39604967426077714,478,-0.0017615062761506257,0.24601092628365703,236,0.00029237288135593387,0.26498777995150635,89.13062295081966,0.004781797104552194,0.4524590163934426,0.30289855072463767,0.2579415501905972,0.007643089430894308,1230,-0.007515254237288134,295
691023,3113,R,0.0015755233494363944,1613,-9.857408555486439e-05,0.3533964339479093,1128,-0.00048404255319148726,0.28741456031081253,364,0.015376373626373625,0.3009553229916897,89.22193236714975,-0.036822857770915395,0.5059428204304529,0.3295238095238095,0.34354354354354355,-0.0017806255430060818,2304,0.011196762141967626,809
691026,3826,R,-0.0035355648535564848,2167,-0.005918320258421783,0.3178156960663282,1244,-0.004504823151125401,0.25811874567576787,410,0.012607317073170737,0.27834801191200753,89.51019874476988,-0.019178718665251723,0.4424986931521171,0.2073242764323686,0.25517993456924754,-0.004290922901633117,2634,-0.0018656591099916017,1192
691176,2370,L,0.0013446088794926,1249,-0.004556445156124899,0.3194571906120109,634,0.009921135646687696,0.2981249306266615,471,0.00707643312101911,0.27485493947206424,89.49125636672326,-0.047131625058200254,0.510548523206751,0.2628099173553719,0.3259668508287293,0.0030720984759671733,1711,-0.0031274658573596363,659
691182,475,L,-0.01565263157894737,260,-0.01037692307692308,0.29681928390806617,109,-0.01406422018348624,0.24045933333333336,85,-0.04590588235294118,0.21238066666666663,89.97516483516483,0.06349882679913739,0.4694736842105263,0.20179372197309417,0.27232142857142855,-0.009532994923857866,394,-0.045419753086419754,81
691185,249,R,0.00032530120481927917,134,0.0012238805970149265,0.4210202358687064,91,-0.007373626373626371,0.23621519806763286,24,0.024499999999999994,,89.60963855421686,0.02150963558380486,0.3815261044176707,0.29473684210526313,0.25,0.008528662420382168,157,-0.01367391304347826,92
691373,203,R,-0.0243743842364532,108,0.006370370370370371,0.4121824347826087,76,-0.0515921052631579,0.15805555555555553,19,,,88.5704433497537,0.14354086183890014,0.5517241379310345,0.375,0.4188034188034188,-0.025743362831858404,113,-0.022655555555555557,90
691406,4282,R,0.0117140507518797,2123,0.015744700894959964,0.3862774041864753,1481,0.010640108035111413,0.32789947576433537,596,0.0005755033557046965,0.3212508424103844,88.9334991708126,-0.0008261735164073107,0.47197571228397944,0.24047501237011382,0.3082039911308204,0.010509797409498508,3028,0.014626506024096386,1254
691458,315,R,-0.0075650793650793675,175,-0.01814285714285714,0.2750081176470588,109,0.01061467889908257,0.31964257692307696,31,-0.011774193548387097,,89.69238095238096,-0.028810891066912224,0.5301587301587302,0.19760479041916168,0.35365853658536583,-0.009440366972477063,218,-0.003350515463917526,97
691594,2150,R,-0.0007983232417326506,1220,-0.003303278688524589,0.3083747402386279,677,0.0027488921713441647,0.2512225602020523,226,0.003650442477876107,0.21416237681159417,89.55960544856741,0.02735719563009398,0.4827906976744186,0.12138728323699421,0.345595353339787,0.000849550898203593,1336,-0.0035129469790382236,814
691718,4171,L,0.006996153846153848,2106,0.003653846153846154,0.3512840388018834,1348,0.00809940652818991,0.2915000930979491,673,0.014582466567607727,0.3512878280213988,89.3493591293833,-0.032903741816128436,0.5598177894989211,0.28950749464668096,0.3928730512249443,0.012554545454545454,2871,-0.005232307692307692,1300
691720,2074,R,0.0010745041122399615,1076,0.004687732342007436,0.3372556333333333,731,-0.009829001367989055,0.24055071337579612,233,0.014652360515021461,0.36107117445952747,89.33695228821811,0.026380492476217925,0.44696239151398265,0.2599784250269687,0.2460973370064279,0.004769067796610171,1418,-0.006961597542242704,656
691723,2226,R,-0.0027928089887640445,1089,-0.004395775941230486,0.3460206339397761,910,-0.0076725274725274704,0.2149974750445633,218,0.020614678899082563,0.28732599414969523,88.74102564102563,-0.02120287005249465,0.4591194968553459,0.3082191780821918,0.2942222222222222,-0.011711319490957803,1494,0.015397540983606559,732
691728,221,L,-0.03061363636363637,135,-0.03822222222222222,0.1185868260869565,43,-0.021813953488372086,,26,0.025730769230769217,,90.125,-0.07461706574680615,0.5882352941176471,0.4307692307692308,0.36893203883495146,-0.030766666666666668,151,-0.03028571428571428,70
691740,476,R,-0.011162447257383964,242,-0.016491735537190085,0.30417693333333334,163,-0.008858895705521471,0.25611688095238094,62,-0.0031935483870967714,,88.87805907172995,-0.04027979785770477,0.5567226890756303,0.26037735849056604,0.42292490118577075,-0.01704268292682927,329,0.002047945205479453,147
691777,1645,R,-0.005304559270516717,851,0.00748413631022327,0.3140920338835958,569,-0.01752548330404218,0.2379842497807889,190,-0.02618421052631579,0.24855516466552313,88.9691304347826,0.060305535352100585,0.5045592705167173,0.3204819277108434,0.3304878048780488,-0.004282986111111112,1152,-0.007691683569979716,493
691781,1682,R,-0.011065398335315101,891,-0.017408529741863077,0.30923006143366444,599,0.0021235392320534223,0.28835987265374546,187,-0.02763101604278075,0.27112300477200424,89.6332342449465,-0.03802180935537081,0.5505350772889417,0.31533477321814257,0.3532934131736527,-0.012898809523809522,1176,-0.006804347826086959,506
691783,530,R,0.0003188679245283011,259,0.0023088803088803073,0.34244179072039077,201,-0.011611940298507463,0.18991066666666667,70,0.027214285714285708,0.2915898874680306,89.03547169811321,-0.021211002345417573,0.4490566037735849,0.29411764705882354,0.2664233576642336,-0.0010515463917525774,291,0.0019874476987447685,239
691785,1495,L,-0.008843478260869566,709,-0.009816643159379407,0.27977635591465594,401,-0.0017531172069825411,0.25893177430555553,326,-0.021309815950920245,0.2202508532181985,89.05013850415511,0.01590066398947582,0.4983277591973244,0.27114093959731544,0.2900552486187845,-0.010504905660377359,1325,0.004105882352941171,170
691788,702,L,-0.003521428571428571,335,0.002752238805970147,0.3436375652173913,231,-0.010428571428571431,0.2557242777777778,134,-0.007298507462686564,0.2810550645161291,88.55485714285714,0.06658742727352834,0.4686609686609687,0.23404255319148937,0.2627118644067797,0.000356472795497189,535,-0.015898203592814367,167
691907,183,L,-0.011360655737704919,112,-0.01533928571428571,0.3487081428571428,44,-0.006227272727272726,,27,-0.003222222222222221,,90.53825136612022,-0.12201104799943444,0.48633879781420764,0.3707865168539326,0.2777777777777778,-0.008705128205128209,156,,27
692216,708,L,-0.001827683615819209,374,-0.0024358288770053513,0.3651811749538764,201,-0.0006815920398009949,0.2552258983577713,127,-0.004700787401574802,0.28679003225806454,89.58418079096046,-0.057228408205079725,0.5324858757062146,0.35013262599469497,0.2994350282485876,0.0023493377483443695,604,-0.02608653846153846,104
692225,1191,R,-0.0032504201680672285,603,-0.00036981757877280094,0.31678480686043525,371,-0.006846361185983828,0.26143670148154186,148,-0.011135135135135137,0.2553144814814815,88.59059753954305,-0.029846408956330107,0.4156171284634761,0.26464646464646463,0.229020979020979,-0.004978798586572436,850,0.0010527859237536637,341
692585,657,L,-0.010283105022831049,314,-0.0005254777070063674,0.2740248013485937,215,-0.014251162790697675,0.2385822355678348,108,-0.02643518518518519,0.1831195104166667,89.16891679748824,0.03928823521755731,0.532724505327245,0.30857142857142855,0.36826347305389223,-0.010642156862745096,612,,45
693304,2951,R,-0.0023357094365241,1645,-0.006469300911854103,0.3137951503907567,963,0.0007985462097611641,0.29732659840304476,298,0.013755033557046981,0.3049058566801619,89.56558219178082,-0.027963959292728588,0.5540494747543205,0.24464831804281345,0.32100488485694345,-0.0016880261927034604,2142,-0.004049504950495046,809
693307,3515,R,0.006269823160296636,1986,0.0038796576032225595,0.3904749201532375,1155,0.0034969696969696998,0.3085540081321669,346,0.03236705202312139,0.3793267668696573,89.03046830382637,-0.008360066871040794,0.48193456614509245,0.23553719008264462,0.3190998268897865,0.004902594810379241,2510,0.00969130869130869,1005
693459,118,R,-0.016847457627118638,64,-0.029234374999999996,,28,-0.02732142857142857,,14,,,89.12385321100916,0.033165534543901365,0.576271186440678,0.3088235294117647,0.43636363636363634,-0.0024310344827586186,58,-0.030783333333333333,60
694025,153,R,-0.025967320261437908,71,-0.001985915492957745,0.3125294117647059,55,-0.03269090909090909,0.14246666666666666,27,-0.07533333333333332,,87.88954248366012,0.022045973180615294,0.5555555555555556,0.25882352941176473,0.45652173913043476,-0.020273972602739727,73,-0.031162500000000003,80
694192,3481,R,0.005933102652825837,1983,-0.005772062531517901,0.33337216573226097,1105,0.012157466063348417,0.2865832784033822,333,0.044768768768768764,0.29766019327747134,89.88100933488914,-0.037253698753912455,0.5124964090778512,0.25504484304932734,0.35547984099943214,0.002629400386847194,2586,0.015604756511891284,895
694203,635,R,0.0010362204724409455,353,0.005226628895184138,0.29754152139000056,214,-0.010887850467289717,0.22411762735849053,63,0.005746031746031738,0.18128571428571427,89.51826771653545,-0.046383299888381024,0.5307086614173229,0.2997032640949555,0.2966666666666667,0.004106382978723407,470,-0.007709090909090902,165
694208,1003,L,0.008576423576423579,486,0.01204732510288066,0.34467053682487714,266,-0.005293233082706767,0.2307519032258064,236,0.018805084745762715,0.33870042936507944,89.9858006042296,0.00811848023364756,0.47258225324027914,0.2616033755274262,0.31746031746031744,0.009978655282817507,939,-0.011953124999999995,64
694212,1666,L,-0.00044270205066344886,786,-0.002847328244274812,0.3461578872468527,574,0.0009581881533101066,0.3019556943095072,296,0.0041013513513513495,0.29441461307113936,89.25265379975875,0.003445575744394551,0.5330132052821128,0.30180180180180183,0.3931718061674009,0.004749007148530578,1267,-0.016824561403508766,399
694249,525,L,0.010667946257197696,270,-0.0022740740740740707,0.3211808000000001,159,0.03828930817610063,0.36227349999999997,86,0.006465116279069758,0.33685655999999997,89.14165067178503,-0.01809615459528764,0.5428571428571428,0.2596491228070175,0.3736654804270463,0.017675585284280936,299,0.0012297297297297273,226
694359,125,L,-0.031344,58,-0.015775862068965515,,52,-0.05388461538461538,,15,,,86.71360000000001,0.05984396618438726,0.368,0.34782608695652173,0.3064516129032258,-0.02026666666666667,90,,35
694362,922,R,0.002861171366594362,527,-0.008062618595825424,0.3145804220028641,290,0.008482758620689656,0.24857258155080217,93,0.04715053763440861,0.23631984,89.2754347826087,-0.0412756543333169,0.4566160520607375,0.2684085510688836,0.27637130801687765,0.008248333333333333,600,-0.007177018633540372,322
694371,569,R,-0.0037658450704225357,278,0.00696402877697842,0.363363894736842,223,-0.018932735426008967,0.24947336363636358,63,-0.002111111111111112,,89.2557319223986,0.07480015590747215,0.44815465729349735,0.24313725490196078,0.273972602739726,-0.0135626423690205,440,0.029573643410852717,129
694374,1392,R,-0.003609195402298847,733,-0.006701227830832195,0.33370501249711854,483,-0.001221532091097311,0.23469824520685972,176,0.002715909090909091,0.258822127547666,89.36228448275862,-0.006714997367872154,0.4870689655172414,0.29793510324483774,0.2896551724137931,-0.0006987951807228933,913,-0.009156576200417536,479
694376,270,R,-0.014799999999999999,140,-0.01099285714285714,0.29833459375,106,-0.023349056603773583,0.10906666666666666,23,-0.020217391304347826,,89.20814814814815,-0.05112638663146513,0.4962962962962963,0.3656716417910448,0.3356643356643357,-0.0121592039800995,201,-0.022492753623188404,69
694377,706,R,-0.014531161473087821,399,-0.02147117794486215,0.31061946511627886,208,0.008149038461538461,0.27204664358283226,92,-0.02553260869565218,0.20495454545454542,89.32331902718168,-0.03703589632348215,0.4985835694050991,0.1903409090909091,0.2873900293255132,-0.017051643192488256,426,-0.010696428571428572,280
694378,440,L,-0.001198177676537585,252,-0.013007936507936508,0.3209148571428573,104,0.03225961538461538,0.35177945833333335,76,-0.004526315789473688,0.32486827999999995,90.25208333333332,-0.015167562834312249,0.5477272727272727,0.2033195020746888,0.3492822966507177,-0.0010439560439560412,365,-0.0019466666666666604,75
694384,3584,L,0.0016195682646481654,2033,0.0014810624692572563,0.35302604380954755,953,0.003355718782791185,0.329412591421292,562,-0.0024733096085409224,0.23305897222222235,89.92396508025908,-0.010082691893555247,0.44838169642857145,0.1611698817672682,0.25655644241733183,0.0027353262850893178,2760,-0.002094660194174758,824
694388,931,L,0.007102481121898599,475,0.006553684210526317,0.330640237695078,290,0.004575862068965518,0.25868830063173537,156,0.013333333333333334,0.30156918750000006,88.9344528710726,0.021903870472657457,0.5016111707841031,0.3019271948608137,0.3172268907563025,0.0118234552332913,797,-0.020835820895522394,134
694410,268,R,-0.003410447761194029,135,-0.0081037037037037,0.20576279310344828,93,-0.0026236559139784944,0.40617768181818187,23,-0.005652173913043476,,89.67689243027888,0.012062573405514707,0.417910447761194,0.17857142857142858,0.21487603305785125,-0.01029936305732484,157,0.006333333333333336,111
694497,2078,L,-0.004063162970106075,1108,-0.00560740072202166,0.3295662685842529,545,0.003730275229357797,0.285379770979021,393,-0.008580152671755725,0.22039158695652175,89.30403108305002,-0.005631032014839916,0.42011549566891243,0.27262313860252,0.19940179461615154,0.0005086543830262433,1795,-0.03299646643109541,283
694514,327,L,-0.005110091743119265,185,-0.006275675675675677,0.32864522448979594,82,-0.02179268292682927,0.23903484999999997,56,0.020303571428571428,,89.94294478527608,-0.09420759040316039,0.5015290519877675,0.2926829268292683,0.29608938547486036,-0.0015530303030303048,264,-0.020015873015873025,63
694671,3248,R,0.007455445544554454,1851,0.004723933009184223,0.36136547140369163,913,0.01516538882803943,0.32546525286244266,451,-1.9955654101995337e-05,0.24385639251000576,89.47757444168732,-0.02394016451893285,0.4442733990147783,0.25086625086625086,0.24161073825503357,0.007427888792354474,2312,0.0075236559139784985,936
694728,1184,R,-0.008599830795262267,669,-0.0014065769805680116,0.32716322814685306,372,-0.007311827956989249,0.226272499401399,137,-0.04290510948905109,0.10236767500000002,89.32893401015228,0.0005449955208788813,0.4577702702702703,0.37822878228782286,0.25166666666666665,-0.004216755319148934,753,-0.016265116279069763,431
694876,121,L,-0.034983471074380164,63,-0.04222222222222222,,44,-0.05397727272727273,,14,,,89.0909090909091,-0.026186329675839903,0.4462809917355372,0.2222222222222222,0.2542372881355932,-0.02618095238095238,105,,16
695020,146,R,-0.006541666666666664,83,-0.0038313253012048215,0.3722334444444444,33,-0.0573030303030303,,19,,,88.42962962962963,0.010208826644368965,0.4863013698630137,0.323943661971831,0.2876712328767123,-0.011142857142857147,63,-0.002962962962962956,83
695238,856,L,-0.003048122065727699,483,0.001867494824016564,0.3393874995453719,196,0.005341836734693877,0.3154533888888889,160,-0.027512499999999995,0.29186203174603176,89.91411625148281,-0.0093464771879187,0.46845794392523366,0.2144638403990025,0.2626728110599078,-0.0003582474226804117,780,-0.030513157894736846,76
695257,201,R,-0.03497512437810945,97,-0.04027835051546392,0.1578125,71,-0.04290140845070423,0.11505263157894736,31,-0.017645161290322574,,87.69253731343282,-0.13482306509025277,0.6019900497512438,0.3305785123966942,0.5217391304347826,-0.04479000000000001,100,-0.02525742574257426,101
695336,1554,R,-0.009320876288659793,975,-0.02154769230769231,0.2710856138694111,453,0.007708609271523179,0.290406191864194,123,0.02717073170731705,0.28552845528455295,90.32854381443299,-0.051513167399827565,0.5096525096525096,0.27904040404040403,0.34675324675324676,-0.010862847222222222,1154,-0.004880000000000001,400
695391,374,R,-0.0027272727272727292,190,-0.0074263157894736845,0.3355088854355521,116,-0.002301724137931032,0.2558640714285714,61,0.006245901639344262,0.20838888888888887,88.5144385026738,-0.025530462591715746,0.4411764705882353,0.24848484848484848,0.22950819672131148,-0.0018478260869565215,230,-0.004131944444444446,144
695490,428,L,-0.015539719626168225,206,-0.019276699029126213,0.33983818000000005,144,-0.011979166666666664,0.25227000000000005,78,-0.012243589743589741,0.34750900000000007,89.2072429906542,-0.08659243575785298,0.6051401869158879,0.2548262548262548,0.4144144144144144,-0.020459627329192546,322,-0.0005943396226414993,106
695506,2242,L,-0.003148660714285713,1039,-0.010487969201154955,0.3650135268352347,802,-0.0010211970074812968,0.3321340032274451,384,0.009255208333333332,0.29297849806949805,88.65066964285714,-0.03180356665404444,0.5191793041926851,0.2920962199312715,0.3737942122186495,-0.00109663608562691,1637,-0.008694214876033059,605
695508,106,R,-0.0010188679245282958,62,0.017887096774193548,,33,-0.04118181818181819,,11,,,88.82169811320753,0.1866898251692431,0.4528301886792453,0.25,0.16981132075471697,0.013299999999999996,50,-0.013803571428571424,56
695578,5121,L,0.008812697784810126,2395,0.013624217118997913,0.4506264270228295,1816,0.0029273127753303967,0.32434880740960925,795,0.008260377358490566,0.32092491600780515,88.74577760031941,0.013859607780150175,0.38761960554579183,0.32594458438287155,0.23450134770889489,0.01015856851905732,3492,0.005955528103767759,1629
695600,1831,L,0.003092450765864334,936,0.01017948717948718,0.34583179552669546,576,-0.013467013888888888,0.27235607741935486,283,0.012151943462897531,0.30627075862068975,89.29463894967178,0.031074321821407392,0.4478427089022392,0.28536585365853656,0.2502628811777077,0.005967025089605736,1398,-0.006168591224018477,433
695657,2663,L,0.006242160936909709,1488,0.0017439516129032263,0.344190470230834,761,0.011173455978975034,0.3118393190383061,392,0.014040816326530613,0.3214938058145094,90.02488653555218,-0.03017419896713047,0.5088246338715734,0.35350553505535054,0.3140556368960469,0.0057124148768989014,1924,0.007612466124661247,739
695670,103,R,0.025514563106796125,61,0.03522950819672132,,32,0.005718750000000002,,10,,,90.28155339805826,0.012037716720723594,0.4563106796116505,0.3404255319148936,0.2037037037037037,,46,0.025736842105263166,57
695681,894,R,-0.008302013422818793,552,-0.006177536231884057,0.3028306982405203,290,-0.0169,0.22750508986928106,52,0.017096153846153848,0.2541907326203208,90.53769574944072,0.007266760216411266,0.4854586129753915,0.37557603686635943,0.25287356321839083,-0.009636896046852124,683,-0.003981042654028432,211
695731,458,L,-0.003493449781659385,230,-0.0016304347826086927,0.36373023529411763,112,0.02201785714285715,0.3601264782608696,105,-0.026990476190476186,0.18205882352941177,89.40711111111112,0.030931543540017196,0.5262008733624454,0.26141078838174275,0.3037974683544304,0.005741379310344829,348,-0.03270909090909091,110
695734,2857,L,0.00278779375657664,1538,0.000773081924577375,0.3733030325137547,859,0.004561117578579745,0.28755301285789037,451,0.007580931263858095,0.2974133048245614,89.41084591084591,-0.01457433164504363,0.5397269863493175,0.21011673151750973,0.3275503122831367,0.006823251417769376,2122,-0.008829931972789116,735
696030,1505,L,-0.004233333333333335,923,-0.008016251354279526,0.3324841905585864,330,0.0035939393939393963,0.3474914465807481,239,-0.00017573221757322284,0.2873260113636363,89.82313333333335,-0.055324268564605206,0.45980066445182727,0.1777456647398844,0.28356164383561644,-0.004220059880239522,1341,-0.004341463414634147,164
696100,3734,R,0.014738767823513587,1880,0.012128191489361699,0.3750479536115694,1395,0.014732950466618808,0.2859204344734656,419,0.021064439140811457,0.2933523073983074,89.30335316387237,-0.015046099019318544,0.5447241564006428,0.32841691248770893,0.38296812749003983,0.013819752159218926,2666,0.017060721062618595,1068
696135,336,L,-0.009788059701492534,176,-0.009346590909090903,0.26052618518518517,108,-0.003601851851851858,0.25616810714285715,51,-0.024411764705882355,,90.52656716417911,-0.013856007575162147,0.5416666666666666,0.36813186813186816,0.36257309941520466,-0.004362989323843415,281,-0.038018518518518514,55
696285,2600,R,-0.007311273566756443,1479,-0.0036538201487491535,0.33468932311054017,820,-0.011831707317073174,0.24913248293460943,258,-0.01443798449612403,0.2559631052631579,89.54748538011695,0.0043074225745945325,0.43,0.18962432915921287,0.25,-0.009037263626251388,1799,-0.0034369538077403225,801
699013,513,R,0.02896491228070176,300,0.03578666666666667,0.38241097014925374,157,0.02631210191082803,0.36222558333333327,50,-0.009380000000000001,,89.51442495126705,0.010440508594942244,0.442495126705653,0.3832599118942731,0.24150943396226415,0.01612290502793296,358,0.058625806451612916,155
699393,272,L,0.006047794117647059,154,-0.0005000000000000061,0.30068002941176475,58,-0.0001379310344827603,0.3232,53,0.029056603773584898,0.29252300000000003,89.54448529411765,-0.08383378031707543,0.5110294117647058,0.18705035971223022,0.32592592592592595,0.0015347826086956555,230,,42
699625,489,L,-0.016449897750511245,285,-0.031621052631578946,0.31810479304511274,131,0.01727480916030534,0.2811856874999999,73,-0.017739726027397262,0.27281705555555563,89.96993865030676,-0.12249401296215408,0.4785276073619632,0.3076923076923077,0.31640625,-0.022002341920374705,427,0.021790322580645165,62
699912,700,R,-0.004865714285714287,370,-0.006067567567567569,0.32949935632183897,239,0.00140167364016736,0.25965079365079363,89,-0.013831460674157305,0.12045454545454545,89.203,0.01528039822913135,0.47714285714285715,0.24251497005988024,0.37329700272479566,-0.0017835051546391766,485,-0.011818604651162787,215
700242,1243,L,-0.015839098954143205,668,-0.014495508982035927,0.28207787845583326,344,-0.022875,0.1992453971264793,206,-0.011582524271844655,0.21790236031746035,88.97446633825943,0.02618952868613932,0.5100563153660499,0.27602523659305994,0.2884955752212389,-0.014622798887859131,1079,-0.023841463414634147,164
700246,571,R,-0.02242530755711775,308,-0.012711038961038958,0.27947316463848654,211,-0.02872037914691943,0.13121675218247697,44,-0.05713636363636363,,89.35096660808435,0.022696705123345585,0.5096322241681261,0.35738831615120276,0.3173431734317343,-0.021742296918767508,359,-0.02357547169811321,212
700250,3887,L,0.013876970793486688,1836,0.02034368191721133,0.4392460950961785,1301,0.010934665641813989,0.3324336318200832,694,0.005064841498559075,0.3430759857269994,88.84444444444445,0.013329025874474624,0.43529714432724465,0.2322695035460993,0.22966751918158568,0.015441885187810063,2838,0.009659025787965616,1049
700337,2296,L,-0.007816557734204792,1459,-0.0107251542152159,0.29432358426348804,462,0.005738095238095239,0.26269803575671374,373,-0.013343163538873994,0.2603983297528974,90.02191721132897,-0.045458427945455966,0.47081881533101044,0.22201665124884365,0.21474654377880184,-0.011737400530503978,1509,-0.00030368487928843354,787
700932,3541,L,0.001661477497877159,1877,0.0005402237613212589,0.3328810245240901,1026,0.007667641325536061,0.3133418662765724,606,-0.005663366336633664,0.26826928684013956,89.52260176487331,-0.009220470378580087,0.47896074555210394,0.2936320754716981,0.293133294864397,0.0031520447396015394,2868,-0.004684523809523809,673
701162,135,R,-0.007481481481481483,61,0.020754098360655737,0.36024241176470584,34,0.0023823529411764696,,35,-0.05994285714285715,,89.20384615384616,0.1528727143643931,0.45925925925925926,0.3548387096774194,0.2916666666666667,-0.010950819672131143,61,-0.004621621621621622,74
701305,827,R,0.0009794188861985494,433,0.006272517321016167,0.3447202800422443,269,-0.01666171003717472,0.21930355830606552,86,0.020534883720930232,0.29261024007936504,89.65507614213197,0.019385685672533057,0.45102781136638453,0.35924932975871315,0.24111675126903553,-0.0006860643185298621,653,0.007265895953757229,174
701350,1950,L,0.007492047203694203,988,0.010766194331983807,0.4291659701401195,594,0.00065993265993266,0.278258764827869,312,0.008948717948717948,0.3211439766604009,88.86385099685205,0.0019892538136938426,0.36974358974358973,0.29819694868238555,0.20366598778004075,0.011036501901140684,1316,0.0001403785488959011,634
701358,3645,R,-0.004692244224422441,1882,-0.009545502927088877,0.3555444946949397,1318,-0.0021727549467275512,0.26000373248890213,406,0.007453201970443353,0.2756908819734345,89.16452777777778,-0.021264122157590097,0.4784636488340192,0.286697247706422,0.2950276243093923,-0.006782945736434108,2589,0.000415719696969697,1056
701398,2047,R,0.0075528255528255536,1035,0.017825120772946863,0.4186878597745263,780,-0.009337179487179487,0.26645382530120465,211,0.021199052132701426,0.34666643181818185,89.49788385826771,0.038658111967400134,0.4767953102100635,0.2694672131147541,0.29123468426013194,0.006194148936170214,1505,0.011401129943502829,542
701538,3482,L,1.268742791234206e-05,1924,0.0016138253638253621,0.3539140029665565,975,0.005216410256410257,0.31077018697434916,562,-0.01630782918149466,0.29803077547717943,89.70905420991926,-0.030527110324911174,0.5680643308443424,0.2704752275025278,0.3727422003284072,0.0015273943956503574,2404,-0.0033500464252553407,1078
701675,1353,L,-0.010062823355506281,747,-0.009850066934404284,0.31221724657534244,367,-0.004762942779291548,0.24055119412961348,233,-0.021171673819742488,0.23142857142857132,89.8482553823311,-0.03216949298927563,0.5631929046563193,0.22703412073490814,0.426367461430575,-0.013526215443279312,1049,0.0018881578947368431,304
701678,596,R,-0.0059010067114093935,351,-0.013695156695156694,0.3009631382978723,176,-0.0008750000000000046,0.21135414,69,0.02092753623188406,0.27403535,89.54379194630872,-0.03019210071352882,0.5067114093959731,0.304635761589404,0.34098360655737703,-0.008441358024691358,324,-0.0028749999999999987,272
701762,3817,L,0.017889477869069706,2011,0.018842366981601195,0.40155621323366686,1063,0.022782690498588897,0.3581686600664117,671,0.006049180327868854,0.3236707367317845,89.51419440745673,0.0008676229510047605,0.42494105318312814,0.3588162762022195,0.22580645161290322,0.025584375000000003,2600,0.0016496290189612526,1217
701807,1683,L,0.0021099227569815813,996,0.005642570281124499,0.3787494434782607,480,-0.0032124999999999996,0.2917325092592594,207,-0.0025458937198067607,0.29747770689655184,89.92620320855615,-0.02999301361652907,0.44622697563874036,0.2103861517976032,0.26014319809069214,0.0007030995106035904,1226,0.00588402625820569,457
701852,180,L,-0.0038277777777777806,107,0.007813084112149538,0.3552128846153846,56,-0.01507142857142857,,17,,,90.02444444444444,0.020291822686282348,0.4722222222222222,0.2235294117647059,0.2736842105263158,-0.0037440476190476165,168,,12
702176,718,L,-0.01573640167364017,360,-0.026825,0.2730235476190478,218,0.013701834862385322,0.2773145101437024,130,-0.0359,0.10875802777777777,88.98005617977529,-0.09713052298547507,0.46518105849582175,0.2275449101796407,0.3128491620111732,-0.017708401976935746,608,-0.004854545454545452,110
702222,1172,L,-0.005785836177474401,768,-0.008390625,0.27652215923566875,262,0.006633587786259542,0.2699719529411765,142,-0.01461267605633803,0.2797023265306123,91.11424914675769,-0.040601671224103505,0.537542662116041,0.1984126984126984,0.3942470389170897,-0.0035688935281837173,958,-0.01571028037383178,214
702284,2620,L,-0.002969778117827084,1561,-0.009385009609224854,0.3355267145583726,675,0.009512592592592593,0.30801186572761585,377,0.0019098143236074287,0.2732383933209648,89.83186687069625,-0.02962006706227641,0.4683206106870229,0.21515892420537897,0.2802155504234026,-0.001318354087709799,1851,-0.006946544980443287,769
702332,3309,R,0.0005981251889930461,1903,-0.0026500262743037305,0.32292744510982435,1013,0.008598223099703851,0.2819700905705606,342,-0.013552631578947368,0.21766845690174805,89.68933699969448,-0.03794802227166342,0.4524025385312783,0.1462925851703407,0.2681672025723473,0.0022693102023957053,2423,-0.0039683972911963876,886
702616,3120,L,-0.0020414125200642046,1740,-0.007533333333333334,0.3379700547583049,806,0.0058287841191067,0.28810984138575857,513,0.0006842105263157886,0.2835827781320418,89.70776255707763,-0.03675934754460111,0.46025641025641023,0.25835654596100277,0.22600408441116407,0.0017143478260869568,2304,-0.012640490797546014,816
703607,784,R,-0.0014566326530612243,440,-0.014040909090909088,0.29345827731092433,227,0.006634361233480178,0.30569231746031755,100,0.020070000000000015,0.31730891666666666,89.95893089960886,-0.10331883499433928,0.5025510204081632,0.3401015228426396,0.3012345679012346,-0.001797216699801193,503,-0.0008469750889679746,281
800050,1419,L,0.008469214437367305,757,0.009965653896961692,0.3636337411167513,397,0.02121662468513854,0.338492967032967,249,-0.012746987951807223,0.30936415517241383,89.50930397727274,0.023905668668482642,0.4277660324171952,0.15650741350906094,0.20718232044198895,0.006753312945973495,984,0.012365740740740741,435
800325,194,L,-0.0018350515463917525,108,-0.0033796296296296296,0.3950243529411765,52,-0.010442307692307693,,25,0.04304,,90.40160427807488,0.06538929519404772,0.36597938144329895,0.18309859154929578,0.18867924528301888,-0.007994186046511625,172,,22
802139,1703,L,0.0026879432624113482,947,0.001101372756071805,0.3851837341269841,506,0.005023715415019764,0.2992963888888889,237,0.0024852320675105488,0.279196350877193,89.47455621301775,-6.882577175942083e-05,0.42982971227246036,0.20355191256830601,0.22144522144522144,0.002495598591549296,1145,0.0030809352517985637,558
802415,2780,L,-0.006672903922274198,1720,-0.0074877906976744185,0.29039708383233503,685,0.006792700729927008,0.2761017687861271,362,-0.02740331491712707,0.2463019557522124,89.88069289065321,-0.01640297586316312,0.479136690647482,0.10810810810810811,0.3023070803500398,-0.005038748137108791,2014,-0.010967362924281984,766
803011,1283,L,0.008584567420109119,804,0.010350746268656716,0.39573711940298484,293,0.0013037542662116045,0.3107439545454546,185,0.01376756756756757,0.2789826521739131,90.38377535101404,-0.009552453675217907,0.4185502727981294,0.15456238361266295,0.222052067381317,0.01564606181455633,1003,-0.016710714285714287,280
804606,1008,R,-0.0010476190476190468,534,0.01238576779026217,0.35031669999999987,338,-0.013677514792899404,0.2719532650602409,130,-0.030107692307692304,0.1846666666666667,89.31230158730158,-0.011802609848774664,0.5148809523809523,0.3217726396917148,0.38294010889292196,0.0008417462482946803,733,-0.0060836363636363605,275
804668,178,R,0.0026779661016949146,87,0.0019080459770114964,,72,-0.0016944444444444552,0.35334786234817817,18,,,88.18926553672317,0.09896404643507929,0.4606741573033708,0.4268292682926829,0.2872340425531915,-0.009037500000000004,80,0.012340206185567006,98
805249,1021,R,-0.004199019607843138,510,-0.006476470588235292,0.33685903012516616,336,0.0031071428571428613,0.28861915206008404,174,-0.011632183908045983,0.196824276621787,89.1,-0.0027750721754110363,0.5102840352595495,0.3474088291746641,0.3023255813953488,-0.004529021558872305,604,-0.00372182254196643,417
805300,2489,L,-0.002387304138208116,1489,-0.01103357958361316,0.3121928607999701,635,0.005622047244094488,0.30867483432180065,336,0.022904761904761907,0.3522100370624571,89.9823815309842,-0.050126792820085586,0.4118119726797911,0.1902439024390244,0.2220408163265306,-0.004150625339858619,1839,0.0026015384615384607,650
805347,205,L,-0.004307317073170732,129,-0.004426356589147287,0.31511859259259256,45,-0.02213333333333333,,30,0.03163333333333333,,90.73463414634148,0.05118386534112684,0.44878048780487806,0.16304347826086957,0.3018867924528302,0.0002832369942196515,173,,32
805367,3864,R,-0.0016679606625258781,2380,-0.0032495798319327725,0.32759063335749944,1081,-0.0012127659574468076,0.24549621461694085,381,0.00335170603674541,0.23599249951690815,89.9465092135998,-0.019071769818851694,0.3967391304347826,0.16046966731898238,0.24607046070460706,-0.00342862439747868,2697,0.0024010282776349614,1167
805373,819,R,-0.010666666666666668,472,-0.008887711864406782,0.3045868661675579,274,-0.010437956204379562,0.2297720806451613,64,-0.018234375000000004,0.17149845201238392,89.46288156288156,0.00028004868709926656,0.4297924297924298,0.2215909090909091,0.2513089005235602,-0.005933447098976107,586,-0.022570815450643777,233
805779,2665,R,0.005765413533834587,1638,-0.00021062271062270938,0.30472967027417924,775,0.011148387096774194,0.2979254679642402,232,0.025508620689655172,0.2838625384615383,90.1730740181269,-0.011580426749621122,0.5166979362101314,0.11328976034858387,0.3494996150885296,0.006354198473282445,1969,0.004100719424460431,696
805808,1831,L,0.009220885729907055,962,0.011607068607068607,0.41405815708812244,545,-0.00018715596330275288,0.25790712903225804,321,0.018890965732087227,0.31134385714285717,88.76351203501095,0.016757045343195828,0.4238121245221191,0.16108247422680413,0.1853035143769968,0.014966317365269464,1337,-0.006348884381338741,494
805811,1149,L,0.0099102787456446,551,0.011662431941923774,0.4319786345529507,406,0.0018866995073891642,0.25642642666666676,183,0.021081967213114748,0.3915171707317074,88.42282229965156,-0.009520555759908535,0.42297650130548303,0.26337448559670784,0.250788643533123,0.00887912087912088,911,0.01385294117647059,238
805904,526,L,0.0001463878326996197,251,0.00399601593625498,0.3651752021068687,157,-0.013044585987261144,0.2667257096774194,118,0.009508474576271192,0.15804999999999997,89.21140684410646,0.008541172965382782,0.4372623574144487,0.4434782608695652,0.2689393939393939,0.004868480725623586,441,-0.02435294117647059,85
805999,963,L,0.004339563862928349,505,0.009342574257425743,0.3705733870967741,311,0.001913183279742768,0.2868343943661971,147,-0.007714285714285711,0.28394120512820503,89.5146417445483,-0.042291451180212394,0.45067497403946,0.2465437788018433,0.28431372549019607,0.0034104803493449796,687,0.006652173913043485,276
806068,725,L,-0.003334254143646409,395,-0.0055189873417721535,0.2659616105263158,222,-0.01242792792792793,0.1818869423076923,106,0.023537735849056614,0.29185682608695646,89.5078729281768,-0.020659519016020953,0.5020689655172413,0.33516483516483514,0.3626943005181347,-0.002626641651031894,534,-0.005308900523560211,191
806198,434,R,-0.0006304849884526533,240,-0.008741666666666665,0.3823482,144,0.0324375,0.40607616666666674,47,-0.05502127659574468,0.09866666666666667,89.96535796766743,-0.03409698823622683,0.4400921658986175,0.24607329842931938,0.2876712328767123,0.007614906832298137,322,-0.024549549549549552,112
807712,2203,R,0.007950842057350933,1223,0.011391659852820932,0.3518968906399947,692,-0.0006632947976878585,0.23197398660714263,275,0.012992727272727272,0.26150837191358023,89.0867546654529,0.005521751361151581,0.418974126191557,0.17118093174431204,0.21545454545454545,0.011926450742240219,1484,-0.00028951048951048806,719
807713,2557,R,-5.949119373776809e-05,1385,-0.004428158844765341,0.32347128294625954,897,0.002411371237458195,0.26192233734766346,237,0.02772995780590717,0.30290833517388505,89.51021782178219,-0.0100049293386096,0.47399296050058665,0.22112211221122113,0.31417004048582997,-0.0008712035995500576,1780,0.0017979407979407988,777
807727,101,R,-0.04226732673267326,64,-0.044640625,0.20829411764705882,24,-0.05991666666666667,,13,,,91.13069306930694,0.024216286536216887,0.5346534653465347,0.18518518518518517,0.3023255813953488,-0.047765625,64,,37
807747,124,L,-0.0011048387096774172,77,-0.02061038961038961,0.2783157894736842,32,0.01815625,,15,,,89.12338709677417,-0.13639242187241132,0.46774193548387094,0.1724137931034483,0.2909090909090909,-0.01071287128712872,101,,23
807799,1624,L,0.001784349969192855,916,0.0003045851528384269,0.33700885656469565,407,-0.007368550368550365,0.27012799305555557,278,0.019057553956834537,0.31301224019378027,89.64151646985707,0.0010990570337677998,0.43349753694581283,0.16051136363636365,0.28553299492385786,0.004722342733188722,1384,-0.015145833333333332,240
808959,1285,L,0.012932336742722267,607,0.02357990115321252,0.4334225671641788,469,-0.006176972281449894,0.28418410309278347,186,0.02875268817204301,0.33705222857142864,88.68568056648309,0.04099631213566537,0.4163424124513619,0.4280373831775701,0.22043795620437956,0.019256586483390608,886,-0.0009396984924623106,399
808975,1248,L,-0.0015616987179487179,687,0.0029039301310043665,0.3351557808989796,347,-0.0003227665706051873,0.2525796987951807,205,-0.024536585365853656,0.15862561904761907,89.42203525641027,-0.043314848095088454,0.49278846153846156,0.2894308943089431,0.32195121951219513,-0.0009019607843137265,1071,-0.0055536723163841775,177
808982,3756,L,0.0020554371002132203,2149,0.0016300604932526774,0.329979330632955,1116,0.0022607526881720445,0.2991279151563715,479,0.0015490605427974972,0.29609763609544987,89.57841151385928,-0.004897783829295844,0.45181043663471776,0.1296405421331762,0.25633958103638366,0.005043936092955703,2757,-0.006191382765531061,999
810938,2204,R,-0.009093466424682397,1300,-0.00856,0.30204306434021516,698,-0.014879656160458452,0.23747760353785247,194,0.010489690721649486,0.2830954712643679,89.32081818181818,-0.022027151507749292,0.4591651542649728,0.1956521739130435,0.3230912476722533,-0.010542857142857142,1365,-0.006735399284862931,839
811965,241,R,0.015804166666666668,128,-0.01990625,0.2670198,88,0.05742045454545455,0.36568103846153843,23,0.033739130434782605,,88.26820083682007,-0.07278085139620862,0.5145228215767634,0.14516129032258066,0.38016528925619836,0.030062500000000006,144,-0.005583333333333333,97
813841,105,R,-0.007257142857142856,58,-0.04889655172413792,0.1178125,29,0.005724137931034484,,11,,,87.18095238095238,-0.3605143185574485,0.6095238095238096,0.5,0.43137254901960786,,33,-0.022041666666666664,72
814439,595,R,-0.0019511784511784494,326,-0.00402760736196319,0.35087086486486485,225,-0.002684444444444445,0.19176986956521738,42,0.016023809523809527,,89.51531986531988,-0.00581894994656375,0.4336134453781513,0.3372093023255814,0.2491349480968858,-0.005221982758620691,465,0.009723076923076916,130
815873,180,L,-0.02153888888888888,85,-0.030799999999999998,0.22094999999999998,71,-0.02071830985915493,,24,0.00883333333333334,,88.80722222222222,-0.007190818180514975,0.4777777777777778,0.3372093023255814,0.29545454545454547,-0.021121019108280258,157,,23
823550,431,L,-0.001563805104408351,267,-0.0033745318352059917,0.29739939344262306,95,-0.00509473684210526,0.22573399999999996,63,-0.00874603174603174,0.26937729411764705,90.38607888631091,-0.09984141460289978,0.4361948955916473,0.22872340425531915,0.2543859649122807,0.0013737623762376241,404,,27
