pitcher,pitch_type,n_pitches,usage_rate,velo_mean,velo_std,spin_mean,spin_std,ivb_mean,ivb_std,hb_mean,hb_std,extension_mean,p_throws
434378,CH,243,0.08574453069865914,84.55226337448559,1.338412552896977,1718.8395061728395,128.3986036061903,9.185185185185185,2.2711393240400515,-12.955555555555554,2.2134524844293466,6.029218106995884,R
434378,CU,412,0.14537755822159493,78.44733009708737,1.487815118726266,2740.0218446601943,108.87081122251416,-12.282815533980584,2.2338592912907673,7.4277669902912615,2.342626027495311,5.984223300970874,R
434378,FF,1297,0.45765702187720536,93.86823438704704,1.329743795738214,2428.0030840400927,78.34256243732898,18.54504240555127,1.648467166482847,-8.875651503469546,2.1522528167244737,6.002158828064765,R
434378,SL,653,0.2304163726182075,87.14762633996938,1.5598139837317202,2493.9709035222054,100.56341623989728,5.504196018376723,2.4607884737291235,3.884287901990812,2.3392875514296354,6.007963246554364,R
434378,ST,217,0.07657021877205364,80.67511520737327,1.6453717666699832,2664.3640552995394,119.52169800747276,-1.5710599078341014,2.8319152139147534,11.60294930875576,3.691416289755242,5.990322580645162,R
445276,FC,1109,0.8166421207658321,92.54995491433723,1.5572563631711152,2611.8070333633905,95.33586224075133,18.11956717763751,1.9417807414522341,3.5263119927862943,2.761870706220606,6.8963931469792605,R
445276,SI,118,0.08689248895434462,93.2,1.3366625103842278,2331.9661016949153,93.44114032015796,19.056610169491524,1.5301087723689166,-7.266101694915255,2.1576395910703825,6.986440677966102,R
445276,SL,100,0.07363770250368189,83.83699999999999,1.6904756966037937,2472.4,82.02426347112053,-3.114,1.8781325347753866,6.3935999999999975,1.9872378271908429,6.814,R
445276,ST,31,0.022827687776141383,81.8741935483871,1.7557463260079242,2509.2903225806454,132.81320053578688,2.829677419354838,3.445731159827541,12.414193548387095,3.5466498503926664,6.780645161290324,R
445926,CH,35,0.18229166666666666,83.78571428571429,0.806277888580262,1807.8285714285714,258.1901357885065,1.0285714285714285,2.3819827910391633,-15.771428571428572,1.4441955685903953,6.274285714285713,R
445926,FC,72,0.375,87.77499999999999,0.9059661405854661,2186.5416666666665,82.69900241236287,12.520000000000001,1.8315544079540127,-2.001666666666667,1.7133305018153109,6.216666666666667,R
445926,SI,67,0.3489583333333333,89.46865671641791,0.8881729553148372,1976.7611940298507,94.08926927387672,7.31641791044776,1.6458834797048254,-16.26985074626866,1.3618408803698046,6.210447761194029,R
448179,CU,59,0.34502923976608185,72.41355932203389,1.4249570625253634,2569.8813559322034,84.33494075774588,-9.148474576271187,1.5159847301106621,-17.05627118644068,1.0935830042840424,6.33728813559322,L
448179,FC,27,0.15789473684210525,83.70370370370372,1.3551842002193706,2288.962962962963,73.96281887204256,8.404444444444445,1.5293370442357677,-2.4755555555555553,2.0121579180520315,6.403703703703704,L
448179,FF,63,0.3684210526315789,88.52380952380952,1.002209540532139,2244.8888888888887,61.366459030212994,16.089523809523804,1.0618477938608664,4.733333333333333,1.557135500764765,6.5746031746031734,L
450203,CH,253,0.09929356357927786,87.51620553359683,0.9635490723005045,1815.205533596838,195.9091070451449,-3.6763636363636363,3.4725087304594187,-13.68616600790514,3.1390838701380037,6.2620553359683795,R
450203,CU,976,0.38304552590266877,81.44006147540983,0.9348322741712989,3163.0860655737706,105.75009132804108,-8.937049180327868,2.45363276495712,15.360122950819672,2.3577480749366737,6.111372950819672,R
450203,FC,232,0.09105180533751962,88.0353448275862,1.3807742548718287,2512.814655172414,81.38958287078623,5.304827586206897,2.7302412505421776,0.8358620689655173,1.8727917762446862,6.174568965517241,R
450203,FF,702,0.2755102040816326,94.21339031339032,1.0629905134789603,2322.448717948718,93.4583573369905,12.441196581196582,1.6296107176608947,-11.96820512820513,2.084041098840657,6.15968660968661,R
450203,SI,385,0.1510989010989011,94.01350649350651,1.0616292586870586,2219.574025974026,102.21808462103502,4.362701298701299,2.0009708520239244,-17.761558441558442,1.7620045587157445,6.177662337662338,R
453286,CH,306,0.14101382488479264,84.78921568627452,1.2284528611287568,1353.7777777777778,96.49559386677339,4.74235294117647,2.526430973113921,-14.300392156862745,2.071739550170716,6.4754901960784315,R
453286,CU,269,0.12396313364055299,76.57509293680297,1.37884215254286,2699.014869888476,91.46269814080324,-6.439405204460967,2.4461043539820264,11.714052044609666,1.9839656533567211,6.305947955390335,R
453286,FC,49,0.02258064516129032,88.22244897959185,1.5005922866936086,2478.3061224489797,79.94248038476182,7.736326530612243,2.6151216462126188,0.6,1.744476998988522,6.148979591836734,R
453286,FF,1052,0.4847926267281106,93.57661596958175,1.0202352076955632,2390.2062737642586,80.26284270281947,16.335855513307983,1.5394072314380094,-8.863574144486691,2.260589282068795,6.192680608365019,R
453286,SL,494,0.22764976958525346,86.317004048583,1.4506466110832328,2405.0979591836735,98.12676265942324,4.100890688259109,2.683080337515106,3.6121457489878543,2.161912198018064,6.183198380566802,R
455119,FC,361,0.38,91.35678670360112,0.938151066631976,2245.8166666666666,77.4070365252486,8.223490304709141,2.329926561918534,2.5342936288088644,1.6543503633310992,6.4656509695290865,R
455119,FF,270,0.28421052631578947,94.62814814814814,0.8395566055696696,2219.570895522388,74.74204460779647,15.196444444444444,1.7997833271766763,-7.790666666666665,2.428088789003863,6.518148148148149,R
455119,FS,150,0.15789473684210525,88.23733333333332,0.9968101248763114,1584.5342465753424,188.65429665573433,2.46,2.2075635693568776,-10.6976,2.539669608063381,6.688000000000001,R
455119,SI,127,0.1336842105263158,94.14960629921258,0.9062283618214173,2180.1825396825398,80.3522645150615,10.832125984251967,2.0533150238520643,-14.79307086614173,2.042053709401638,6.621259842519684,R
455119,ST,28,0.029473684210526315,84.27142857142857,1.0416714285605442,2576.964285714286,166.0750571373516,-4.221428571428572,3.471184784698707,12.407142857142858,4.264750313687219,6.371428571428573,R
458677,FC,127,0.15137067938021453,91.4543307086614,1.0705847612560246,2372.165354330709,73.60067759560494,13.238740157480311,2.370720536148754,-3.1048818897637793,2.0242525040678525,6.139370078740159,L
458677,FF,389,0.4636471990464839,94.47352185089973,1.004471029514893,2251.344473007712,84.65304935131822,18.909100257069408,1.425975687942479,5.179434447300771,2.0666494345948845,6.095115681233934,L
458677,FS,42,0.050059594755661505,85.16190476190475,1.2710572478428515,1123.2619047619048,152.3700661217351,3.0342857142857143,3.5438831828853052,10.768571428571429,3.133373909342632,6.333333333333333,L
458677,SL,281,0.33492252681764006,87.98042704626334,1.414090253679588,2291.6512455516013,97.650832453186,2.9470462633451957,2.3235385947781215,-2.1352313167259784,2.1750904824893516,6.194661921708185,L
471911,CH,249,0.23076923076923078,85.13775100401608,1.047395272619579,1268.7991967871485,152.53648373526903,1.6457831325301202,2.9780365854689834,-7.669397590361446,2.223816112762309,6.760642570281125,R
471911,CU,90,0.08341056533827618,77.73666666666668,1.5008948641588546,2569.722222222222,100.630822425202,-6.053333333333334,3.265002710049291,8.206666666666665,3.2339116051096575,6.648888888888889,R
471911,FC,38,0.03521779425393883,89.47368421052632,0.874158811264591,2378.184210526316,71.44374285130316,9.757894736842106,1.9269008276066022,0.5494736842105263,1.8560215332051497,6.786842105263157,R
471911,FF,202,0.1872103799814643,91.50940594059405,1.112104653243358,2192.6435643564355,105.84834586123921,12.194257425742576,1.9487336602716976,-5.091089108910891,2.8501360362017665,6.687623762376238,R
471911,SI,256,0.23725671918443003,90.4625,0.9201875341685601,2078.63671875,96.13302088912846,4.90875,2.320199788557772,-13.5571875,2.6520991131332843,6.7265625,R
471911,SL,242,0.2242817423540315,84.63347107438015,1.4330695435278855,2356.8223140495866,99.21558235567042,4.4042975206611565,2.98444009815843,2.5026446280991737,2.290940399635173,6.753941908713694,R
472610,FF,22,0.018410041841004185,96.58636363636361,1.1568822858772723,2230.3636363636365,72.40004305085898,15.289090909090907,1.588383152441828,-7.079999999999999,2.3427456419460353,6.527272727272727,R
472610,FS,284,0.23765690376569037,88.3112676056338,1.8051006879133362,1328.6760563380283,164.09352884598331,4.5257746478873235,2.7384275810912913,-9.593661971830986,4.204923158480477,6.591901408450704,R
472610,SI,521,0.43598326359832634,96.35969289827256,1.592635425266829,2187.443378119002,99.58672853013898,10.598003838771593,2.148358015211547,-14.238080614203454,2.071644311899925,6.567370441458734,R
472610,ST,368,0.3079497907949791,82.67146739130435,1.3141759133992845,2460.875,89.99092067433644,3.0740217391304347,2.4168859013235577,11.84641304347826,2.1346024684095237,6.496739130434783,R
476594,FC,26,0.4406779661016949,88.85384615384616,1.0397040999171911,2392.269230769231,60.1648121029611,6.498461538461539,1.460136136961735,-0.9876923076923076,2.289531493895304,6.2846153846153845,R
476594,SI,19,0.3220338983050847,93.7,1.4337208778404378,2090.6315789473683,101.7268731709876,-0.9978947368421052,1.8374123681216246,-18.39157894736842,1.8329613657742632,6.315789473684211,R
477132,CU,323,0.1768893756845564,72.34922600619196,0.9296484784492837,2241.9055374592836,105.86364797559354,-14.362848297213622,2.023238118246583,-3.90687306501548,2.0424722732372795,6.478637770897833,L
477132,FF,631,0.34556407447973714,89.03026941362916,0.9673165747946809,2309.53300330033,79.61007079378668,17.538066561014265,1.7870818819252396,-0.007226624405705228,2.0314313690819135,6.591283676703644,L
477132,FS,99,0.05421686746987952,83.14141414141415,1.1134621591226082,1552.5894736842106,203.85484482925182,12.75151515151515,2.778813564049895,9.044848484848485,4.082973197299993,6.619191919191919,L
477132,SL,761,0.4167579408543264,85.75978975032852,1.157918712695583,2484.9293628808864,83.52978653905829,8.000105124835743,2.4196754870474755,-4.444257555847569,2.453514076391531,6.547568988173457,L
489119,CH,49,0.23902439024390243,84.45714285714286,0.7939878252635033,1906.0,53.3647043153681,8.877551020408163,1.4544049908986905,14.826122448979593,1.3945023250944681,6.142857142857144,L
489119,FC,70,0.34146341463414637,88.30285714285715,1.163947733844674,2311.7,68.24664349128159,9.574285714285713,1.9161802065178868,-1.6971428571428568,1.892441979549897,6.137142857142858,L
489119,FF,45,0.21951219512195122,92.14666666666668,0.9822515878420272,2301.822222222222,60.20845942106961,16.84266666666667,1.1780229971516605,4.448000000000001,1.4263902309358019,6.05777777777778,L
489119,SI,31,0.15121951219512195,91.52903225806452,1.1616636198105703,2243.9032258064517,73.45536278979668,11.396129032258063,2.069546934990611,13.68,1.807716791978213,6.1096774193548375,L
489446,FF,687,0.6021034180543383,92.07656477438135,1.2800058609944283,2319.24,107.33450528017015,13.68995633187773,1.7931430370840706,-13.941135371179039,1.960364811950481,6.075400291120816,R
489446,FS,447,0.39176161262050835,85.51051454138702,1.167401565986569,1228.111617312073,145.43284105532695,-0.22926174496644303,3.4322646292422765,-12.061476510067113,2.368390602965187,6.13847874720358,R
493603,SI,15,0.35714285714285715,92.34,0.8139849068449782,2216.3333333333335,87.90877306021498,6.432,1.4014849267830174,-17.839999999999996,1.721527560876427,7.079999999999999,R
500743,EP,97,0.7950819672131147,45.62268041237114,5.960765910564667,1243.8453608247423,157.8915991673682,17.05360824742268,2.51987358543994,-2.7476288659793813,2.8916163924049023,4.608247422680412,R
500743,FA,25,0.20491803278688525,60.376000000000005,4.943537869448019,1622.72,125.71645344451403,17.448,2.1162230506258077,-6.244800000000001,3.380381043610321,4.768,R
500779,CH,649,0.21518567639257294,85.51926040061633,0.9754780760426977,1357.57781201849,87.01752626513877,3.986995377503852,2.53784315960549,14.37744221879815,2.396085076655845,6.429121725731895,L
500779,CU,426,0.14124668435013263,78.42723004694835,0.9126872171591123,2191.392018779343,84.43962734144436,-6.019154929577464,1.5684708895081432,-5.455492957746479,2.05340013376888,6.4356807511737095,L
500779,FF,499,0.16545092838196288,90.17755511022044,0.9673262711870553,2118.76753507014,77.43917206178493,15.351823647294589,2.0417829442247855,4.128817635270542,2.1009768250237237,6.528056112224449,L
500779,SI,1139,0.3776525198938992,90.48437225636523,0.8869795442503408,2099.7401229148377,85.23483056406815,12.03350307287094,1.7491489074615267,13.697699736611062,1.9596968968025044,6.555399473222125,L
500779,SV,303,0.10046419098143236,79.18943894389439,1.2928051084413792,2228.366336633663,85.63259608368764,-0.4411881188118812,2.4978239352512417,-8.671287128712871,3.2062584691391454,6.4930693069306935,L
502043,CH,36,0.12857142857142856,85.42777777777778,1.0856495385873477,1745.611111111111,72.02867594736252,4.213333333333333,1.811228470245698,-13.206666666666665,2.2013087016590833,7.033333333333334,R
502043,CU,31,0.11071428571428571,78.78709677419356,0.7093386288103728,2453.064516129032,43.99995112411753,-10.544516129032257,1.6226620899203001,7.9316129032258065,2.0018443109196307,6.912903225806453,R
502043,FC,29,0.10357142857142858,87.54482758620692,0.8728386395207267,2367.103448275862,55.39039681310561,6.442758620689656,1.8091491618037394,3.806896551724138,1.8487391522878425,6.8999999999999995,R
502043,FF,26,0.09285714285714286,91.51923076923079,0.7668216119902895,2265.230769230769,63.527195872198035,16.527692307692305,1.0414770576150303,-5.510769230769229,1.8658122586732528,6.865384615384615,R
502043,SI,100,0.35714285714285715,90.90399999999998,0.9838000946648802,2070.5,70.41858971733087,6.6888,1.768871854138574,-13.988399999999999,1.765961391526903,6.951999999999999,R
502043,ST,53,0.18928571428571428,81.20377358490566,0.8728737383694036,2429.754716981132,61.83971391999498,0.6950943396226414,2.8592869085742807,12.982641509433964,2.4392623025315516,6.883018867924529,R
502085,FC,162,0.5078369905956113,91.75555555555556,0.9788445463722695,2683.3395061728397,74.8768897317703,14.085185185185185,2.4163424498730848,3.8977777777777782,2.1627817376518825,6.563580246913581,R
502085,KC,108,0.3385579937304075,84.52314814814815,1.3928124228110284,2679.6574074074074,75.00556515639755,-11.361111111111109,2.5728152271677844,7.4077777777777785,2.6148302185134487,6.501851851851853,R
502085,SI,16,0.050156739811912224,91.23125,1.0254876888583306,2406.9375,64.6802069157688,14.264999999999999,2.1666010246466705,-11.655000000000001,3.0128922981082478,6.65625,R
502085,SL,30,0.09404388714733543,83.65666666666668,1.5303106138012132,2650.266666666667,90.1236443136196,7.023999999999999,3.2732748549216075,12.456,3.591355137568259,6.456666666666667,R
506433,CU,180,0.15267175572519084,71.08388888888888,1.9936257049086477,2507.883333333333,109.35551550310447,-13.760666666666667,2.045447759370268,11.724666666666668,2.1794172764306676,6.681111111111111,R
506433,FC,139,0.11789652247667515,90.72877697841726,0.9332229182346199,2518.028776978417,85.97412337745797,10.616115107913668,1.727725954010474,-1.4028776978417266,2.1152785284802884,6.641007194244605,R
506433,FF,198,0.16793893129770993,93.88737373737372,0.9571489876108311,2371.2979797979797,88.22126713890194,14.41878787878788,2.1903476639077963,-10.666666666666666,2.7735604488548247,6.6803030303030315,R
506433,FS,121,0.10262934690415607,86.33966942148759,1.405197455807248,1134.6694214876034,271.1626015397942,1.2942148760330578,5.00015695621416,-5.8512396694214885,5.385625864318206,6.705785123966941,R
506433,KC,15,0.01272264631043257,78.61999999999999,1.4919785521246616,2551.4666666666667,404.0383409435061,-11.504,3.096460652330104,10.112000000000002,2.164978389862455,6.586666666666667,R
506433,SI,236,0.2001696352841391,93.38728813559322,1.129831213918142,2273.2796610169494,93.13987519061264,6.619322033898306,3.120823603463992,-16.152203389830508,2.312497088428105,6.7186440677966095,R
506433,SL,163,0.13825275657336725,85.85460122699386,1.6945519985532913,2748.282208588957,86.23049138486188,1.6395092024539877,2.7142822536892823,5.521472392638037,1.5694294918181846,6.534969325153375,R
506433,ST,117,0.09923664122137404,82.8059829059829,1.4951237175363639,2744.91452991453,85.12471303810791,2.841025641025641,3.1202319168379318,13.843076923076922,2.732901218781615,6.5376068376068375,R
518397,CH,47,0.13583815028901733,83.3340425531915,1.0681712522984388,1479.0851063829787,170.80523230291763,3.10468085106383,3.41559139386472,8.609361702127659,2.430519182553854,6.31063829787234,L
518397,SI,226,0.653179190751445,91.10044247787611,1.008298799964491,2188.146017699115,91.94288520394795,3.3042477876106195,1.5247969950476012,13.179823008849558,2.08048626038386,6.253982300884956,L
518397,SL,73,0.21098265895953758,83.13287671232877,1.356369213349512,2386.2876712328766,166.24467238347944,-2.092602739726028,2.093512483972318,-3.708493150684931,1.5754573156466847,6.1945205479452055,L
518489,FC,52,0.12560386473429952,89.17115384615384,1.016594958280142,2334.1153846153848,80.83671604310436,10.301538461538463,2.1143388941406767,2.4853846153846155,1.9618003551544592,6.907692307692309,R
518489,FF,147,0.35507246376811596,93.9938775510204,0.8797746045246846,2270.0,73.14921885555636,15.695510204081634,1.5052306898577654,-8.224489795918368,1.9245804323666467,6.868027210884354,R
518489,SI,71,0.17149758454106281,93.90985915492956,0.7107651670815185,2226.845070422535,68.18454954592488,10.847323943661971,1.6051675103921432,-15.275492957746481,1.8122320796917772,6.864788732394367,R
518489,SL,144,0.34782608695652173,85.32430555555555,1.0568621274000483,2371.840277777778,78.03214894166229,2.5625,2.4424828305685953,5.359166666666667,1.3738046297924464,7.0055555555555555,R
518585,FF,429,0.26514215080346104,93.58181818181818,0.8999716789653313,2256.214452214452,69.38478432133654,17.37958041958042,1.3410962217072246,-5.753846153846153,2.0557135752285296,6.9006993006993005,R
518585,FS,898,0.5550061804697157,80.32861915367482,0.9556931958906827,786.3195991091314,159.99036786452683,0.7524721603563475,4.071230480755077,-4.409799554565701,3.0533953840189243,6.9397550111358575,R
518585,SI,139,0.08590852904820766,92.99208633093527,0.8545754728926953,2066.971223021583,79.81381799347953,13.61179856115108,1.695644570614074,-14.194532374100717,1.9641258051082546,6.974100719424461,R
518585,SL,152,0.09394313967861558,82.34407894736842,1.0225104512253695,2596.815789473684,98.61292454903831,2.987368421052632,3.7319694101019323,10.580526315789472,4.335552057314847,6.840789473684212,R
518876,CH,1190,0.26521060842433697,88.40327731092438,1.1676380659516052,2158.7697478991595,82.42279008514569,0.09811764705882352,2.076518035518348,-15.135630252100842,1.9683241981762285,6.065966386554622,R
518876,CU,469,0.10452418096723869,81.99680170575692,1.5846655681032915,2597.790598290598,92.61986826308754,-9.41321961620469,1.918106058391536,7.976545842217484,2.0420868768323137,6.012606837606837,R
518876,FC,816,0.18185870291954534,90.7671568627451,1.1731556750664314,2372.2083333333335,82.62418861306465,12.155588235294116,2.0428960910508263,-3.2538235294117652,2.167851462603456,6.015563725490194,R
518876,FF,1102,0.245598395364386,91.97377495462794,1.2526636818791201,2365.663033605813,88.88037919007033,14.763920145190562,1.607118323320466,-9.531833030852994,1.7793819910314292,6.049818511796733,R
518876,SI,528,0.11767327835970581,92.32765151515152,1.098106260069476,2227.3958333333335,88.13718682696329,6.266818181818182,1.9913655430113035,-16.658636363636365,1.819599293932,6.053598484848484,R
518876,SL,380,0.08468910184978828,86.08552631578948,1.1322688301773303,2336.8526315789472,84.20398256063874,3.685578947368421,1.3445366561043948,1.8145263157894735,1.8115243910470602,6.106578947368421,R
518886,CH,24,0.030848329048843187,88.37083333333332,0.945230207371482,1709.0833333333333,125.23505436011003,2.1799999999999997,1.857572047874181,-16.515,1.3717808165649685,6.629166666666666,R
518886,FF,515,0.6619537275064268,93.57126213592232,0.9448762910932506,2290.6058252427183,83.73637275188455,14.924504854368932,1.6209998048100709,-11.902601941747573,1.7574482482088651,6.717087378640777,R
518886,KC,93,0.11953727506426735,83.86559139784946,1.3587473949941762,2623.548387096774,85.18924152949283,-7.9625806451612915,2.1945529916362423,12.345806451612901,2.6846141017239913,6.539784946236559,R
518886,SI,30,0.038560411311053984,93.93000000000002,0.9128016742708808,2135.0333333333333,61.83821122749341,9.504,1.4428936443707543,-17.624000000000002,1.5379556515735089,6.880000000000001,R
518886,ST,111,0.14267352185089974,85.27117117117118,1.398270840417314,2632.252252252252,75.18806342262634,-0.037837837837837875,2.692193902717263,14.052972972972976,2.5469905930491934,6.608108108108108,R
519008,CH,33,0.11458333333333333,80.86666666666666,0.6546309392830948,1767.4545454545455,51.92608382901777,-1.1236363636363635,2.4072674059265546,15.312727272727273,2.1786568005414373,5.536363636363637,L
519008,SI,146,0.5069444444444444,87.90821917808219,0.7959818789580986,1943.1575342465753,73.71797968644111,-1.476986301369863,1.6825142802542061,17.842191780821917,1.6931751414186857,5.416438356164384,L
519008,ST,105,0.3645833333333333,78.05809523809525,0.6480415692360132,2400.0476190476193,71.2528516234183,-1.6742857142857144,2.7046821429708694,-16.057142857142857,2.464391684295817,5.634285714285714,L
519141,FF,1083,0.7547038327526132,92.60646352723916,1.0165428142787956,2618.5521698984303,102.47228470887748,17.68864265927978,1.9026936603577478,2.0462049861495846,2.2809953202719764,5.792059095106186,L
519141,KC,352,0.24529616724738676,84.01392045454546,1.3857658458085473,2275.778409090909,109.01834336763787,-10.336022727272727,2.471355690921271,-4.078295454545454,2.5123688197092173,5.729261363636365,L
519151,CH,37,0.05597579425113464,88.7108108108108,0.8611309694503774,2065.6486486486488,117.64901100217456,5.1113513513513515,2.0385209264482835,-10.644324324324325,2.7438461859025356,6.4135135135135135,R
519151,CU,163,0.24659606656580937,81.3644171779141,1.0318197386348213,3240.312883435583,90.57856023217217,-11.95361963190184,1.6430500176804919,16.364907975460124,2.692213823093736,6.146625766871166,R
519151,FF,243,0.367624810892587,93.36008230452676,0.941738322241448,2573.7366255144034,76.87897390207034,15.97185185185185,1.8815198123877712,0.2118518518518519,2.2892413361890886,6.434567901234567,R
519151,SI,78,0.11800302571860817,93.37820512820514,0.8571543733270102,2371.974358974359,86.04483493919679,9.146153846153846,1.8045809174742728,-13.244615384615384,2.3896224188551853,6.420512820512819,R
519151,SL,140,0.2118003025718608,88.78071428571428,0.843843248815459,2706.0214285714287,96.48546823578313,2.616,1.8752445595903968,4.766571428571428,1.7858765541894825,6.298571428571428,R
519242,CH,374,0.09674081738230729,87.55748663101605,2.1148485881403256,1832.1725067385444,106.82196554622432,-0.3718716577540108,2.0107443900831514,16.298823529411766,1.8956806288303498,6.64798927613941,L
519242,FF,1596,0.4128297982410761,95.32637844611529,1.829154260505757,2290.2007575757575,106.00608499647457,9.469999999999999,1.8478673974328619,14.811654135338344,1.8266819420176115,6.657429467084639,L
519242,SI,224,0.05794102431453699,94.87008928571429,1.7813805275461403,2159.21198156682,96.22399237003883,2.117142857142857,2.245130027523321,18.134464285714284,1.6795338021131767,6.628124999999999,L
519242,SL,1672,0.4324883600620797,79.15747607655501,2.194101028481951,2409.0397350993376,140.0321163194131,-3.4879665071770334,2.1232980632836798,-11.24877990430622,3.12863854110515,6.4147727272727275,L
519326,CH,34,0.09239130434782608,87.1705882352941,1.6933970541156909,1487.6176470588234,260.4762554996988,4.6905882352941175,3.205590704488938,-11.841176470588236,2.7357385183240215,6.055882352941176,R
519326,FF,129,0.35054347826086957,93.46976744186045,0.9664371302594836,2215.2093023255816,102.14448057918106,14.831627906976744,1.4906347173151164,-7.323720930232558,2.0905468295428418,5.965891472868217,R
519326,SI,39,0.10597826086956522,92.87948717948716,0.8442310382140317,2232.6923076923076,87.14421013655404,5.556923076923078,3.0586875013262182,-15.615384615384615,2.1755892682139275,5.992307692307692,R
519326,SL,120,0.32608695652173914,84.83916666666667,0.9781903917832305,2644.525,86.77721523553065,0.664,2.303624619280368,5.352,2.3177363630791783,5.9608333333333325,R
519326,ST,46,0.125,81.47173913043477,0.9896493303698279,2794.1304347826085,67.68115073084387,-0.3,2.6158593234346528,16.481739130434786,2.997622246120212,5.967391304347826,R
521230,CU,34,0.11643835616438356,82.03823529411765,1.147860910664585,2009.939393939394,207.8665346132494,-12.723529411764707,2.3102274351541747,5.142352941176471,2.1033235731755435,6.911764705882353,R
521230,FF,160,0.547945205479452,94.68625,1.042462463315291,2322.775641025641,92.85587678992184,18.29775,1.5766008934915934,-7.276499999999999,2.0030386350704537,6.9605095541401285,R
521230,SL,97,0.3321917808219178,86.02061855670104,1.0261109979279668,2219.0,80.71713150966737,3.3698969072164955,1.7746270117767944,2.445773195876289,1.6025395438773802,7.015625,R
527048,CH,686,0.2973558734286953,82.14139941690962,1.2907782163241237,1635.3892128279883,63.899637093596425,8.89941690962099,2.0272648744523,14.41399416909621,1.6629500020911638,6.093586005830904,L
527048,CU,192,0.08322496749024708,76.7625,1.2666276286810658,2419.359375,76.77192042050503,-3.3743750000000006,2.2376655807579695,-5.3525,2.229051872727259,5.9984375000000005,L
527048,FC,581,0.2518422193324664,85.61497418244407,1.5720400344844783,2223.1772805507744,65.36883075794465,10.07958691910499,2.6981832651838626,-0.9531841652323579,2.254194025739546,6.015834767641996,L
527048,FF,112,0.04854789770264413,89.9,1.0433832702553014,2087.026785714286,62.92401535577818,15.744642857142855,1.597604021664508,10.068214285714287,1.810524892427714,6.03125,L
527048,SI,736,0.3190290420459471,89.3179347826087,1.2709968560094096,1983.8858695652175,66.34816857704922,9.12929347826087,1.774952728165659,16.04266304347826,1.6860401543118968,6.030570652173913,L
534910,CU,18,0.1232876712328767,78.97222222222223,0.5879231197794852,3130.1111111111113,47.588788705508314,-13.366666666666667,1.4097642689888432,16.766666666666666,2.341331948724411,6.3388888888888895,R
534910,SI,82,0.5616438356164384,94.85243902439025,1.0644914869860185,2317.268292682927,119.05088120449845,3.3526829268292686,3.1693727419216207,-17.44975609756097,2.5475357134654883,6.497560975609756,R
534910,ST,31,0.21232876712328766,81.88709677419354,1.3826886695815699,3063.3870967741937,116.56977235954864,-3.4180645161290326,2.7069459043416915,20.024516129032257,2.8489563454122138,6.332258064516129,R
541640,CH,18,0.11392405063291139,83.65000000000002,1.0617687795261594,1686.3333333333333,128.7587803973452,7.186666666666667,2.4913969622541914,-14.006666666666668,1.8235195445653347,6.372222222222224,R
541640,FC,70,0.4430379746835443,88.85714285714289,0.7064037168504459,2334.214285714286,47.37329182638576,11.76342857142857,1.8131083772289065,0.5845714285714286,2.031226291787108,6.230000000000001,R
541640,SI,51,0.3227848101265823,90.66666666666667,0.894576249777886,2197.235294117647,57.51646311632666,6.390588235294117,1.954172368819809,-14.364705882352942,2.455435075860225,6.18235294117647,R
542881,CH,795,0.33988884138520736,78.67559748427672,1.1997305486709577,1916.3811320754717,82.14961098884494,12.222339622641512,2.4494691884500415,13.15033962264151,1.955281231842191,5.942767295597484,L
542881,FC,480,0.20521590423257802,84.35270833333334,1.500602856701966,2294.335416666667,72.38696462076342,13.359250000000001,2.12174649866399,-1.701,2.250219530000163,6.055833333333334,L
542881,FF,892,0.38135955536554084,89.28778026905829,1.1564278006263218,2184.7959641255607,76.99647160186471,19.48170403587444,1.3956484439046934,6.859641255605381,1.9803891185402278,6.047421524663678,L
542881,SI,85,0.036340316374519024,88.46117647058824,1.1660979005750287,2141.3058823529414,86.73138932103777,10.425882352941176,4.15351466033448,16.33411764705882,2.2821352230905574,6.008235294117648,L
542881,SL,81,0.03463018383924754,80.69506172839506,2.0055486303358427,2331.901234567901,90.74698410116332,5.933333333333332,3.530529705299192,-3.017777777777778,2.255562014221733,6.109876543209876,L
542888,FC,403,0.23789846517119245,90.59205955334988,0.9681939263554799,2456.915,89.90639953135556,8.92168734491315,2.403515073381854,4.207444168734492,1.968250522200813,6.630521091811414,R
542888,FF,506,0.2987012987012987,93.53478260869566,0.8894406141574519,2299.688492063492,113.37723669109985,15.422608695652174,1.9080239928965228,-5.571462450592885,1.9935320750443957,6.658498023715414,R
542888,SI,358,0.21133412042502953,94.0399441340782,0.9393346457478239,2115.0028169014086,113.62724017398634,10.79094972067039,2.044897371011345,-15.361340782122907,1.6944154081626486,6.736871508379889,R
542888,ST,426,0.2514757969303424,84.85539906103286,1.087871729202996,2608.345238095238,88.46814807089346,9.811267605633804,2.296853456614048,12.453521126760565,2.9645887000946827,6.6281690140845075,R
542932,EP,25,0.49019607843137253,49.644,3.0126234414543074,1297.6,96.13402103313894,20.073600000000003,1.4124531850649067,0.6335999999999999,2.711867253388337,4.548,R
542932,FA,26,0.5098039215686274,62.169230769230765,2.231191471975318,1614.8076923076924,72.8993932653869,19.38923076923077,1.6903133983422673,-4.070769230769231,1.8747435516932403,4.588461538461539,R
543037,CH,130,0.14755959137343927,86.40076923076923,1.4333511529726712,1949.5153846153846,96.74631051718785,8.494153846153845,2.077815558592179,-15.187384615384616,1.5047462655851607,6.406923076923078,R
543037,FF,401,0.4551645856980704,96.83042394014963,1.134514023635423,2337.738693467337,84.29187661797462,16.934364089775563,1.4323076335435874,-9.649675810473815,1.8365026938826972,6.261209068010076,R
543037,KC,116,0.13166855845629966,83.0060344827586,1.5381122700642955,2820.75,76.71889682754036,-13.960344827586205,1.4981263260338302,12.177931034482759,1.8216426019160405,6.054310344827585,R
543037,SI,58,0.06583427922814983,96.06379310344828,1.114922430762907,2318.6724137931033,66.01392408438355,10.888965517241381,1.4831364225562278,-15.860689655172413,1.5521483267755567,6.33103448275862,R
543037,SL,176,0.19977298524404086,89.47613636363637,1.1032931814145523,2503.943181818182,76.66310089580931,2.860909090909091,2.3051344609625017,4.401136363636363,1.4053704600105021,6.148295454545454,R
543056,FC,453,0.38751069289991447,85.21147902869758,0.9051967823153692,2578.6136865342164,102.99075690058123,3.614039735099338,3.2587598444931998,-4.9801324503311255,2.444059617940286,5.8713024282560715,L
543056,FF,188,0.16082121471343028,90.19308510638298,0.8969973996418048,2413.021276595745,67.43790627413979,15.025531914893618,2.3014218423188297,0.21255319148936175,2.1904654530256464,6.015425531914893,L
543056,KC,47,0.04020530367835757,78.45106382978724,1.2063009106941502,2752.446808510638,85.70977533174997,-18.773617021276593,2.6436506589677276,-5.0987234042553204,2.4975236579123004,5.859574468085107,L
543056,SI,263,0.2249786142001711,90.07452471482891,1.0897147809294683,2263.505703422053,100.97743194021102,13.072243346007603,1.6802927957615,11.140380228136882,2.8173722001923602,6.020532319391634,L
543056,ST,216,0.1847733105218135,80.775,1.0966863408616692,2616.564814814815,111.8564922088471,-3.9972222222222222,3.3420338699057046,-12.172777777777776,3.4007878248219727,5.7824074074074066,L
543101,FF,114,0.17981072555205047,93.91578947368419,1.207321246584598,2347.964912280702,114.18669155321186,15.228421052631578,1.7424769161876064,-12.527368421052632,1.9851096368070926,6.546491228070175,R
543101,FS,129,0.20347003154574134,83.59922480620155,1.4795214663464145,1289.6976744186047,105.56408040936282,0.028837209302325573,2.4753533926703577,-8.38325581395349,1.8833062528066074,6.647286821705427,R
543101,KC,136,0.21451104100946372,83.20808823529411,1.6993704780848968,2356.0661764705883,125.52693098713961,-0.7041176470588235,2.842601956369013,14.968235294117648,2.388560974606209,6.5036764705882355,R
543101,SI,113,0.17823343848580442,94.05486725663715,1.0687100995427754,2185.8053097345132,92.32424020103198,9.662654867256638,1.7920608735371422,-16.62265486725664,1.7777986074773542,6.575221238938054,R
543101,SL,140,0.22082018927444794,88.16642857142857,1.610201770916519,2303.807142857143,96.0686876894232,4.875428571428572,2.4646266871661253,4.329428571428571,2.0090707152178955,6.502142857142857,R
543135,CU,770,0.20861555134109996,76.12,1.264259113208839,1902.56640625,112.73453381772336,-8.274545454545454,2.5176597310475097,8.546337662337663,2.4297682123897975,6.77012987012987,R
543135,FC,731,0.198049309130317,90.52735978112175,1.2298862874141119,2273.8737997256517,88.1213915914251,10.918194254445966,2.5914140679950317,1.0468399452804378,2.425907484563759,6.813406292749659,R
543135,FF,666,0.18043890544567867,94.29774774774775,1.1116786883798424,2213.2477341389726,74.52915614634887,13.109549549549548,1.8869846514968687,-12.807567567567569,2.096083659101915,6.840240240240241,R
543135,FS,1254,0.3397453264697914,88.07639553429026,1.341278263649531,1530.4345047923323,116.5225750450027,0.5425837320574163,2.188135246484989,-12.611387559808612,2.1101339086056488,6.802392344497607,R
543135,SI,232,0.06285559468978597,93.48318965517242,1.0176035843020093,2127.8663793103447,74.6791943463448,9.752586206896554,1.7512158401930717,-16.728103448275863,1.7405367703649317,6.853448275862069,R
543135,SL,38,0.010295312923327011,86.00263157894737,1.3517729783220866,2100.2368421052633,78.43828154275054,3.8810526315789478,2.3347802599002576,5.055789473684211,1.9969390516744416,6.8236842105263165,R
543243,CH,327,0.07381489841986456,86.20581039755352,1.3626018960543183,1815.7400611620794,186.74659600710706,6.028256880733944,3.1392717818489273,-13.29724770642202,3.1203556520865576,6.52354740061162,R
543243,CU,782,0.1765237020316027,80.07263427109974,1.0313115683877074,2584.428388746803,177.24572774051876,-13.894526854219949,1.8738143583605151,12.787519181585678,2.4403336674976446,6.45626598465473,R
543243,FC,675,0.1523702031602709,88.07466666666667,1.2576748363807242,2651.688888888889,113.93276341607859,2.7900444444444448,2.9008764404315537,4.662755555555555,2.0160280876632846,6.483407407407406,R
543243,FF,905,0.20428893905191872,91.69359116022099,0.8206831472866711,2485.068508287293,91.95109651864026,10.784486187845303,2.2151796772040755,1.1512044198895028,2.0625524362286725,6.479668508287293,R
543243,SI,847,0.191196388261851,92.22408500590319,1.0154880191884772,2377.103896103896,129.02234150158583,7.909374262101535,1.906309161654948,-10.608736717827627,3.2917286102957113,6.520779220779221,R
543243,SL,48,0.010835214446952596,84.44583333333334,1.2542622368808094,2621.2916666666665,101.43312613744182,-0.5049999999999999,3.083845347558722,5.0725,1.4905468081325197,6.4750000000000005,R
543243,ST,841,0.18984198645598194,85.02520808561236,0.8995009122689316,2658.6349583828774,133.54927275222084,-4.213412604042806,2.3036275497329353,14.502877526753865,3.2991554179649083,6.459928656361473,R
543294,CH,987,0.3835989117761368,79.45937183383991,0.8607869474507633,2077.38905775076,77.33320467600028,8.534103343465045,2.993719267431337,-10.858115501519757,5.828520568991502,5.504761904761906,R
543294,CU,212,0.08239409249902838,72.24669811320754,1.1961385119257986,2822.646226415094,60.684033948097884,-10.106603773584904,2.9350262234446842,15.746603773584905,2.0359409887222055,5.3985849056603765,R
543294,FF,385,0.14963078118927323,86.50181818181818,0.938123025304283,2050.7766233766233,60.87736968373707,14.27064935064935,1.9766606531375936,-5.857558441558441,1.9769155431972971,5.538181818181819,R
543294,SI,987,0.3835989117761368,86.1952380952381,0.8592697138994053,1981.3637284701115,75.67567462332238,7.202188449848024,1.7046025492355612,-13.861033434650457,1.9014597109456592,5.5457953394123605,R
543309,EP,33,0.6470588235294118,40.857575757575766,2.006867942689289,1122.0,72.35675504056273,19.672727272727276,2.967413933805908,0.26909090909090916,4.193247819140585,3.9363636363636365,R
543309,FA,18,0.35294117647058826,47.61666666666667,9.768270965071498,1339.611111111111,273.86453046305877,22.206666666666667,2.054470018964387,-2.6800000000000006,2.2768399153212333,4.0,R
543510,EP,55,0.9649122807017544,37.99636363636363,4.0757168711121246,870.3454545454546,98.65075287989971,22.98327272727273,2.7517610889953894,-2.794909090909091,2.6622970259806578,4.447272727272727,R
543518,FF,128,0.3855421686746988,92.36250000000001,1.0087022925326523,2388.828125,64.60407697514935,18.2559375,1.4307871505149672,-7.158750000000001,2.3383792085191497,6.014843750000001,R
543518,FS,109,0.32831325301204817,84.87798165137613,0.8975643790141329,1373.2568807339449,130.1469542386125,5.387889908256882,2.013616643695513,-9.559266055045871,2.2566772141645925,6.011926605504587,R
543518,SL,82,0.2469879518072289,86.4390243902439,1.0499566243317007,2652.1585365853657,88.73785356104857,2.366341463414634,1.9730877676255023,4.552682926829269,2.1714386474082095,5.919512195121951,R
543592,FA,16,0.5517241379310345,57.943749999999994,1.8800598394732002,1339.8125,65.08683302583813,9.4425,1.679267697539615,-5.5725,1.9863383397598708,3.8187499999999996,R
543859,FF,226,0.5692695214105793,92.42964601769911,0.8747605937408526,2355.579646017699,70.92052097231979,11.215752212389377,1.8470164796520345,-13.248849557522124,1.8906176543775974,6.025663716814159,R
543859,SI,32,0.08060453400503778,91.78125,0.9680167620516206,2323.09375,48.52824875698025,6.04875,1.6854821268705285,-16.893749999999997,1.4632746087611719,6.1625,R
543859,SL,103,0.2594458438287154,83.91650485436897,0.9667103188972784,2231.378640776699,78.01622713367787,0.11184466019417472,1.6789292500321042,0.6850485436893202,1.4532363300419309,6.011650485436894,R
543859,ST,36,0.0906801007556675,80.08333333333334,1.1797094073178722,2503.6944444444443,78.99686049618661,-1.353333333333333,1.8456187502917745,13.49,3.7687724412977914,5.85,R
544150,CH,137,0.1615566037735849,84.86788321167883,0.9617641806604013,2017.941605839416,109.2275529788856,8.321167883211679,1.8757269436664339,-16.824525547445255,1.5585834305561872,6.692700729927008,R
544150,CU,75,0.08844339622641509,78.39999999999999,1.8137612107798886,2303.3733333333334,72.71877956140972,-6.5984,2.6973495699858234,5.4336,2.7103089681257195,6.564,R
544150,FC,175,0.20636792452830188,85.52171428571428,1.3713771199981848,2164.88,60.23605289994952,9.018514285714284,1.9060448513530468,2.083885714285714,2.4913742661411087,6.668571428571428,R
544150,FF,436,0.5141509433962265,93.47408256880733,0.9644689242326048,2318.3325688073396,74.14615541025503,17.105779816513763,1.665175863041516,-5.235412844036697,2.189422652962629,6.555733944954129,R
544150,SV,25,0.0294811320754717,81.056,1.2887590930814012,2432.84,155.57224473964928,-1.1615999999999997,3.0781267030452137,5.184,2.2323978140107554,6.724,R
547001,SI,20,0.29411764705882354,92.19,1.2871428988675893,2326.0,84.89250168363083,8.976,1.7106674597638014,-13.925999999999998,3.0359051368578696,5.4799999999999995,R
547001,SL,24,0.35294117647058826,84.34583333333333,1.1492830153079627,2727.7083333333335,69.82616873765673,-2.6799999999999997,1.6682821156481011,4.95,1.5603009743106562,5.416666666666667,R
547179,CH,771,0.1822695035460993,84.17535667963683,1.4327304678108983,2008.551232166018,148.19441743490003,8.287782101167315,2.794921114374307,-14.822256809338521,2.2442965730912854,5.842153047989624,R
547179,CU,491,0.11607565011820331,82.42077393075355,1.4333691621179954,2528.091649694501,94.29788748000308,-11.029246435845213,2.443479962868808,1.49938900203666,2.227349581123686,5.9010183299389,R
547179,FC,527,0.12458628841607565,90.19696394686908,1.3946905992079364,2507.318785578748,81.22229792767288,7.53404174573055,2.48545215534416,-0.8292979127134726,2.7686596255419156,5.876280834914611,R
547179,FF,880,0.20803782505910165,93.97034090909091,1.190680486179036,2361.5227272727275,84.70600663615349,14.40040909090909,2.1182966552931743,-10.85290909090909,2.3839975969685554,5.873977272727273,R
547179,SI,773,0.18274231678486996,93.1353169469599,1.2051303583026125,2212.6481241914616,83.84849625097235,8.052108667529106,2.346428512735503,-15.996326002587322,2.3765427402374484,5.895084087968952,R
547179,SL,431,0.10189125295508274,85.54640371229698,1.5372369699410788,2560.8538283062644,87.23117896799972,0.317122969837587,2.450312003143728,2.381345707656613,1.7274939635673885,5.896751740139211,R
547179,ST,356,0.08416075650118203,82.4317415730337,1.561356687262191,2542.5983146067415,103.67500084383096,-0.45033707865168543,2.8688392703839924,10.844494382022472,3.577671919467831,5.907303370786517,R
547184,FF,225,0.27239709443099275,95.81511111111112,1.1645979959039483,2391.3866666666668,86.65318187217032,14.601600000000001,1.7973366009578888,-5.823466666666666,2.4073022244828337,5.722222222222222,R
547184,SI,41,0.04963680387409201,95.14390243902439,0.9080332539306603,2338.390243902439,102.04407823308034,8.402926829268292,2.867659536889307,-15.158048780487805,2.1196971711923798,5.7560975609756095,R
547184,SL,137,0.16585956416464892,90.17226277372262,1.3585637922089175,2735.5036496350367,109.36555835467253,5.646131386861314,2.2303884679366237,4.340145985401459,2.1755600987418022,5.686131386861314,R
547184,ST,412,0.49878934624697335,83.1016990291262,1.0081526680717432,2801.5436893203882,73.5882576450988,-1.702135922330097,2.692380037919014,16.280388349514563,2.5695108918845957,5.6652912621359235,R
547973,FF,585,0.3871608206485771,97.89418803418802,1.8478607769212407,2439.8410256410257,77.54331771490004,18.317128205128203,1.5010872631359575,2.881846153846154,2.3358702311054875,7.214188034188035,L
547973,FS,164,0.10853739245532759,90.61341463414634,1.958198884171007,1211.780487804878,287.17524306673,3.3526829268292677,3.5283344056351753,5.154878048780488,3.205759098260442,7.472560975609756,L
547973,SI,508,0.33620119126406356,98.8509842519685,1.7711413919069998,2442.8917322834645,84.93744124703122,16.71236220472441,1.8394188931845303,10.80496062992126,2.0395762308878673,7.226181102362205,L
547973,SL,254,0.16810059563203178,86.22125984251967,1.5893981718926777,2316.4251968503936,92.41250704028636,4.672913385826772,3.706212733034608,-10.640787401574803,3.251213602853887,7.338582677165355,L
548384,CH,126,0.12883435582822086,84.15317460317459,0.9106205803021594,1958.4435483870968,149.25426019273473,-0.3428571428571428,2.839463289325743,17.21428571428572,2.1120331166234787,5.741269841269841,L
548384,FC,233,0.23824130879345604,86.67210300429184,1.1754468510695033,2581.810344827586,75.28536347210746,6.314678111587984,2.3160681240896186,-3.927038626609442,2.2742543839271585,5.884549356223175,L
548384,SI,225,0.23006134969325154,90.32400000000001,1.002920734654539,2383.9955156950673,83.93232461296162,4.443733333333334,2.2933366832755158,16.875733333333333,2.426086560698113,5.9479999999999995,L
548384,ST,394,0.40286298568507156,80.92157360406091,1.1059250838127854,2917.127877237852,80.90604880778355,4.712893401015228,2.737039550327712,-16.89959390862944,3.519661364344226,5.894416243654821,L
552640,FF,133,0.10657051282051282,94.58345864661653,0.9598911279117063,2483.4436090225563,84.71184790072208,16.08631578947368,1.7164434131163842,-2.4586466165413534,2.165126066017826,6.574436090225564,R
552640,SI,469,0.37580128205128205,95.17377398720683,0.8328042166914037,2289.946695095949,85.87940843730499,9.594626865671641,1.9322371227433406,-15.61918976545842,1.7780283496622664,6.577611940298508,R
552640,SL,639,0.5120192307692307,89.2924882629108,1.0913337326796948,2641.7292644757435,100.9140060583126,1.844882629107981,2.339865483298749,5.837934272300469,1.5038619423852055,6.550704225352112,R
554340,CH,22,0.05804749340369393,89.42727272727274,1.215448895394626,1865.6818181818182,226.93178886294623,2.7763636363636364,2.3926445728415353,-16.052727272727275,5.174256957760705,5.922727272727273,R
554340,CU,62,0.16358839050131926,84.54838709677418,1.8595559081588486,2857.2580645161293,105.35232621454281,-1.2929032258064515,2.26492889701068,11.303225806451614,2.6986194249346434,5.804838709677419,R
554340,FF,171,0.45118733509234826,96.02923976608187,1.2751788828829207,2590.9239766081873,67.92487249964896,15.76982456140351,1.2849964402258824,-10.00140350877193,1.8687266239464884,5.929239766081871,R
554340,SI,57,0.1503957783641161,95.2298245614035,1.014707014765611,2414.7719298245615,75.69016201968665,6.703157894736843,2.2736119453845873,-18.143157894736845,1.6998478481225656,5.931578947368421,R
554340,ST,64,0.16886543535620052,85.709375,1.246164751267499,2782.421875,119.7198853259571,7.096875000000001,1.9404703038181232,13.745624999999999,3.719043175718338,5.848437499999999,R
554430,CU,353,0.09009698825931597,80.7254957507082,1.1167507380429138,2824.9660056657226,85.94246212232748,-10.779943342776203,1.8237651479734605,12.86957507082153,2.2738693720605307,6.879036827195468,R
554430,FC,376,0.0959673302705462,91.51489361702127,1.1697254330194253,2547.5452127659573,74.57047192882679,9.203617021276596,2.2928851582528442,0.4107446808510638,2.569425871792821,7.060106382978723,R
554430,FF,1531,0.39076059213884634,95.76766819072503,1.1471161839603907,2458.051633986928,76.96745305581216,14.573455258001307,1.573797792379154,-10.63555845852384,2.3200061130072105,7.25055519268452,R
554430,FS,438,0.11179173047473201,87.21164383561643,1.2397964478592383,1549.3424657534247,96.82980220613459,3.191506849315069,3.5720538757495426,-13.92027397260274,2.2366933582348354,7.238812785388127,R
554430,SI,645,0.16462480857580397,95.19565891472868,1.1668877788584175,2298.2852713178295,112.62152518458886,7.424186046511628,1.7938391364112127,-17.529860465116275,1.5680393301024789,7.224806201550388,R
554430,ST,575,0.1467585502807555,82.82069565217391,1.6140194387535867,2709.8191304347824,106.87464725426406,1.2121043478260871,3.299447465552791,15.034434782608695,3.711971730925795,6.936062717770034,R
554431,FF,76,0.5984251968503937,94.48684210526315,0.9818814735344455,2446.3684210526317,83.68844477867708,17.39842105263158,1.2852133961658703,7.4526315789473685,2.113779154923587,6.286842105263158,L
554431,SL,42,0.33070866141732286,84.35,1.0972804519556083,2710.190476190476,90.93370356292628,-5.088571428571429,2.3792851677358193,-5.114285714285714,2.551090768964965,6.25952380952381,L
570632,CH,237,0.2476489028213166,88.79493670886076,1.235550251484479,1856.1476793248946,94.18881665649573,8.600506329113925,2.1277010144640385,-15.831898734177214,1.9944605973665017,6.3164556962025316,R
570632,FF,99,0.10344827586206896,96.32828282828282,0.9605526049868486,2138.161616161616,106.71244089729805,11.935757575757574,1.9922856788987577,-13.941818181818185,1.5010882879556005,6.132323232323232,R
570632,FS,32,0.03343782654127482,85.0,1.324703253441093,1321.59375,85.8452694227123,8.83125,3.1420845248481655,-10.77,2.778200856669654,6.31875,R
570632,SI,346,0.361546499477534,96.10028901734103,0.9085263926171492,2175.416184971098,105.49409035394478,9.824046242774566,2.1167247979648125,-16.063005780346824,1.5900918522265357,6.19306358381503,R
570632,SL,243,0.25391849529780564,87.53950617283952,1.4768751083641232,2228.4814814814813,88.61726289920355,7.904197530864197,1.5066751180110287,-0.6548148148148148,4.12407137890362,6.185185185185185,R
571466,EP,21,0.9545454545454546,42.75714285714285,2.5648725949979325,1100.5714285714287,230.09184501597866,14.868571428571428,2.926845205531522,-0.6857142857142857,2.622252031038534,3.423809523809524,R
571510,CH,938,0.2438897555902236,78.76535181236675,1.2769460357132218,1812.1044776119404,100.22072630980114,5.167036247334755,2.187346545498484,15.888869936034116,2.0558244825947734,6.213752665245202,L
571510,CU,430,0.11180447217888716,73.49093023255814,1.9738468516383318,2317.413953488372,105.21074772354747,-8.144651162790698,2.586138186019801,-10.362976744186046,3.262022264414693,6.075116279069767,L
571510,FF,1808,0.4700988039521581,93.15481194690265,1.1308664631256058,2316.6908185840707,99.5081322441912,12.748075221238937,1.937921413087685,13.418429203539821,1.8263474665538713,6.380033185840708,L
571510,SI,95,0.02470098803952158,91.56315789473686,1.422094098061096,2288.7368421052633,77.91405665195572,9.11115789473684,1.8961746840021994,17.36336842105263,1.7447761610543773,6.336842105263155,L
571510,SL,575,0.14950598023920958,82.32730434782609,1.7309748928522612,2501.8678260869565,94.50599555840562,0.7544347826086955,2.4279125227858307,-2.012452173913043,2.354270063177584,6.213565217391305,L
571578,CH,482,0.12196356275303644,79.93070539419087,3.111064541006445,1364.7916666666667,279.1125780857084,8.545145228215768,3.1445531695027156,11.636016597510372,3.138442862400963,6.7558333333333325,L
571578,CU,31,0.00784412955465587,68.35806451612903,2.997418243927973,1906.774193548387,101.83866642142671,-2.4929032258064514,2.577572751703156,-3.0116129032258065,1.2525895757035863,6.509677419354839,L
571578,FC,851,0.215334008097166,87.21915393654524,1.2894493995200902,2309.7273795534666,71.10157400472025,6.45560517038778,1.7191825565511378,-1.2368037602820212,1.7555980064548364,6.726674500587545,L
571578,FF,222,0.056174089068825914,91.24234234234234,1.029083812491063,2145.4449541284403,82.55633014634861,15.094594594594595,1.6482662130587158,7.53945945945946,2.064455419010558,6.660550458715598,L
571578,SI,1125,0.284665991902834,91.50453333333334,0.9653640915123652,2076.885714285714,69.38717687048464,11.097706666666667,2.0340026111251817,14.950506666666666,1.9113616588043538,6.739642857142857,L
571578,SL,1240,0.31376518218623484,79.95112903225807,2.6640733585715233,2219.9239482200646,91.89303256567135,0.063,2.102973957830279,-2.60641935483871,1.5521983946273374,6.72467637540453,L
571760,CH,361,0.1733909702209414,82.00055401662048,1.0990903931037643,2107.1828254847646,91.6359332345791,4.8993905817174515,2.126399320923086,17.010415512465375,1.7676318414392196,6.369252077562328,L
571760,CS,112,0.053794428434197884,73.46428571428571,1.1226462578811809,2507.2946428571427,70.32417066735647,-6.967499999999999,2.2067776434356876,-9.806785714285715,2.5263605608459145,5.891071428571428,L
571760,CU,120,0.05763688760806916,76.825,1.443225262966203,2606.675,72.54209586349782,-3.551,3.2763967192916175,-10.068999999999999,2.445897061810818,6.049166666666667,L
571760,FF,909,0.4365994236311239,90.1020902090209,0.9605351554237421,2375.079207920792,64.05953227383763,12.67960396039604,1.7385410415380051,15.945346534653465,2.040549727218831,6.364686468646864,L
571760,SI,234,0.11239193083573487,89.22393162393163,1.1307750824766802,2363.3888888888887,64.33161175396694,3.0846153846153848,2.6450126486506553,18.551794871794872,1.9265270919074606,6.461965811965811,L
571760,SL,346,0.16618635926993275,80.53468208092485,1.1589398141566265,2475.28323699422,86.174717075919,-0.5240462427745666,2.8451543017477907,-3.1633526011560695,2.1955703171023786,6.184104046242775,L
571771,CS,51,0.408,51.54313725490196,3.5694960373677853,1164.0588235294117,101.58964745774166,16.821176470588238,2.143766449087982,16.88705882352941,2.7809029426556022,4.5627450980392155,R
571771,EP,69,0.552,53.86086956521739,6.153937462434934,1266.463768115942,172.48773014420004,17.252173913043478,2.7247217178819745,0.21913043478260882,6.436947061148684,4.610144927536232,R
571927,CH,533,0.23469837076177896,83.30731707317074,1.1073078028842114,2383.264540337711,108.73885475524341,0.39782363977485924,2.3212087997737036,15.340863039399625,1.8150755504283906,6.531332082551595,L
571927,CU,379,0.1668868339938353,79.17572559366754,1.1795845778721477,2279.263852242744,100.8392247364012,-10.497941952506597,2.2032412359320803,-10.900686015831136,2.3820533923730793,6.536147757255938,L
571927,SI,1222,0.5380889476001761,94.00392798690672,1.090304657910861,2226.4026186579376,93.20611977224341,11.475810147299509,2.02729178873848,15.380523731587562,1.882656665958234,6.509165302782325,L
571927,SL,136,0.059885512989872304,83.8220588235294,2.7931580739628377,2270.301470588235,91.18222047721082,-0.14470588235294124,5.10056974902862,-6.832058823529412,5.480344557652213,6.569117647058824,L
571945,CH,427,0.10354025218234723,85.93911007025761,1.7328616606078096,1622.4754098360656,176.66112019686045,5.11503512880562,3.5174480834675914,-13.950070257611243,2.5447489420669522,6.318266978922716,R
571945,CU,669,0.16222114451988362,76.3,1.6434409644379728,2567.4618834080716,87.92690791089392,-14.87964125560538,1.7686125325439361,8.211479820627803,2.475326336369272,6.163228699551569,R
571945,FF,1114,0.27012609117361785,92.99667863554757,1.38088533359532,2217.0790655884994,80.95873939247187,15.05472172351885,1.7260771898064329,-8.057235188509873,2.165160112972566,6.190574506283663,R
571945,SI,799,0.1937439379243453,92.58235294117648,1.4254055292777121,2130.8798498122655,78.84756132433303,9.415419274092615,2.559181914863103,-15.243454317897372,1.910362739663856,6.212515644555695,R
571945,SL,945,0.22914645974781767,87.76253968253968,1.5901357422475615,2262.177777777778,69.14799387181941,6.813206349206349,2.783472100275211,2.634920634920635,1.97484037625905,6.141798941798942,R
571945,ST,160,0.038797284190106696,81.59124999999999,1.8618779827479315,2417.33125,82.72464911230944,-1.49625,2.5966918358877393,9.77325,3.675134113840879,6.1975,R
571946,FF,439,0.6174402250351617,95.16719817767654,0.95955618279592,2452.8132118451026,78.35350002776607,17.85239179954442,1.5925762338910239,-10.847015945330297,1.9190118217174392,7.110478359908884,R
571946,FS,204,0.2869198312236287,86.89509803921568,0.8609054061973256,1940.9901960784314,136.3569638056175,4.630588235294118,2.7059397622826507,-14.942941176470589,2.1019941684523,7.109313725490196,R
571946,ST,61,0.08579465541490858,83.42950819672132,0.9461050439028212,2595.934426229508,69.97353520021196,2.1895081967213113,2.37856989682842,14.152131147540981,2.6200032536583477,7.088524590163936,R
571948,CH,299,0.16807195053400786,80.97056856187291,0.9754727013550224,1623.258389261745,165.49571595691046,-3.827558528428094,2.632482762664174,15.666220735785949,2.021438810318998,6.714046822742475,L
571948,FF,251,0.14109050028105677,87.74262948207172,0.9252758821926198,1982.212,106.51910785088936,6.550278884462151,1.9216928791855243,14.91633466135458,1.7481325211647383,6.742231075697211,L
571948,SI,640,0.35975267003934797,87.2759375,0.9590271523944115,1938.858044164038,102.03506834493729,-0.20606249999999998,2.28848833032379,17.697562499999997,2.0494821657890374,6.765156250000001,L
571948,ST,585,0.3288364249578415,78.23367521367521,0.9587793665829855,1816.129757785467,107.05824770828062,-0.044307692307692284,2.287095553217419,-14.773948717948715,2.5541043314089213,6.680000000000001,L
572143,CH,31,0.09365558912386707,84.51612903225804,1.5407999598030342,1709.3548387096773,171.75729938629425,3.2670967741935484,2.323523464551753,-8.783225806451613,2.631699561242727,6.661290322580644,R
572143,CU,77,0.2326283987915408,82.17012987012987,1.3332849159584572,2464.6493506493507,73.68831340495947,-13.326233766233768,1.5825371359748803,9.291428571428574,2.047549057497071,6.568831168831169,R
572143,FC,70,0.21148036253776434,87.89857142857142,1.3554498538928756,2391.9285714285716,104.96615347216073,4.762285714285714,2.909740847780475,4.34742857142857,1.386870824276657,6.711428571428571,R
572143,FF,143,0.43202416918429004,93.98671328671328,1.2832747371546764,2333.979020979021,104.24736755088009,17.11468531468531,1.7387205123291352,-4.8855944055944045,2.346140259239592,6.759440559440559,R
572955,CU,1032,0.6843501326259946,85.94428294573643,1.1292540087488334,2890.3420796890186,124.37775704450397,-4.448720930232558,1.9256931213719466,7.1705813953488375,2.7402489233893617,5.67063953488372,R
572955,FC,53,0.035145888594164454,92.4188679245283,0.8267304936578106,2573.754716981132,80.81505611351079,10.539622641509434,2.6140404639503596,-1.4694339622641506,2.1135919254401787,5.796226415094339,R
572955,FF,423,0.28050397877984085,95.2851063829787,0.9377751352513323,2339.1895734597156,100.3673636298319,15.782978723404257,1.6598262962338728,-10.54808510638298,2.209819076967459,5.748936170212765,R
573009,CH,137,0.27345309381237526,80.6883211678832,1.0910104392010582,1589.2700729927008,116.56615791608714,-2.901897810218978,2.276943104525269,15.667445255474453,2.189787805056046,6.285401459854014,L
573009,CU,151,0.3013972055888224,79.54701986754966,1.4082049068238078,2446.9403973509934,83.98192121229263,-3.4776158940397353,2.38263599363094,-8.627284768211922,2.5690148393952716,6.290066225165563,L
573009,SI,209,0.4171656686626746,88.58181818181818,1.0740624469089963,2176.3301435406697,154.24250729987625,1.984306220095694,1.944862715643834,18.65684210526316,1.7044668631127426,6.251196172248804,L
573124,FC,104,0.06565656565656566,87.83942307692307,1.1207156407507883,2319.2403846153848,81.42403633482265,5.551153846153846,2.2481056999699747,0.4707692307692308,2.531192470925375,5.761538461538462,L
573124,SI,685,0.432449494949495,92.37503649635036,1.04260352543005,2156.312408759124,86.84190401624093,8.155094890510949,2.0050927553000872,16.963620437956205,1.6597684530410661,5.78978102189781,L
573124,ST,795,0.5018939393939394,78.13547169811321,1.092117220271068,2818.876574307305,96.43667697604339,0.4125283018867924,2.5674823788851313,-16.24,2.1815410632347367,5.725692695214105,L
573186,CU,43,0.0513126491646778,77.75581395348837,1.0335565793210382,2648.2093023255816,117.91634608192024,-6.904186046511628,2.7702107815266293,14.274418604651167,2.856205693477826,5.523255813953488,R
573186,FC,140,0.16706443914081145,88.6842857142857,0.8796885835970573,2501.714285714286,107.9926246958317,7.573714285714287,2.0062852113881364,0.8391428571428572,1.8895149869529575,5.866428571428571,R
573186,FF,37,0.0441527446300716,89.45405405405404,0.7592374078254062,2360.7837837837837,298.4829359663012,13.825945945945946,2.347447147031879,-4.845405405405406,2.697754822270008,5.8621621621621625,R
573186,FS,88,0.10501193317422435,82.76590909090909,2.23359338151316,1950.375,143.66222457596479,3.227727272727273,2.8035272230321095,-14.417727272727273,2.9366576228308277,5.607954545454546,R
573186,SI,312,0.3723150357995227,89.69134615384615,0.8057802326498278,2267.980769230769,124.79480115077585,3.7096153846153848,2.403360959789914,-10.642692307692307,3.4623647377257565,5.8798076923076925,R
573186,SL,56,0.06682577565632458,84.53571428571429,1.0474954669337486,2699.5535714285716,128.80526805190104,-3.5700000000000003,2.385693724151226,5.183571428571428,1.907882623196748,5.839285714285714,R
573186,SV,162,0.19331742243436753,82.11851851851853,0.9815833464941028,2711.864197530864,112.02126606960178,-1.248148148148148,2.5277594778609385,16.23851851851852,3.4100615142121464,5.822839506172839,R
573204,CU,379,0.2657784011220196,76.18786279683377,1.305142625206449,2599.234828496042,88.21192765489371,-14.717572559366754,1.7246517682051243,-7.008126649076517,2.1097419348196653,6.26754617414248,L
573204,FF,588,0.4123422159887798,93.03265306122448,1.1264461167205333,2323.503401360544,79.27663803192229,19.064489795918366,1.6992389051558314,3.8902040816326533,2.1821863501147796,6.212755102040817,L
573204,SL,254,0.17812061711079943,88.06968503937009,1.6132315723234847,2319.4566929133857,93.0011480149732,5.574330708661417,2.0762818662751963,-4.339842519685039,2.131232078571075,6.194094488188976,L
573204,ST,203,0.1423562412342216,80.72906403940887,1.3313406519453306,2542.689655172414,88.54610725648274,-0.41379310344827586,2.5260776342796056,-14.24807881773399,2.6036968678968035,6.145320197044335,L
579328,CH,384,0.10242731395038678,85.55286458333335,1.9541058394429396,1543.265625,122.78637232122622,6.6653125,3.3392866620323503,13.571875,2.1749719544423938,6.834635416666667,L
579328,CU,531,0.1416377700720192,79.80734463276836,2.052068149559882,2529.9150943396226,108.94905400729145,-6.129039548022598,3.124772779715046,-6.912768361581921,2.822736070816343,6.709297912713472,L
579328,FC,65,0.017337956788476928,90.22153846153847,1.6490994045702176,2305.1384615384613,90.75032316111141,9.313846153846155,2.6902902331275595,-1.7907692307692311,1.9840081808143992,6.862903225806452,L
579328,FF,1303,0.34755934915977593,94.91197237145049,1.185606597419385,2199.017733230532,91.2772646234633,15.585080583269379,1.7351955242353048,9.043653108211819,2.4755338934785502,6.78887171561051,L
579328,FS,126,0.03360896238997066,86.69603174603175,1.8648925242447958,1615.624,222.50631248747572,8.884761904761907,3.3742122551578078,9.669523809523808,2.3387062601850133,6.973809523809523,L
579328,SI,39,0.010402774073086157,92.51538461538462,1.7430370442568974,2150.25641025641,121.50085941838522,8.876923076923077,2.2447390586202993,14.646153846153847,1.7046200616723568,6.882051282051283,L
579328,SL,1292,0.34462523339557216,86.95580495356036,1.8754986866597663,2304.048024786987,122.76629660987909,3.579102167182663,3.4705298370334874,-2.9415789473684213,2.360738764188029,6.73354182955434,L
592094,CH,560,0.3288314738696418,88.13714285714286,1.0156093270233015,2036.9964285714286,147.9683401377051,3.402,2.446905153465019,-16.02792857142857,2.630271008144252,6.304821428571429,R
592094,FF,396,0.23253082795067528,94.1699494949495,0.9795535007001517,2556.088383838384,85.46507031805459,18.129696969696973,1.8204049929397326,-8.633030303030303,2.546641552924047,6.4787878787878785,R
592094,SL,610,0.35819142689371697,84.1488524590164,1.198483029070898,2569.0213114754097,96.44797233604933,-0.9090491803278689,2.5401867096228994,0.8219016393442622,1.6618308468999814,6.331639344262295,R
592094,ST,134,0.07868467410452143,77.68731343283582,1.4783358679999596,2596.3507462686566,88.47490255941253,-3.122686567164179,2.886063782500364,14.965074626865674,2.5379948115711133,6.1850746268656716,R
592155,CH,28,0.03027027027027027,87.52499999999999,0.929207149093207,1561.5357142857142,430.5511095520576,4.602857142857142,3.3810790050064248,15.115714285714281,2.9071832219029963,6.5392857142857155,L
592155,FC,267,0.28864864864864864,87.58951310861424,1.5298663717557242,2121.0749063670414,120.35056097018021,2.5519101123595505,2.5627746695578666,-3.3739325842696632,1.3493537450470947,6.4494382022471894,L
592155,FF,399,0.43135135135135133,95.54736842105261,1.300883674190023,2062.2706766917295,159.16025525096077,15.920902255639099,1.9293020030739747,7.698345864661655,2.0750783167824283,6.484962406015038,L
592155,ST,231,0.24972972972972973,81.18354978354978,1.5292474551335904,2121.5194805194806,112.66517656385112,-3.8971428571428572,2.6535260497862856,-13.204675324675323,2.9043389958514254,6.409090909090909,L
592254,FF,48,0.4752475247524752,90.57083333333333,0.9613727625913286,2237.4791666666665,94.21591083574965,14.917499999999999,1.211727270768222,-6.6325,1.9016795488154619,6.7375,R
592254,SL,16,0.15841584158415842,82.39375000000001,0.8512490822315174,2288.1875,73.35867933198725,2.3475,1.684547416963975,6.495,1.4405832152291655,6.575,R
592254,SV,24,0.2376237623762376,74.59166666666665,1.0717383955078759,2605.9583333333335,77.55978292605151,-5.215000000000001,2.3578859359512117,15.545000000000002,1.584481810780942,6.479166666666667,R
592332,FF,2817,0.5214735283228434,94.28874689385873,1.5037492533502597,2260.511892083777,103.43474806078197,16.81623003194888,1.6637149058584533,-11.01520766773163,2.0123770169504214,6.666631167909124,R
592332,FS,2072,0.3835616438356164,84.5523166023166,1.6226946846968917,1644.179054054054,179.4437681961822,4.316235521235521,3.357266213071292,-14.793706563706564,3.1098775621811803,6.737596525096524,R
592332,SL,511,0.0945945945945946,83.69119373776907,1.8259514693097494,2302.5440313111544,126.15249688058837,2.7029354207436396,3.0713098683763658,1.361095890410959,1.5811156313839314,6.633268101761252,R
592351,CH,16,0.0761904761904762,88.26875,0.7245400840073184,1465.4375,75.59274105362233,4.335000000000001,2.813183250341151,-13.522499999999999,2.2610661202185134,6.293749999999999,R
592351,FF,99,0.4714285714285714,94.75252525252527,0.7847192965359036,2007.5656565656566,103.77026840290749,12.484848484848484,2.208164979988978,-9.687272727272727,2.5704465657371354,6.354545454545453,R
592351,SL,89,0.4238095238095238,87.31123595505619,1.0599569247516176,2393.61797752809,78.88750702135887,2.573932584269663,1.7578716586061525,3.404494382022472,1.9769714046053297,6.289887640449438,R
592426,CU,142,0.16784869976359337,84.11267605633803,1.1606344043484957,2427.8478260869565,89.03709570340892,-12.386197183098592,2.3097992705131176,4.065633802816902,2.66036564030696,6.597183098591549,R
592426,FF,279,0.32978723404255317,94.18100358422939,0.8403693068702311,2319.438661710037,79.429454242034,18.421075268817205,1.4381954087962356,-6.221935483870968,2.2634882315223033,6.829390681003584,R
592426,SL,415,0.4905437352245863,87.24650602409639,0.9355465912933095,2289.5384615384614,85.30729155521036,-5.324819277108435,2.0670929676300394,-0.18997590361445785,1.8388548603643504,6.749638554216868,R
592454,CH,1061,0.8155265180630284,86.84646559849197,1.2781838700496273,1279.9182509505704,87.88742133711774,1.263449575871819,2.4341672812999593,-11.766786050895384,1.9958120162436634,6.687747408105562,R
592454,FF,219,0.16833205226748654,93.5634703196347,1.0922742929300175,2193.422018348624,71.12270095615887,16.636712328767125,1.4780411548389858,-6.109589041095891,2.2971352951628736,6.736073059360732,R
592454,SL,21,0.01614142966948501,85.25238095238096,1.53349895585848,2259.714285714286,74.40036482245424,3.9371428571428573,2.347102773329585,5.674285714285714,1.7489327357807998,6.614285714285715,R
592662,CH,748,0.14420667052246,85.33917112299464,1.5290503681178416,1637.6296791443851,142.74105903547493,11.314010695187168,2.2003194267054504,11.120374331550803,2.3327420636936678,6.150802139037432,L
592662,FF,2375,0.45787545787545786,93.48623157894737,1.23427595818636,2349.895534962089,74.62535756600731,17.957406315789473,1.650925045499436,8.487461052631577,2.0073788680835456,6.156547368421053,L
592662,KC,571,0.11008289955658376,80.62031523642732,1.9825574230118468,2184.889667250438,124.64107098888995,-5.8762171628721545,2.54820026928942,-2.3209807355516636,2.698576964431729,5.983887915936952,L
592662,SI,225,0.04337767495662233,92.44888888888889,1.171046201628786,2218.64,71.85805203912184,11.5024,1.8211641488736972,14.266133333333332,1.8084977191027916,6.250222222222222,L
592662,SL,1256,0.2421438210911895,87.02675159235669,1.9155187466902446,2239.0517515923566,132.76584436967374,7.929171974522293,2.784567593782816,-0.36458598726114655,2.3457995323528293,6.133598726114649,L
592717,CU,17,0.3148148148148148,78.58823529411765,2.3446434571543002,2606.470588235294,82.05647266293107,-5.936470588235294,4.857057933019317,12.882352941176471,2.110235559753238,6.947058823529411,R
592717,FF,18,0.3333333333333333,94.13333333333334,0.7506859608149772,2152.4444444444443,59.1898463293894,14.186666666666667,1.18690898605431,-9.133333333333333,1.4902348808157726,7.083333333333333,R
592773,FF,989,0.5485302273987798,98.35722952477249,1.1351937219408337,2342.2487360970676,82.28566078343738,18.074256825075835,1.557603064469172,-8.80355915065723,2.1043322076784747,5.936097067745197,R
592773,FS,241,0.1336661120354964,89.51078838174273,1.1686030659999371,1052.4564315352698,161.5292774356391,5.087800829875519,3.6496226599699284,-11.210290456431537,3.1270178016682615,6.130705394190872,R
592773,SI,76,0.04215196894065446,97.05657894736841,1.2543615136863626,2172.3947368421054,67.11146527926375,10.612105263157895,1.9269210783281354,-15.118421052631579,1.9077100077538545,6.0249999999999995,R
592773,SL,394,0.2185246810870771,88.7271573604061,1.1186590211986163,2460.4111675126906,116.76334116213836,0.4513705583756345,2.238305577272244,3.040507614213198,1.8754576021598377,6.045431472081218,R
592773,ST,103,0.05712701053799223,84.41262135922328,1.0664840172956898,2572.776699029126,92.30776867427906,0.7899029126213593,3.6261607999845196,10.401553398058251,2.678342609138087,6.013592233009708,R
592779,CH,99,0.12579415501905972,90.18080808080808,1.1407728107069877,1640.969696969697,68.98498129147232,0.8884848484848484,2.7952278442550442,-14.335757575757578,2.023097791834264,6.4,R
592779,FC,73,0.09275730622617535,92.88493150684931,1.3143092009869997,2466.4246575342468,75.69839969837524,7.7375342465753425,2.443694709986589,2.4789041095890414,2.1209638542966442,6.472602739726027,R
592779,FF,392,0.49809402795425667,96.08188775510203,0.9895378588359456,2610.454081632653,72.8674509317607,14.209897959183674,2.27874151784753,-6.040408163265306,2.7951408031066167,6.483163265306124,R
592779,SI,94,0.11944091486658195,95.79999999999998,1.1967698460924423,2334.255319148936,100.56025168382513,4.576595744680851,1.9455239796133366,-14.442127659574467,2.2117602936193204,6.476595744680852,R
592779,ST,129,0.1639135959339263,84.44961240310077,1.0291170389440456,2537.031007751938,67.42390826708099,2.7255813953488373,2.052216753817969,15.413953488372094,2.603654408532317,6.420155038759689,R
592791,CH,432,0.12739604836331467,84.12060185185184,1.0931198497161376,1778.5902777777778,143.7791268114089,7.342777777777777,2.552677983580713,-15.690555555555555,2.245217586521968,6.667285382830626,R
592791,CU,410,0.12090828664110882,79.40536585365852,1.0661359921902092,2571.682926829268,93.50745927501175,-9.576,2.3585337121596632,9.052682926829268,2.051890921561505,6.665365853658537,R
592791,FC,553,0.16307873783544677,85.86148282097649,1.1038713037441044,2533.0886075949365,85.95978435160879,8.45750452079566,3.0346434967894225,6.363471971066907,2.166268302487369,6.701627486437613,R
592791,FF,1179,0.3476850486582129,92.10432569974554,0.8069666624706143,2331.9796437659033,66.53781946298112,18.29709923664122,1.476391024724028,-6.813027989821883,2.3174093993818268,6.832654792196776,R
592791,SI,278,0.08198171630787378,92.12410071942446,0.8752277170005408,2222.5071942446043,98.00455831164719,14.422877697841727,1.774166909638248,-12.824892086330934,1.9957606213237795,6.871942446043165,R
592791,ST,539,0.15895016219404307,80.15269016697589,1.0339979069045824,2727.0855018587363,115.59394082851124,-0.78278293135436,3.0344216775981607,15.521187384044527,3.0666972535200805,6.762337662337662,R
592826,FF,44,0.4489795918367347,92.65454545454546,1.2359827170942164,2426.7045454545455,83.68506286249783,17.667272727272724,1.2588003954233455,-3.714545454545454,1.7685540731099352,6.761363636363638,R
592826,SL,19,0.19387755102040816,83.3421052631579,1.3200655663319174,2531.0526315789475,98.25786577742518,-1.105263157894737,3.0306643357174137,8.292631578947368,2.303352248126058,6.663157894736843,R
592836,CU,208,0.07607900512070227,74.6826923076923,1.3113361042456013,2391.591346153846,113.35388271550971,-10.019423076923077,2.5198204931553665,6.591346153846154,2.4206922225099996,5.720673076923077,R
592836,FC,764,0.2794440380395026,87.03730366492147,1.1979049238095676,2427.7041884816754,92.11842872275747,12.588534031413612,2.4061102749996635,3.062356020942409,2.019458863440934,5.885994764397905,R
592836,FF,277,0.10131675201170447,92.17184115523465,1.1057497309204034,2116.4151624548736,135.12864584790037,17.12794223826715,1.8125969510060478,-9.090974729241879,1.8844645539665044,5.967148014440434,R
592836,FS,614,0.22457937088514995,87.24201954397395,1.0848924708712544,1439.184039087948,121.21707574098568,3.976807817589577,2.571064785777109,-12.342801302931596,2.958813080931929,6.008469055374593,R
592836,SI,548,0.20043891733723482,91.97481751824817,1.0885077601792414,1961.4058500914077,118.4898096210335,12.537153284671534,1.5191821377589054,-14.828321167883214,1.8360224751357899,6.026459854014599,R
592836,SL,323,0.11814191660570593,83.0439628482972,1.8164326922084233,2452.278637770898,85.90224334557954,4.882848297213623,3.1661637835468945,6.892755417956655,2.9811250157027134,5.886687306501548,R
592866,CH,186,0.12845303867403315,81.31559139784946,1.0141826290736755,1485.6344086021506,92.56206507381648,0.3677419354838709,3.5018759849720267,-13.64967741935484,2.5841732230503824,7.014516129032258,R
592866,FF,613,0.4233425414364641,87.74306688417619,1.1818915783757566,2220.742251223491,66.30158955316723,10.123066884176184,1.9872241594491251,-2.2097226753670474,2.7964294615496557,6.831647634584012,R
592866,SI,124,0.0856353591160221,86.66290322580646,0.9560647443749114,1935.9274193548388,65.1979067681215,4.647096774193548,2.4226414309083664,-13.641290322580645,3.4903143492371793,6.912903225806451,R
592866,SL,127,0.08770718232044199,80.73149606299214,1.153442107959021,2221.732283464567,60.80745683424993,3.9874015748031497,2.071255739269736,5.913070866141731,1.7291898790460452,6.9,R
592866,ST,398,0.27486187845303867,76.80904522613065,0.8529507785886807,2226.5628140703516,60.579982928420016,7.317889447236181,2.982975636034936,10.44211055276382,2.9775962052553107,6.90251256281407,R
593423,FC,72,0.1016949152542373,91.40138888888889,0.9128955720719683,2349.9583333333335,57.53393058894972,8.014999999999999,2.1594306761436965,1.1533333333333333,1.6908969200889206,5.905555555555556,R
593423,FF,178,0.2514124293785311,95.61573033707865,0.9874236151711312,2357.7134831460676,62.523233541075896,15.81438202247191,1.7227464310407623,-4.934157303370786,1.791063067836797,5.92752808988764,R
593423,FS,146,0.2062146892655367,86.25890410958905,0.824091661530248,1585.041095890411,147.00550666262666,3.218630136986301,2.149338512558749,-11.98931506849315,2.3156739266420896,5.92054794520548,R
593423,SI,124,0.1751412429378531,95.1008064516129,0.9463233060814027,2238.6774193548385,59.122244639156804,10.025806451612903,1.9049012934648917,-14.87225806451613,1.8167185815106255,5.905645161290322,R
593423,SL,99,0.13983050847457626,86.93333333333337,0.8906544257580766,2478.040404040404,64.18991579392362,1.8000000000000003,1.5497939296854262,5.471515151515151,1.501338425754047,5.984848484848484,R
593423,ST,89,0.12570621468926554,84.70786516853933,1.1440781043646535,2446.820224719101,91.4334782776469,8.360898876404494,2.5525030676009695,10.33752808988764,2.567956067708181,5.941573033707866,R
593576,CH,31,0.053726169844020795,88.65806451612902,1.069197266971312,1876.4516129032259,121.10872214933637,1.5406451612903227,2.49031983954387,-14.434838709677418,2.3213499965433075,6.180645161290322,R
593576,FF,225,0.389948006932409,92.33822222222221,0.8512367286800819,2410.3526785714284,76.63070660372905,17.711466666666666,1.3442782450073347,-8.307733333333335,1.9401506568894518,6.080803571428572,R
593576,FS,244,0.42287694974003465,82.96352459016394,1.1431768759746694,1157.6844262295083,109.52356043992991,-0.9418032786885246,3.4053325445423455,-10.108032786885246,2.5046053513475504,6.098360655737705,R
593576,SI,52,0.09012131715771231,92.49615384615387,0.8796080986665693,2226.1923076923076,125.27773669817473,11.372307692307695,2.967933601725853,-14.82,2.3096523802613804,6.134615384615385,R
593576,SL,16,0.02772963604852686,86.3125,1.0588515791491564,2006.875,59.415906961015075,5.2875,2.300943284829072,1.5825,2.478406746278746,6.025,R
593833,CH,33,0.21019108280254778,85.2,1.398660073069935,1802.5757575757575,113.70274576253378,7.1490909090909085,2.2057713554961387,-14.810909090909092,1.7194555163560565,6.16969696969697,R
593833,FC,120,0.7643312101910829,91.85916666666667,1.142420828828,2496.9583333333335,73.97812484229425,17.291999999999998,1.814322847499304,-2.997,1.7878556706735764,6.4275,R
593958,CH,1036,0.22920353982300884,85.90173745173746,1.2663526966283316,1905.1148648648648,101.55537901005263,6.022934362934363,2.276540955965877,15.860849420849421,2.0991914828456784,6.434749034749036,L
593958,CU,358,0.07920353982300884,79.54888268156425,1.9063174885496412,2319.0558659217877,83.39875666071649,-6.196424581005587,2.57689900250009,-5.08391061452514,1.9716075179591426,6.436592178770949,L
593958,FC,646,0.14292035398230088,88.99489164086687,1.2710937379145866,2270.826625386997,67.50706632025995,8.99795665634675,2.437936509207042,-1.3606811145510835,2.0697462303007916,6.378173374613003,L
593958,FF,1984,0.4389380530973451,92.00292338709677,1.0808382480203411,2298.0514112903224,70.01599398019707,15.309193548387096,2.061041884793008,5.846733870967741,2.263827554588847,6.323197175995967,L
593958,SI,388,0.08584070796460178,91.50335051546392,1.027736335356814,2262.311855670103,78.08951441890687,12.52762886597938,2.0212717736202257,12.070824742268043,2.2050077701366457,6.3819587628865975,L
593958,SL,107,0.023672566371681417,84.59439252336449,1.234781454630045,2151.6728971962616,75.0432297677805,3.527102803738318,3.1335015706243503,-3.9981308411214957,2.3626105368335324,6.425233644859813,L
593974,CH,685,0.3464845725847243,89.1556204379562,1.0713649689334175,2181.6423357664235,93.5509319036069,4.571386861313868,2.124468142069734,16.159532846715326,1.967317707625107,5.735474452554745,L
593974,FF,119,0.06019221041982802,96.06302521008399,0.9866795494269505,2131.8823529411766,91.36555153872861,14.323361344537814,2.308919065207686,9.717983193277313,1.9993954933174656,5.658823529411764,L
593974,SI,841,0.4253920080930703,95.62913198573128,0.948279310338558,2095.0332936979785,119.05298474177097,9.298359096313913,2.1085462537562836,15.623543400713436,1.6711636381738957,5.678121284185494,L
593974,SL,332,0.16793120890237734,88.58765060240965,1.3979909705307245,2217.3222891566265,87.05494523350168,5.727108433734939,2.1078916773767182,-0.925301204819277,2.345343570757343,5.90210843373494,L
594027,SI,270,0.7988165680473372,99.88888888888889,1.338404235793169,2216.8444444444444,99.47100727711401,12.91911111111111,1.9913954184228428,-13.708888888888888,1.928920057918137,7.109629629629629,R
594027,SL,47,0.1390532544378698,91.1723404255319,1.7181514494741865,2112.6382978723404,82.09284921777264,3.8502127659574468,1.52341648272345,2.106382978723404,3.1068090896777,7.082978723404256,R
594580,CH,173,0.14611486486486486,84.65317919075144,1.4400636925616257,1732.8381502890174,162.25191202170225,-7.510751445086706,2.337366340305153,12.002774566473988,2.1500528227801112,4.628901734104048,L
594580,FF,171,0.14442567567567569,92.1982456140351,1.350227592327898,2596.1637426900584,153.15615666610796,9.741052631578947,3.3488732174606715,11.142456140350875,3.0797954175953777,4.639766081871346,L
594580,SI,390,0.3293918918918919,91.30076923076923,1.0814274214876476,2435.505128205128,106.01745369406267,-1.9720000000000002,2.376780479950024,15.75323076923077,2.1611315999649388,4.57102564102564,L
594580,ST,450,0.38006756756756754,81.13,1.093272605009447,2872.7533333333336,98.61905764134443,-1.6288,2.593785081926593,-14.7144,3.1332629867792314,4.461333333333333,L
594798,CH,526,0.12103083294983893,89.7690114068441,1.2354177129958601,1642.235741444867,106.77542760000308,2.2247908745247154,3.2155592943111553,-13.610190114068441,2.106134613790591,6.773574144486692,R
594798,CU,244,0.05614358030372756,80.94672131147541,1.9211058383591717,2776.3032786885246,89.76121861810248,-5.251475409836065,2.792733567165084,11.158524590163935,2.3760155020663274,6.592213114754099,R
594798,FF,1937,0.4456971928209848,97.35942178626743,1.062570015291705,2501.1972121837894,74.8938527947317,16.62374806401652,1.3055188776119862,-8.700278781621062,1.8188031111012009,6.710738255033557,R
594798,SI,30,0.006902899217671422,96.14666666666669,1.0033507082163047,2329.266666666667,90.3899343394222,12.091999999999997,2.101432024055058,-14.772,1.9363143090542598,6.676666666666665,R
594798,SL,1609,0.37022549470777727,90.59359850839031,1.5077915517669753,2683.708514605345,79.97297543137279,2.6572280919825975,2.0827045474924364,4.789707893101306,1.6136086305639439,6.6601615910503424,R
594835,CH,22,0.26506024096385544,81.8409090909091,0.9669092097572662,2108.7272727272725,107.94098114828961,4.336363636363637,2.307442503962105,16.44,1.1041738993473806,6.4818181818181815,L
594835,FC,29,0.3493975903614458,86.1793103448276,2.6996533256730824,2192.7586206896553,113.42544913869757,4.940689655172415,9.08786079300863,0.3600000000000001,3.953631242288537,6.351724137931035,L
594835,FF,16,0.1927710843373494,90.98125,1.110086332978956,2160.6875,112.87852984513928,15.270000000000001,2.2516127553378267,11.309999999999999,2.6572165888387795,6.487500000000001,L
594902,CH,56,0.07788595271210014,84.77499999999999,0.9932957080529261,1639.4107142857142,112.47266767542226,8.805000000000001,1.925115344832379,-14.912142857142856,1.954395246417873,6.882142857142857,R
594902,CU,51,0.07093184979137691,77.27450980392157,1.154962014484442,1991.2549019607843,94.04314821128754,-4.432941176470589,2.107551464726446,7.371764705882352,2.011459873706013,6.776470588235293,R
594902,FC,58,0.08066759388038942,84.38448275862069,1.356440352364261,1920.0172413793102,59.978502400036966,12.738620689655173,2.3768145041068833,-2.371034482758621,2.4681186027795685,6.86551724137931,R
594902,FF,238,0.33101529902642557,89.83823529411767,1.0990637727041082,2036.6176470588234,77.67616987591629,16.569075630252105,1.6851393119220273,-9.252605042016807,2.0881782835217733,6.8970464135021095,R
594902,SI,175,0.24339360222531292,90.4497142857143,1.1392614206427163,2005.7714285714285,80.73145697000135,12.928457142857143,2.423230819775807,-14.33897142857143,1.979419708964335,6.904571428571427,R
594902,SL,63,0.08762169680111266,82.73809523809521,1.0962441115343473,2008.936507936508,74.26627616021676,4.626666666666667,4.987038684300502,4.908571428571427,2.2004507288594874,6.852380952380953,R
594902,ST,78,0.10848400556328233,78.50641025641026,1.517117888183607,2025.9102564102564,66.13449222811848,2.618461538461538,3.2643382324606156,10.08923076923077,2.7173395933402333,6.774358974358974,R
595014,FC,107,0.10122989593188268,91.3841121495327,1.0692220353550204,2531.3271028037384,86.02816297321439,8.80822429906542,2.0054020502576457,1.0026168224299066,1.7902568259144285,5.605607476635513,R
595014,FF,134,0.12677388836329234,94.97985074626865,1.002836567224864,2411.10447761194,224.68137066892064,14.120597014925373,1.7355858629033076,-9.71731343283582,1.8553280982481317,5.630597014925373,R
595014,SI,345,0.32639545884578997,95.48057971014494,1.1824293627286744,2313.7323529411765,102.66870631786595,5.387478260869565,1.951831806641026,-17.428173913043477,1.6496001537768927,5.673546511627907,R
595014,ST,469,0.44370860927152317,84.18891257995735,1.0221085393797624,2584.587852494577,110.64531751005072,-0.9963326226012794,2.1441800039002787,13.858081023454156,3.1512397075239886,5.608760683760684,R
595345,FF,675,0.3569539925965098,91.70933333333333,1.2551680701296526,2225.4637037037037,92.70096351232742,16.277866666666668,1.457268759491098,7.8544,1.9220979635810382,6.294658753709199,L
595345,SI,34,0.017979904812268643,90.83823529411767,0.99087188600452,2258.6176470588234,114.31191107000932,9.981176470588238,1.3040258519139463,15.303529411764707,1.4177786345845715,6.326470588235295,L
595345,SL,1172,0.6197778952934955,80.85068259385666,1.3938713770716935,2446.2747440273038,111.41405196651027,7.409078498293514,3.0306624603496006,-7.788122866894199,3.0523544789776462,6.281709401709401,L
595897,FF,19,0.2289156626506024,94.78421052631579,1.008443882587172,2269.2631578947367,83.88076332592802,10.686315789473683,1.327538283717966,-8.936842105263155,2.960640044599176,6.147368421052632,R
595897,SI,36,0.43373493975903615,93.60833333333333,1.2255319544706178,2063.3055555555557,62.54544379635131,0.9966666666666667,1.8382942403994291,-16.686666666666667,1.6425902888860804,6.1305555555555555,R
595897,SL,26,0.3132530120481928,86.18461538461537,1.1270110230844448,2650.076923076923,94.565923281877,2.644615384615385,3.044592886767268,11.150769230769232,3.5673597217852007,6.050000000000001,R
595928,CH,40,0.06514657980456026,87.57000000000001,1.3583927153922644,1715.35,227.17479433134122,5.94,2.2352697307552774,-11.055,2.9201290803924826,6.365,R
595928,FC,185,0.30130293159609123,90.3681081081081,1.443805806069647,2540.9243243243245,79.67627915169896,8.11135135135135,1.8250559285089494,2.479783783783784,1.680727054359911,6.321081081081082,R
595928,FF,318,0.5179153094462541,94.22169811320755,1.1461639256838507,2335.5220125786163,105.70749096639243,17.40377358490566,1.3430736814762525,-7.411320754716981,1.9502099258377343,6.4317610062893085,R
595928,SL,71,0.11563517915309446,85.78732394366199,1.589243268033544,2529.8169014084506,82.44882566245994,1.908169014084507,2.1723603422868045,4.103661971830985,1.6959188318149627,6.2802816901408445,R
595978,FA,59,0.7468354430379747,72.2542372881356,5.250954659799996,1820.3559322033898,135.6808835557835,11.031864406779661,4.640943897221723,-13.85084745762712,2.544628750197096,5.459322033898306,R
596001,CH,326,0.1963855421686747,86.37791411042944,1.494894883461805,1309.239263803681,102.44625363759977,2.1187730061349694,2.842864594953182,-12.083926380368098,2.7519739344881042,6.028527607361962,R
596001,FF,195,0.11746987951807229,91.70615384615382,1.4524288498367908,2125.5538461538463,112.72185877845989,12.852307692307694,1.9950403214518935,-4.556307692307692,2.462854497523443,6.108205128205128,R
596001,SI,410,0.2469879518072289,91.16658536585366,1.5044776035032952,2114.629268292683,129.41385301250224,5.997951219512195,2.2916127925041527,-14.83609756097561,2.48186387689112,6.11390243902439,R
596001,ST,729,0.4391566265060241,82.63607681755829,1.7027616465202013,2470.0082417582416,95.33507079192621,1.6406584362139913,3.359012741689627,13.614979423868313,3.665019906226647,5.884636488340192,R
596112,FC,109,0.7414965986394558,87.35321100917433,1.126167608680271,2854.4036697247707,113.03695882534393,2.4803669724770643,1.8331797544791986,0.8906422018348625,1.9604280878067866,5.961467889908256,R
596112,FF,23,0.1564625850340136,96.35652173913044,0.8830865740306562,2493.3478260869565,69.1951185191374,17.279999999999998,1.8824741939556808,-10.857391304347827,1.789741518643771,6.1130434782608685,R
596117,FA,23,0.7419354838709677,48.22173913043479,11.64836923903315,1200.608695652174,310.29527566942875,16.262608695652172,2.1096773070592927,-4.481739130434782,4.485556266480541,4.7086956521739145,R
596133,CH,547,0.3150921658986175,88.05447897623401,1.3169760334667027,1940.2162661737523,125.47580331045143,6.67107861060329,2.4615839861591726,-13.999195612431445,2.284880566956496,6.110420475319927,R
596133,FC,204,0.1175115207373272,91.01470588235294,1.4106489481584699,2446.76,88.34663570391916,12.15058823529412,4.020846864093614,1.4005882352941177,2.617643743058859,6.057352941176471,R
596133,FF,964,0.5552995391705069,95.15051867219917,1.1823861948946135,2433.689655172414,71.66684623268661,19.01228215767635,1.545883952787562,-6.726224066390041,2.075773587635534,6.086203319502074,R
596133,SL,21,0.012096774193548387,86.72380952380954,0.7879751023381154,2381.0,87.6601391739712,10.291428571428572,4.901659194307868,3.5599999999999996,2.2486262472896645,6.033333333333333,R
596271,CH,75,0.22123893805309736,80.83466666666668,0.9009744474484026,1829.7066666666667,111.16286728518236,1.0191999999999999,2.4375207608263483,-17.401599999999995,2.1343060395056446,6.144000000000002,R
596271,FF,26,0.07669616519174041,88.21923076923078,0.9213117738395548,2148.1923076923076,71.96333468136075,12.595384615384615,1.6140712023184869,-12.886153846153844,1.957163410496072,5.988461538461538,R
596271,SI,121,0.35693215339233036,87.61404958677686,0.7944920583957995,2087.628099173554,62.253799379556604,4.490578512396694,1.6592831270966895,-16.41917355371901,1.740322569131395,6.076859504132231,R
596271,ST,89,0.26253687315634217,77.95280898876403,0.8533476707597035,2626.6853932584268,65.89378428156834,4.368539325842697,2.45698612058175,11.166741573033708,3.0136250352210605,6.013483146067416,R
596295,CH,170,0.15813953488372093,80.96,1.059328803909768,1651.0882352941176,97.73087295942753,10.555764705882353,2.225166639047067,9.417882352941175,2.119631593599734,6.799411764705883,L
596295,FC,69,0.0641860465116279,86.47246376811593,1.1555345157330004,2338.0289855072465,92.12842235873038,10.022608695652174,3.0301735788826627,-3.062608695652174,2.0781154161558137,6.731884057971013,L
596295,FF,357,0.33209302325581397,89.49971988795518,1.2656103603551094,2097.7422969187674,118.89040240741464,16.33310924369748,1.802029636567057,6.8,1.8182149537327892,6.634733893557422,L
596295,FS,53,0.04930232558139535,80.98490566037735,1.1866883827913537,954.188679245283,158.97230728891282,2.361509433962264,2.8299275583460104,2.5924528301886793,3.5678828594411223,6.686792452830188,L
596295,KC,254,0.23627906976744187,76.01653543307087,1.3556944039573788,2528.220472440945,84.14183521279708,-10.43763779527559,2.514549742168287,-6.601417322834646,2.4661203867435533,6.603543307086614,L
596295,SL,169,0.1572093023255814,82.403550295858,1.3268694579600409,2328.627218934911,116.08508565643778,2.9162130177514793,2.9729870904643403,-4.300118343195266,1.7405260521728703,6.681656804733728,L
600917,CH,51,0.19318181818181818,86.41176470588232,1.4943422712114554,1981.0588235294117,162.54665936459054,12.051764705882352,2.548779084881507,-8.47529411764706,3.1761677241236344,5.570588235294118,R
600917,FC,42,0.1590909090909091,88.91904761904763,1.6460207886601883,2530.7380952380954,79.57357678974007,6.631428571428571,2.0911061041171393,4.954285714285715,1.7047553903028287,5.5214285714285705,R
600917,FF,86,0.32575757575757575,94.13837209302324,0.9122910532282296,2510.2441860465115,85.82471000914141,17.644186046511628,2.009455568711719,-1.6451162790697678,2.005271138589813,5.543023255813954,R
600917,SI,25,0.0946969696969697,93.73199999999999,0.8096912991998844,2299.4,99.78184537613377,10.0704,2.2161913274805496,-12.6336,1.9825801370940845,5.488,R
600917,SL,53,0.20075757575757575,80.47358490566037,1.578479178415368,2460.0,120.50390992699079,2.26188679245283,3.400014172257665,11.277735849056606,3.8357060535033756,5.471698113207546,R
601713,CU,725,0.21538918597742127,79.03489655172415,1.263166632294066,2794.5393103448278,89.93493757579024,-16.59326896551724,2.0340990758775264,7.097875862068966,2.3730471846066594,6.730758620689655,R
601713,FC,298,0.0885323826500297,90.42986577181208,1.6234437713982666,2357.4362416107383,94.4832710789221,11.183355704697988,3.8855674608191753,4.457718120805369,2.625206516373507,6.755704697986578,R
601713,FF,1628,0.48366013071895425,93.86934889434889,1.0716554036327275,2324.80393362016,79.93041428910873,19.777960687960686,1.8506771181452275,-2.693882063882065,2.3992231719324733,6.866891891891892,R
601713,SI,90,0.026737967914438502,93.54555555555557,1.1477541442010077,2238.7555555555555,91.16096531960649,16.82133333333333,2.447699768620198,-9.888,2.446127505932775,6.782222222222221,R
601713,SL,22,0.006535947712418301,86.52272727272727,1.9138422630384682,2289.8636363636365,166.20477772473373,2.4709090909090907,2.927386139611515,5.525454545454545,1.980295137389584,6.74090909090909,R
601713,ST,598,0.1776589423648247,81.93628762541806,1.3300562062457777,2435.4816053511704,124.75250740278199,3.2239464882943145,3.7208048980373856,13.140200668896322,3.1379287666531197,6.720903010033445,R
605130,CU,424,0.2186694172253739,77.34905660377359,1.426712088030107,2566.9150943396226,120.43148335451906,-7.711132075471699,1.7400363142618083,15.716603773584907,2.2875028501494796,6.571933962264151,R
605130,FF,368,0.18978855079938112,91.57608695652173,1.8025334617424826,2410.084239130435,106.42839744925075,12.130108695652172,2.0477881971567866,-3.578804347826087,2.5159837128566216,6.716032608695652,R
605130,SI,279,0.14388860237235687,91.40645161290323,1.9405817446174105,2255.810035842294,114.61654763796,8.556989247311828,2.972432978089915,-13.205161290322582,3.022392548709742,6.766666666666667,R
605130,SL,275,0.14182568334192883,84.11090909090909,1.1222163822069682,2630.130909090909,114.30563599710814,1.1973818181818183,1.9676905902077955,7.365818181818183,2.26873408454661,6.566909090909091,R
605130,ST,590,0.3042805569881382,80.66372881355933,1.4853579634128509,2474.5966101694917,115.74794048720452,6.980135593220338,2.7864359760231894,12.424474576271187,3.310095117893946,6.58728813559322,R
605135,CH,161,0.038832609744331885,84.58757763975154,1.1133708818255015,1790.625,171.67644534644947,1.7932919254658384,3.61330661866619,-15.574658385093167,2.4675400278049953,6.3,R
605135,CU,732,0.17655571635311143,71.18019125683061,0.9822799167140766,2285.3146374829003,77.27151589694768,-11.765409836065574,1.897000648316073,16.643770491803277,2.1047296077016013,6.305054644808743,R
605135,FC,746,0.1799324650265316,88.86849865951741,1.560059247927841,2192.609919571046,85.56082248566251,8.86970509383378,1.837512520204122,-0.1108310991957104,2.6836296378560127,6.324128686327078,R
605135,FF,351,0.08465991316931983,91.53418803418802,1.0758249241392706,2140.1737891737894,78.8250213875264,11.305299145299145,2.158898756039254,-5.6239316239316235,2.607924941053423,6.317948717948718,R
605135,FS,114,0.027496382054992764,83.44649122807017,1.1917993999230267,1316.078947368421,175.98200555320474,-0.7578947368421052,2.8486039038818634,-14.446315789473685,2.8226370846752307,6.410526315789474,R
605135,SI,1673,0.4035214664737096,91.65002988643155,1.0250809568057484,2098.5562874251495,67.92744608980985,4.785941422594142,2.447840829431462,-16.37092647937836,2.183426955022046,6.344650328750747,R
605135,SL,124,0.029908345393150026,82.84112903225807,2.7110437223542014,2382.048387096774,94.47328136402554,-0.3783870967741935,3.5533907743561373,6.535161290322581,2.8653039350897136,6.387096774193548,R
605135,ST,245,0.05909310178485287,72.6665306122449,1.0390836738353564,2342.5755102040816,73.69904055087673,-0.683265306122449,2.5519293470703577,19.089795918367347,1.9989166018448123,6.191836734693878,R
605138,FC,20,0.4,86.445,1.0455293295490895,2176.15,57.24120249573636,5.172,1.584774930060218,-1.7100000000000002,1.73236072577582,5.875,L
605138,FF,18,0.36,90.83888888888889,0.8671378809481012,2198.9444444444443,63.74533175269729,16.206666666666667,1.296674479536924,10.639999999999999,1.3394292023975338,5.938888888888889,L
605154,CH,45,0.06976744186046512,86.60444444444445,1.5430129257037641,1836.888888888889,162.58818896807725,8.08,1.478574251832426,-15.853333333333333,2.7730390286733173,6.691111111111112,R
605154,FC,16,0.024806201550387597,83.16875,1.6878857583774225,2292.4375,87.54196612672881,14.5275,1.573461152999971,5.3325,3.545174184719279,6.518749999999999,R
605154,FF,294,0.4558139534883721,92.5578231292517,1.106229655415742,2242.030612244898,112.25791130310515,17.07020408163265,1.7292920958437843,-10.172244897959185,2.4187486669519283,6.518027210884354,R
605154,SL,270,0.4186046511627907,84.1377777777778,1.4373336873782534,2577.5814814814817,99.63453118516945,4.259555555555555,2.049588177572656,6.8151111111111105,1.9394514483982135,6.555555555555555,R
605155,CU,16,0.34782608695652173,80.8375,1.1814539065631546,2659.375,101.28104462336475,-12.8625,2.1233417058966277,13.8675,1.7657916071835886,6.3125,R
605155,FF,15,0.32608695652173914,93.62666666666665,0.7126075524505223,2115.9333333333334,64.88502652127582,13.008000000000001,1.938553216042462,-5.4639999999999995,2.0084279566722962,6.413333333333333,R
605177,FF,128,0.19631901840490798,89.49296874999999,1.1526199934971837,2091.921875,84.54236317527351,16.5225,1.6303171035929533,8.3221875,1.695290808444631,6.51484375,L
605177,SI,264,0.4049079754601227,89.66818181818182,1.1257320850329924,2054.1022727272725,81.07730523687171,12.544545454545455,1.598700215223031,14.607272727272726,1.5005951118125023,6.526515151515151,L
605177,SL,256,0.39263803680981596,80.44062500000001,1.0441574143214003,2446.234375,103.83976980963337,-1.95703125,2.2544653239867816,-0.9004687499999999,1.8866814352813497,6.455078125,L
605182,CH,42,0.1810344827586207,88.21666666666667,1.3258989893959863,1522.2619047619048,101.68700411576442,5.974285714285715,3.8090093090430095,-11.465714285714288,3.205639194931898,6.742857142857144,R
605182,FC,54,0.23275862068965517,89.40185185185184,1.3474631287342864,2471.740740740741,106.66137303426277,5.231111111111112,3.0035316738338667,3.7000000000000006,2.066761207007828,6.574074074074075,R
605182,FF,92,0.39655172413793105,94.70000000000002,1.742803097702847,2304.4239130434785,124.7103222545252,16.90434782608696,1.729037910939997,-6.283043478260869,2.150203537071809,6.693478260869566,R
605182,ST,34,0.14655172413793102,79.31176470588235,1.5268832794354674,2323.970588235294,64.76226234379028,-4.715294117647059,2.1092067089729425,17.01882352941177,2.862442022391162,6.5205882352941185,R
605218,CH,29,0.15343915343915343,88.68620689655172,0.9187429836198682,1791.2413793103449,115.06602302666246,10.866206896551724,2.72938037682169,-13.982068965517245,2.843631203873899,6.779310344827586,R
605218,CU,61,0.32275132275132273,79.34754098360654,1.2749649089781576,2234.311475409836,96.44109445383513,-11.887868852459018,2.4512399003729373,6.125901639344263,2.588629867355303,6.6540983606557385,R
605218,FF,99,0.5238095238095238,92.74040404040404,1.415722155947505,2530.4444444444443,68.2217605810642,18.34060606060606,1.6375428445442264,2.107878787878788,2.58846707166154,6.822222222222222,R
605242,CU,17,0.13385826771653545,79.73529411764706,0.9130588538469095,2671.823529411765,64.9184443110331,-5.294117647058823,2.160784171381797,17.195294117647062,1.7429791939630936,6.523529411764706,R
605242,FC,52,0.4094488188976378,88.72692307692309,1.5989108283778903,2542.8653846153848,66.42791429729212,4.331538461538462,1.910012200572248,5.898461538461539,1.561064725411178,6.605769230769231,R
605242,FF,24,0.1889763779527559,93.47916666666667,1.0133796947823162,2397.7083333333335,68.88142247601192,14.68,2.0053840573294948,0.10499999999999998,2.263135570109677,6.691666666666666,R
605242,SI,18,0.14173228346456693,92.28888888888888,1.1881220421017815,2317.0,54.66367758446941,10.133333333333335,1.8352880844546384,-12.053333333333333,2.7012850972214295,6.638888888888889,R
605280,CH,569,0.1546195652173913,88.27539543057996,1.113976142078424,1043.1810193321617,214.7587426076618,-0.14214411247803163,3.4810766567920672,-11.485623901581722,3.659308313073925,5.95518453427065,R
605280,CU,73,0.01983695652173913,81.56164383561645,0.8821737887782114,2956.328767123288,73.5281606662298,-14.663013698630138,1.4841371276599173,10.349589041095891,2.112797275832947,5.798630136986302,R
605280,FC,300,0.08152173913043478,89.631,1.4790190412617124,2469.2566666666667,120.30156139664379,4.7024,2.922788717353279,1.2096,1.765844234221063,5.882,R
605280,FF,151,0.04103260869565217,93.23708609271523,1.2120844796762167,2303.218543046358,85.84527896471536,13.710993377483444,3.0007187483372237,-6.668344370860928,3.2770184478096502,5.891390728476821,R
605280,SI,1577,0.4285326086956522,93.72403297400126,1.1508436406421343,2167.2531725888325,87.63618874203668,2.8014711477488903,2.1978674174310053,-15.3256055802156,2.618154507384423,5.861992385786802,R
605280,SL,309,0.08396739130434783,85.35307443365696,1.183585762599675,2595.671009771987,128.54949673595976,-4.168932038834951,2.2672434114855697,2.0066019417475727,1.569740788468985,5.840390879478827,R
605280,ST,701,0.1904891304347826,81.95392296718974,1.0865684593777842,2829.3319027181687,77.38056698517751,-5.669614835948645,2.180853173811212,16.845877318116976,2.833407183044409,5.722317596566523,R
605288,CH,533,0.1575524682234703,85.54333958724203,1.0418037202883257,1580.9887429643527,108.68956217444493,4.585440900562852,3.30481143359682,-14.623564727954971,3.20504537257389,6.769230769230769,R
605288,CU,343,0.10138929943836832,81.83148688046649,1.0479720623856463,1956.7696793002915,128.55750305830816,-11.159650145772595,3.1942382146579136,7.720583090379009,2.4494963579375835,6.665306122448979,R
605288,FF,488,0.14425066509015666,95.3467213114754,0.8594381839250689,2285.6810699588477,78.95766274969178,14.835491803278687,1.6575311803690798,-9.646967213114753,2.2885901757987708,6.710860655737704,R
605288,SI,1550,0.45817321903635827,94.52845161290321,1.0026611730463963,2197.2438709677417,80.02657651185636,7.27556129032258,1.8725382223708493,-16.672412903225805,1.9525369396766266,6.756645161290323,R
605288,SL,469,0.13863434821164647,88.06780383795308,1.68377364002408,2410.2985074626868,118.7656441243144,4.281620469083156,2.009546642989247,2.465756929637527,2.1611262774174946,6.780597014925373,R
605335,CH,27,0.2727272727272727,79.74814814814816,1.0551596198499174,1441.5185185185185,95.958873550628,7.328888888888888,2.022255658594617,10.76,2.446397665642595,6.525925925925925,L
605335,FF,23,0.23232323232323232,87.89130434782606,0.6815177203580658,2196.391304347826,68.65045794089119,17.958260869565216,1.6243814268092471,4.836521739130435,1.8805381451635115,6.391304347826087,L
605335,SL,22,0.2222222222222222,83.94545454545454,1.0159336652169804,2350.909090909091,38.05373280095634,6.141818181818181,1.9397683621250497,-4.821818181818182,1.4041422949315303,6.390909090909091,L
605347,CH,37,0.09560723514211886,87.0324324324324,1.7199893497819576,1720.1081081081081,79.59857054264499,4.537297297297298,2.49989405180905,-15.846486486486487,2.306503144753277,6.324324324324324,R
605347,FF,97,0.25064599483204136,94.67938144329896,1.1697523014447957,1962.9484536082475,103.82741801643131,14.357938144329896,1.9409823211801855,-10.130721649484535,2.0522306194635918,6.44020618556701,R
605347,KC,65,0.16795865633074936,81.28615384615385,1.2908181663044336,2471.3230769230768,68.71865369304477,-13.552615384615384,1.6067341458326625,8.961230769230768,1.9548525421469676,6.26,R
605347,SI,107,0.27648578811369506,94.73457943925234,1.1656322928843292,1925.4579439252336,107.96079655115132,8.799252336448598,2.6620235248859796,-16.96373831775701,2.237137879778656,6.464485981308411,R
605347,SL,80,0.20671834625322996,85.82249999999999,1.312450119606722,2303.0125,86.03627344382872,2.004,3.1745800479768436,6.8235,2.4354902815228816,6.347499999999999,R
605400,CH,523,0.14749012972363226,85.12523900573613,1.2662180430012826,1573.453154875717,82.68911451677253,2.9566347992351814,2.3168748261920906,-14.765965583173998,1.8297217233831242,6.87208413001912,R
605400,FC,264,0.07445008460236886,86.11818181818181,1.0750412977702342,2275.0151515151515,70.81196488107896,8.016363636363637,1.9118805158297787,0.007272727272727225,2.370676722595397,6.8776515151515145,R
605400,FF,945,0.26649746192893403,92.00063492063492,1.1880761845006245,2329.473015873016,81.53643488577461,14.734857142857143,1.6551115629208462,-12.907809523809522,2.0060088668422877,6.922645502645502,R
605400,KC,1127,0.31782289904117317,78.194942324756,0.9683724838825966,2611.513753327418,80.0349365146137,-10.356095829636201,1.8024105680497455,14.69717834960071,2.1527858417040284,6.734427684117125,R
605400,SI,666,0.18781725888324874,91.15600600600601,1.3953095304190248,2241.0525525525527,96.30129068428751,8.594414414414413,1.7485327131784152,-17.54936936936937,2.0150841453857864,6.966666666666667,R
605400,SL,21,0.005922165820642978,83.16190476190476,0.9270793873645292,2312.1428571428573,107.37703931208277,-0.5485714285714286,1.9643275839693484,3.502857142857143,1.737150375923578,6.990476190476189,R
605441,FF,15,0.375,97.71333333333335,0.5938574464184689,2190.0,103.16560888756901,15.544,1.5957658259997203,-7.280000000000001,1.3001098854657303,6.386666666666668,R
605447,FF,423,0.3975563909774436,95.0451536643026,1.4035901538316746,2287.645390070922,97.45720665590683,18.051063829787235,1.628193123258726,-5.540425531914893,3.277381744337139,7.505200945626477,R
605447,SL,630,0.5921052631578947,85.43634920634919,1.6725301431570208,2028.684126984127,122.72200376744216,-1.3737142857142857,2.7056687557520465,2.427047619047619,1.6166950470983348,7.310793650793651,R
605452,CH,81,0.07099035933391762,89.98888888888888,0.978263768111648,1948.9012345679012,110.16868939701875,5.705185185185186,2.3589272514805915,-16.95851851851852,2.1990492895289497,6.838271604938273,R
605452,CU,68,0.05959684487291849,83.5455882352941,0.8989934377144011,2063.6323529411766,77.88125373883804,-4.5600000000000005,2.0482537156275558,3.021176470588235,2.049296588028868,6.698529411764706,R
605452,FF,367,0.32164767747589834,94.3441416893733,1.1094045375590915,2210.6512261580383,97.60575540883636,11.598474114441416,2.365165658949382,-3.3645776566757486,2.9265598846251595,6.698365122615805,R
605452,FS,45,0.03943908851884312,90.36444444444444,1.2998523614688562,1517.8,259.75990662707954,5.944000000000001,4.084377330979374,-13.445333333333332,2.5410749336022773,6.724444444444444,R
605452,SI,317,0.2778264680105171,94.73564668769717,1.058072035230783,2157.769716088328,85.14333018457253,9.595078864353312,1.9359833165573974,-13.237854889589904,2.4875162624777998,6.7,R
605452,SL,263,0.23049956178790534,87.7365019011407,1.3828965918589131,1945.7490494296578,84.12807024585457,3.629657794676806,1.9451257040576986,2.641368821292776,1.79270224111081,6.6931558935361215,R
605463,FF,262,0.4763636363636364,91.96221374045801,0.8560712095531551,2082.583969465649,95.9353161048474,10.339236641221374,1.8556347318269895,-14.57908396946565,2.561244145228286,5.7538167938931295,R
605463,FS,159,0.28909090909090907,83.93396226415095,1.1629202759377988,1412.2704402515724,134.64109278940984,-4.42188679245283,2.032533858472501,-8.595471698113208,2.889968616647349,5.7408805031446555,R
605463,SI,15,0.02727272727272727,91.70666666666668,1.2109421754902043,2190.8,53.63927132774483,3.264,1.9535637764279485,-19.495999999999995,1.0741428476431134,5.706666666666666,R
605463,SL,35,0.06363636363636363,86.31428571428575,1.5033575867415732,2832.057142857143,99.72371918489215,0.5382857142857143,3.0888085326320414,4.251428571428572,4.099498637105548,5.725714285714285,R
605463,ST,79,0.14363636363636365,82.7620253164557,1.1268635616303981,2812.73417721519,105.98460324327709,-0.9934177215189872,3.0011651096831304,12.364556962025317,2.9272687004767177,5.602531645569619,R
605483,CH,421,0.256394640682095,85.4565320665083,1.5767617031790657,1813.418052256532,117.63705707450201,9.734251781472683,2.514443273281462,13.537482185273161,1.8528635053140683,6.8049881235154395,L
605483,CU,352,0.2143727161997564,80.94744318181819,1.4889122005417386,2549.6875,87.38061656338407,-6.688977272727271,2.4128159901515494,-12.517159090909091,2.856379254852627,6.682954545454547,L
605483,FF,642,0.3909866017052375,95.40560747663551,1.070028367305974,2463.665109034268,62.76841269711537,17.950093457943925,1.704373833071504,4.385046728971963,1.9825348374211103,6.794859813084111,L
605483,SL,227,0.13824604141291108,88.92202643171805,1.4010265955441985,2346.074889867841,75.16706251441079,8.367753303964758,2.0433487547557916,-2.583436123348018,2.05389175144503,6.729515418502202,L
605488,CH,1122,0.2419667888721156,79.26363636363635,1.1485616664110558,1393.4741532976827,83.89624316267951,6.855401069518717,2.824213305241772,12.632620320855615,2.4173647184918856,6.163279857397505,L
605488,FC,207,0.04464093163683416,87.20531400966183,1.365426343655493,2200.5748792270533,73.87336939445247,8.810434782608697,2.6221519555524617,0.4057971014492754,2.7902377003853545,6.24975845410628,L
605488,FF,1998,0.43088203579900797,90.97742742742743,1.107603795470248,2161.747747747748,94.1441719922832,16.28570570570571,1.9088808282609553,10.703363363363364,2.370849402520803,6.50885885885886,L
605488,SL,1022,0.22040112141470777,83.67729941291584,1.3546861917576092,2249.714285714286,107.55572353191904,2.0829745596868885,2.444429866556969,-4.08587084148728,1.7064362733762137,6.23013698630137,L
605488,ST,288,0.062109122277334484,76.4420138888889,1.8074195052889934,2311.6388888888887,86.08517062102928,-0.5095833333333333,3.3892270145414516,-14.32625,3.237112292311059,6.136111111111111,L
605507,FC,16,0.26666666666666666,85.30625,1.1647424608041066,2671.3125,37.05080970775133,3.705,1.0218806192506051,3.54,1.827785545407338,6.2625,R
605507,FF,24,0.4,91.22916666666667,0.9119873982094017,2426.2916666666665,56.0996622222387,13.875,1.9621926510921397,-0.64,1.8467550860431081,6.3125,R
605513,CU,19,0.152,78.05263157894737,1.4815038984658755,2786.4210526315787,96.52766776046573,-14.065263157894737,1.7276939300088643,12.814736842105262,2.3777565720210876,6.110526315789473,R
605513,FF,47,0.376,90.88936170212764,1.1090995255755098,2493.851063829787,58.174018824858294,10.20255319148936,2.0687220042346945,-0.5106382978723403,2.0337707581638247,6.16595744680851,R
605513,ST,28,0.224,83.27857142857144,1.104320519380043,2736.964285714286,63.12625922050666,5.327142857142857,2.666001107419482,12.69,3.509168942451569,6.203571428571428,R
605540,CH,319,0.1915915915915916,83.01912225705328,1.9587518120238818,1848.858934169279,130.84299309816168,8.345454545454546,2.225130134764724,-15.0105329153605,2.79608520657074,6.542633228840127,R
605540,CU,70,0.042042042042042045,77.3157142857143,2.2842012979065953,2548.057142857143,81.88784937813666,-10.230857142857143,2.4721912728268,4.208571428571429,2.47249817087272,6.3999999999999995,R
605540,FC,231,0.13873873873873874,89.13419913419914,1.7708016200479557,2371.255411255411,83.07434938017168,12.576623376623376,2.61811761637828,2.5210389610389607,2.0436486452988825,6.422077922077922,R
605540,FF,600,0.36036036036036034,92.42733333333334,1.8763939652278412,2338.23,78.66170100717525,17.724800000000002,1.5084911454473824,-3.9055999999999993,1.9868900809194487,6.449166666666667,R
605540,SI,427,0.2564564564564565,92.71850117096018,1.4472605178246332,2287.4871194379393,66.53973854421618,13.89751756440281,1.6509460715083324,-13.28936768149883,1.9601883408563368,6.484543325526931,R
605540,ST,18,0.010810810810810811,80.24444444444445,1.1798415757172043,2411.222222222222,69.43431560119633,3.0200000000000005,3.5873306477756675,12.033333333333335,2.6546562866028443,6.427777777777778,R
606160,FF,444,0.40437158469945356,95.15022522522521,0.8568012029073958,2384.346846846847,108.03626372183663,14.792432432432433,1.7489516840573331,-9.824054054054056,1.7573286100137027,6.198423423423423,R
606160,FS,518,0.47176684881602915,87.86756756756756,1.0502971258104796,1616.6447876447876,101.4270196312112,0.9032432432432432,2.176961909501054,-12.078069498069498,2.9869771725927325,6.317953667953668,R
606160,SI,54,0.04918032786885246,95.04629629629629,0.8502414669148378,2300.3518518518517,76.55289388745324,8.30888888888889,1.980042563547339,-16.39333333333333,1.2601706982306982,6.227777777777777,R
606160,SL,82,0.07468123861566485,85.07926829268294,1.1656331723842115,2401.817073170732,98.39503752025233,1.2702439024390246,2.6855962280787864,7.437073170731708,1.933928700030631,6.265853658536585,R
606303,FF,240,0.36363636363636365,94.50833333333334,0.9627004672686198,2464.9583333333335,92.01663446427011,15.122000000000002,2.235176216691935,-6.0285,2.732801725695907,6.2058333333333335,R
606303,SI,95,0.14393939393939395,94.52421052631578,1.0866418883445632,2307.136842105263,72.35588913177193,8.738526315789473,2.2754251267134316,-14.41894736842105,2.649401969326812,6.18421052631579,R
606303,ST,308,0.4666666666666667,83.76590909090909,1.0355128164400227,2795.7012987012986,72.20655585475325,-0.8251948051948054,3.0055946141701524,13.984285714285713,3.0459871304526556,6.0064935064935066,R
606930,FC,82,0.5616438356164384,87.41097560975611,1.9628026131435647,2319.121951219512,85.48978572211072,4.592195121951219,3.345686378633455,4.890731707317073,2.145429123662967,6.607317073170733,R
606930,FF,54,0.3698630136986301,94.13518518518516,1.1069518588852834,2392.3333333333335,96.6715895515073,17.044444444444448,1.9144679212208409,-2.577777777777778,2.0368331566861584,6.542592592592592,R
606965,CH,127,0.40063091482649843,82.90787401574805,1.1575566974500744,1691.8976377952756,89.3676936980886,2.6277165354330703,2.5047536358198945,-17.350866141732276,2.434999763248268,6.298425196850393,R
606965,FC,45,0.14195583596214512,86.28,1.2527424461411205,2290.288888888889,59.46374839965417,6.578666666666667,1.7913042480524934,2.298666666666667,3.0095798559086133,6.304444444444443,R
606965,FF,75,0.23659305993690852,92.536,1.1836316081381844,2351.0533333333333,77.40153174916578,16.4704,1.7207520668811287,-12.244800000000001,1.9278326718911085,6.248,R
606965,ST,63,0.19873817034700317,78.41111111111111,1.5835964693626268,2343.8253968253966,91.0364229983801,-0.04190476190476187,2.454367310328512,14.434285714285716,3.075345096966808,6.201587301587302,R
606996,CH,109,0.0803834808259587,83.12752293577981,1.0631775887015438,2084.4770642201834,70.17063809429591,5.823853211009174,2.21483295426326,17.015779816513763,1.5742748439848964,6.429357798165137,L
606996,FF,181,0.13348082595870206,92.19558011049725,2.129940614832565,2222.5690607734805,89.17125803569505,14.496795580110497,1.8133776670996893,8.193812154696133,2.3456620359165834,6.4375690607734795,L
606996,FS,152,0.11209439528023599,85.30065789473683,1.19621349124059,1159.9736842105262,197.86144551370737,-1.3965789473684211,3.6437748975011908,8.30842105263158,3.751735687548195,6.378289473684211,L
606996,SI,315,0.2323008849557522,92.41365079365079,2.003445520621833,2144.9269841269843,86.70425831333401,8.21104761904762,2.175095835274773,16.451428571428576,2.0299393304156492,6.451428571428571,L
606996,SL,186,0.13716814159292035,88.0516129032258,1.9792771218355953,2364.816216216216,117.04829343683203,6.755483870967742,2.4506557384477925,-2.8696774193548387,2.4842815924356048,6.296236559139785,L
606996,ST,413,0.30457227138643067,81.90145278450363,1.7742078283772156,2669.237288135593,135.7617196729265,2.9375302663438263,3.1806268390828794,-15.36726392251816,4.132346182429296,6.176513317191284,L
607067,CH,633,0.14192825112107624,87.51484992101105,0.9857532706861828,1409.657187993681,158.13032704688095,-0.9251184834123223,2.747126754491548,-12.63260663507109,2.575356125997995,6.643127962085309,R
607067,CU,348,0.07802690582959641,80.2485632183908,1.2570140751164678,2197.609195402299,101.22618338841656,-7.476896551724138,2.270397804570098,10.117241379310345,2.5920973625535693,6.450862068965516,R
607067,FC,313,0.07017937219730942,87.82492012779552,1.3514067018215459,2201.1757188498405,73.86750385984898,7.303130990415336,1.8288182148356682,2.7377635782747602,2.818635123024286,6.604807692307692,R
607067,FF,1839,0.4123318385650224,93.81734638390428,0.92051242126945,2188.0918977705273,75.13745644396515,13.784339314845026,1.6939341586286825,-8.51373572593801,1.9162933247287028,6.6952121871599575,R
607067,SI,450,0.10089686098654709,92.81288888888889,1.0106176246100609,2139.9622222222224,123.75428595109155,8.6648,2.3160399502653113,-14.238133333333334,2.3638902065633185,6.695333333333333,R
607067,SL,465,0.10426008968609865,85.64064516129032,1.2775429394663023,2179.8709677419356,92.19825268166875,-1.1349677419354838,2.2358481306165032,3.7889032258064512,1.6802557409033632,6.626666666666667,R
607067,ST,411,0.092152466367713,82.87956204379562,1.1776043490275057,2440.566909975669,93.227873330857,2.113868613138686,2.771994680645087,14.4607299270073,2.5870300237832278,6.545365853658536,R
607074,CH,697,0.16304093567251463,85.10186513629843,1.2318029348444488,1650.245337159254,119.60525979852977,3.9591391678622667,2.0648434730623424,12.518565279770442,2.4343745701546755,6.185323741007195,L
607074,CU,141,0.03298245614035088,80.26808510638298,1.704335612025828,2716.496453900709,112.11853575017795,-13.014468085106383,3.3836253645908756,-7.269787234042553,2.663589004140602,6.05,L
607074,FF,1818,0.42526315789473684,94.15275027502751,1.2810526527344903,2348.2874449339206,92.27702916899698,17.746270627062707,1.6539090491956547,10.42,2.0749433687426913,6.122907488986783,L
607074,SI,444,0.10385964912280701,92.32770270270271,1.5433606852801862,2250.4898419864558,91.8190319328629,6.845675675675677,2.526949506578537,14.628918918918918,2.5851759553796954,6.049661399548532,L
607074,SL,1170,0.2736842105263158,85.96820512820513,1.5513445783119957,2628.4716981132074,92.57533559511093,-0.7007179487179488,3.1503670399931183,-5.434051282051282,2.353143429710486,5.9423076923076925,L
607179,FF,57,0.5816326530612245,95.73157894736842,0.7822033656685187,2151.9824561403507,85.98245070695494,15.858947368421052,2.445299926251033,-6.867368421052632,2.083282545746864,6.5508771929824565,R
607179,SL,28,0.2857142857142857,88.525,1.236969115456238,2266.464285714286,60.18581236954445,3.0471428571428576,1.56880907211869,4.688571428571429,1.5394989908594103,6.546428571428572,R
607192,CU,493,0.1852686959789553,82.17586206896551,1.5903052058026554,2825.8168724279835,109.40718140780425,-15.927870182555782,2.00488177767737,4.966004056795131,2.8259177327912135,7.292592592592592,R
607192,FF,884,0.33220593761743705,95.7039592760181,1.2706888753920953,2532.91647597254,105.67153339441367,16.30886877828054,2.027617045195815,-1.0413122171945701,2.6308637851000403,7.5820366132723125,R
607192,KC,181,0.0680195415257422,80.28618784530386,1.3274358524222125,2791.016574585635,107.16842793462601,-15.843314917127074,1.6769701697633874,6.669613259668509,2.237357162328627,7.18011049723757,R
607192,SI,562,0.2111987974445697,96.04644128113878,1.099066110262603,2494.0696428571428,112.70529496562722,14.091886120996442,1.7743696130035436,-10.689181494661922,2.4902996918516185,7.615357142857143,R
607192,SL,541,0.20330702743329576,89.44140480591497,1.3454811423231585,2653.9276437847866,90.6974030411876,0.09604436229205188,3.4215179474459885,3.239334565619224,1.5907145846161128,7.444712430426716,R
607200,CH,509,0.12592775853537852,88.0671905697446,1.2839577121249233,1822.459724950884,133.49266711673695,2.932337917485265,2.609660172569535,-11.52801571709234,2.8724395294150558,6.584086444007859,R
607200,FC,973,0.24072241464621474,90.38807810894143,1.2684205312507668,2141.143004115226,91.75247184141281,8.376197327852005,2.418413062071787,1.6395477903391575,2.3069859465189544,6.64485596707819,R
607200,FF,47,0.011627906976744186,93.62340425531916,1.3397294934551798,2084.1702127659573,118.9945777261074,11.946382978723403,1.9736750377117778,-5.696170212765958,2.165189572171743,6.6063829787234045,R
607200,SI,1281,0.3169223156853043,93.47993754879,0.9908780808438541,2005.2779078844653,97.8944308010912,9.000936768149883,2.156669103450935,-10.796814988290398,3.3952576997593535,6.688836846213895,R
607200,ST,1232,0.30479960415635826,82.2494318181818,1.2027451683992834,2475.635551948052,104.06540217962943,2.554188311688312,3.2634479616107095,14.176850649350648,3.4080297712350274,6.593831168831168,R
607259,CH,980,0.2275365683770606,78.4938775510204,1.1891247351118701,1925.491317671093,185.12534491378554,4.446122448979592,2.537607968852031,-11.636204081632652,2.2018820715424927,5.972420837589377,R
607259,CU,400,0.09287206872533085,79.80875,1.0122301923999375,2565.695,119.9869540736395,-15.999,2.2355521092300012,1.7675999999999998,2.143368215746113,5.899749999999999,R
607259,FC,892,0.2071047132574878,89.14069506726457,0.9968709569906556,2352.769921436588,69.86884851734632,11.27730941704036,2.1319523999064276,1.7320627802690582,1.8802325131679474,5.88496071829405,R
607259,FF,762,0.1769212909217553,92.6725721784777,0.9440711727121545,2300.3923884514434,82.90473671062374,17.533070866141735,1.8249983400252485,-5.425984251968504,2.0321388536176412,5.917716535433071,R
607259,SI,936,0.2173206408172742,92.49594017094017,0.947015900148056,2288.6070663811565,79.52486714539616,13.221410256410259,2.279939894709568,-14.212820512820514,2.1395921831030993,5.947430406852248,R
607259,SL,334,0.07754817738565127,85.0562874251497,1.1942074864705456,2426.670658682635,86.45076663869261,2.086347305389222,2.3026112241512484,0.9481437125748503,1.5209917038131595,5.896706586826346,R
607455,CH,81,0.04502501389660923,88.56543209876543,1.9222487152959138,1504.3333333333333,203.72966156159,4.699259259259259,2.416403204029585,14.908148148148147,2.3721082980711015,6.351851851851852,L
607455,FF,444,0.24680377987770985,95.36283783783783,1.3407797538603818,2166.765765765766,90.60523407411114,14.682702702702704,1.6892596296947313,10.451621621621623,1.8963112775788575,6.2371621621621625,L
607455,SI,435,0.24180100055586437,95.35172413793103,1.5193272575155894,2087.5599078341015,85.88378933840266,10.036137931034482,1.9678840256821235,15.673103448275862,1.5444767881653743,6.272643678160919,L
607455,SL,839,0.4663702056698166,85.45423122765197,1.4822507876685227,2274.611510791367,179.92611572043396,-1.5734445768772347,3.6462081433714912,-7.200858164481526,4.022453831125237,6.177473182359952,L
607481,CU,399,0.3217741935483871,80.83609022556391,1.2489194332033045,2355.3934837092734,105.06711450494913,-8.15248120300752,1.7910676216012331,-12.757894736842104,2.013150629294418,6.438345864661653,L
607481,FC,43,0.03467741935483871,87.61627906976743,0.9744180760497239,2158.6511627906975,67.01239534271332,8.051162790697674,1.4470811497012177,0.7172093023255814,1.6529430111188481,6.4581395348837205,L
607481,FF,143,0.1153225806451613,91.39160839160839,1.1168678855316336,2260.9300699300697,88.30697501279595,10.983776223776223,1.6113417574899218,8.563636363636364,2.2167907730830443,6.408391608391608,L
607481,SI,438,0.3532258064516129,90.67054794520547,1.1910325390759249,2106.3538812785387,123.69224513541799,0.8534246575342465,2.109489653277624,14.52027397260274,1.8778935367303344,6.441552511415524,L
607481,ST,217,0.175,81.04930875576035,1.2402628087563106,2403.9815668202764,110.98147839857653,-0.15539170506912436,2.705612985677037,-14.580829493087558,2.8866848301738384,6.4230414746543785,L
607536,CH,388,0.09554296971189362,86.38247422680412,1.5396237876841086,1589.3634020618556,142.42538969125604,5.82958762886598,2.511728938092487,12.427422680412372,2.633335601353362,6.506185567010308,L
607536,FC,716,0.17631125338586556,87.42039106145252,1.4344426029377357,2373.2849162011175,86.41079216700905,7.300055865921788,2.37557878049312,-0.3088826815642458,2.232251178357864,6.555944055944056,L
607536,FF,1228,0.30238857424279736,91.54714983713355,1.340589472586501,2394.811889250814,92.23164357718787,14.85058631921824,2.061774261014616,7.578273615635179,2.0775644672987927,6.5901385493072535,L
607536,KC,971,0.23910366904703276,82.50679711637488,1.4814715236178673,2385.6889804325438,128.3440369744444,-6.18821833161689,2.3477830775193618,-1.4972193614830072,2.3530760066491787,6.536222910216718,L
607536,SI,248,0.061068702290076333,91.50806451612904,1.0753097114682366,2294.548387096774,89.00883410086495,7.779677419354839,2.300997120765572,14.178387096774195,2.3355414068936162,6.582661290322581,L
607536,ST,510,0.1255848313223344,83.26274509803922,1.4353057058614647,2325.893909626719,158.38428965925198,-3.3800000000000003,3.2486757162922126,-9.29929411764706,3.4856555183632496,6.520196078431373,L
607625,CH,397,0.09158016147635525,85.68967254408061,1.593094043010513,1692.9370277078085,197.70748866692315,4.06367758186398,2.8042607511482416,-15.19133501259446,2.822298919859252,5.908060453400504,R
607625,CS,166,0.03829296424452134,70.78734939759036,2.300650018469668,2601.6927710843374,186.89217976287017,-3.2754216867469883,3.5462722386753622,15.92457831325301,3.302581286575082,5.719277108433735,R
607625,CU,711,0.16401384083044981,78.17988748241913,1.911117360286058,3222.2067510548522,123.30353368475616,-13.725063291139241,2.16067000959304,14.995611814345994,2.139323806839,5.577637130801688,R
607625,FC,655,0.1510957324106113,89.50015267175573,1.7103078324835186,2402.520610687023,95.10407522818753,11.603175572519083,2.471643151779556,0.4109312977099236,2.1766534830287148,5.853129770992365,R
607625,FF,836,0.19284890426758938,91.72894736842105,1.476344195657959,2320.8755980861242,88.77886854224863,15.467511961722488,1.6364761414494842,-7.885837320574163,2.2784233212879337,5.961124401913875,R
607625,SI,738,0.17024221453287197,91.40826558265583,1.339484691995127,2368.807327001357,92.82750951269277,8.638048780487804,2.0123570733925367,-15.955609756097562,1.9473326486550742,6.017073170731707,R
607625,SL,301,0.06943483275663206,83.77475083056477,2.0833851510720818,2632.551495016611,105.66352968782942,2.6208637873754155,3.8321817003787295,5.4789368770764115,2.0905473444377067,5.77109634551495,R
607625,ST,240,0.05536332179930796,79.35833333333333,2.1661172997338847,2846.0375,148.62410339806482,0.893,2.8201862308310486,15.981500000000002,3.739274905658005,5.672083333333334,R
607625,SV,278,0.06412918108419839,78.81079136690649,1.918245687989937,2959.55035971223,194.01472640302848,-4.463741007194245,2.701413528472482,16.66661870503597,2.8747383629703305,5.614748201438849,R
607732,FA,17,0.6538461538461539,70.71764705882352,5.530510294506923,1876.7058823529412,160.61552100664272,7.355294117647058,6.211922123673818,-10.192941176470589,2.6625640008877776,5.46470588235294,R
608032,CH,193,0.16204869857262805,87.00673575129535,2.4780928103450726,1601.082901554404,91.78061119614063,8.956476683937824,4.449387132507384,-11.698445595854924,2.916901836065712,6.335751295336787,R
608032,FF,638,0.5356842989084802,95.27210031347963,2.1579626509993686,2154.44670846395,83.87103885545667,17.221504702194355,1.5465991228875795,-7.5978056426332286,2.4093992189732343,6.280721003134795,R
608032,SL,360,0.3022670025188917,87.03472222222223,1.884592248978197,2228.9527777777776,121.58454991394991,2.9910000000000005,2.257137759089983,5.381666666666667,1.4689376146989488,6.134722222222222,R
608331,CH,531,0.12051747616886065,85.28022598870055,2.209056134514585,1667.915254237288,178.4071725567652,3.9177401129943497,2.5283588860878927,13.892429378531073,2.914295657843238,6.6269303201506595,L
608331,CU,722,0.16386745347253745,74.93864265927978,1.951034388977038,2899.623268698061,143.18082380904863,-16.95091412742382,1.8579363063764789,-10.534736842105263,2.2566805123483387,6.3813019390581704,L
608331,FC,1142,0.25919201089423516,93.27977232924694,1.9127559123874145,2295.6330998248686,96.05746741103528,8.672259194395796,2.242104380253755,-1.5362521891418566,1.9135384532962045,6.468126094570929,L
608331,FF,617,0.14003631411711304,95.2711507293355,1.773198044083764,2182.217179902755,111.88153882721595,15.24408427876823,2.174423086503481,3.251669367909238,2.361797404819907,6.5504051863857375,L
608331,SI,830,0.18837948252383113,93.7789156626506,1.8217162814246632,2115.6373493975902,99.52777429165567,4.327807228915662,2.0934354888909095,10.204626506024097,2.863167839555175,6.516506024096387,L
608331,SL,78,0.017703132092601,85.39999999999999,2.0185503349050915,2539.948717948718,193.3745371596571,-0.5676923076923078,3.952302936453442,-4.281538461538463,2.516955012999346,6.38974358974359,L
608331,ST,486,0.11030413073082161,81.1312757201646,2.115667918250993,2816.6481481481483,143.75348912544288,-3.104197530864197,4.084122497086784,-17.529382716049383,3.0134101704361917,6.283333333333333,L
608334,CH,147,0.28053435114503816,86.71564625850341,1.1093439181806506,1411.6666666666667,66.34873963491358,2.2106122448979595,2.7294891951470297,-13.965714285714286,1.7601805635895302,6.310204081632652,R
608334,CU,36,0.06870229007633588,80.90000000000002,1.3339522373115804,2642.6111111111113,62.567576166106896,-8.306666666666665,2.2601744559720545,7.660000000000001,2.415123776774776,6.127777777777778,R
608334,FF,129,0.24618320610687022,92.55348837209303,0.9859201374563056,2327.6976744186045,85.13882089079235,15.905116279069766,1.6169420967326094,-8.68,1.8879353802500762,6.251937984496124,R
608334,SI,122,0.23282442748091603,92.05573770491803,1.1459630314611726,2200.77868852459,60.23816536765425,9.335409836065573,2.329541205332172,-14.311475409836067,2.1014546996693095,6.28688524590164,R
608334,SL,89,0.16984732824427481,86.4752808988764,1.1949021354826523,2488.6404494382023,226.96972401176666,3.9680898876404496,2.783132177799165,4.611235955056181,1.6680635344782822,6.25505617977528,R
608337,CH,725,0.24837273038711888,80.9568275862069,1.7163250536671906,1638.0731034482758,100.46226804347083,12.894289655172415,2.165782353625778,-12.775944827586207,1.9078122604861287,6.751724137931035,R
608337,CU,119,0.0407673860911271,78.09159663865547,1.6848064734176333,2394.9327731092435,160.93928379784515,-14.696470588235295,2.410290997353686,5.115630252100841,2.7356567824965596,6.56218487394958,R
608337,FF,1374,0.47070914696813976,92.84890829694322,1.4793389801669459,2216.6120815138283,83.97978738991894,18.08646288209607,1.4216849890242007,-6.726200873362445,2.09130213595726,6.733673469387756,R
608337,SL,700,0.23980815347721823,85.60071428571429,1.674136184433706,1947.8014285714285,88.25278589523958,4.808057142857144,1.905080684503848,2.4709714285714286,1.4343461867505134,6.557571428571429,R
608371,CU,27,0.056485355648535567,82.21111111111112,1.0778658876663962,3083.4074074074074,98.07228858945726,-7.200000000000001,1.8709109258079852,11.217777777777778,2.7532433088902115,5.892592592592592,R
608371,FF,216,0.45188284518828453,94.57407407407408,1.141713960053276,2522.375,119.13113011631636,17.41333333333333,1.9332334644080047,-6.158333333333335,2.426932028254488,5.94074074074074,R
608371,SL,55,0.11506276150627615,85.95090909090906,1.1403171630398417,2950.6545454545453,125.26138865674245,6.560727272727274,3.0202917779980174,7.553454545454544,2.025361621283887,5.872727272727272,R
608371,ST,162,0.3389121338912134,84.88271604938272,1.3051536758669517,3056.604938271605,122.37871968345895,3.8970370370370375,3.076152490967907,15.177777777777779,3.631568967774378,5.845679012345678,R
608372,CU,351,0.08482358627356211,78.62250712250712,1.358541438173617,2673.646723646724,84.57983876166426,-11.22017094017094,2.6495496057921075,8.27076923076923,2.5717216536274417,6.10968660968661,R
608372,FC,485,0.11720637989366844,88.44639175257731,1.210308841098391,2475.7004132231405,76.45534238175172,5.82358762886598,1.7516550364694492,1.426639175257732,2.0652927982920497,6.191528925619835,R
608372,FF,821,0.19840502658289028,92.5584652862363,1.013707074072778,2401.9474327628363,76.38095223864556,15.93807551766139,2.1606527241299394,-5.663678440925701,2.309820521775475,6.217114914425428,R
608372,FS,923,0.22305461575640406,87.16218851570964,1.1212550970331634,1615.5152173913043,182.16855898136075,5.680693391115927,3.1026587779929855,-11.442773564463705,2.945522890296621,6.300326086956521,R
608372,SI,712,0.1720637989366844,92.6247191011236,1.0670126969193459,2286.7179125528914,67.13225397169401,11.698651685393259,1.9723245174858106,-13.669719101123595,2.395995705397155,6.2465444287729195,R
608372,SL,177,0.04277428709521508,85.07909604519774,1.193478146977906,2590.4858757062148,79.89560712584385,-0.4406779661016949,2.9986769039217984,3.6264406779661016,1.543348369961615,6.183050847457627,R
608372,ST,669,0.16167230546157563,83.64843049327355,1.2804324517521046,2590.2496263079224,84.71377763014188,2.511390134529148,2.552648034255556,10.666547085201794,3.4769962008160498,6.177130044843049,R
608379,CH,1161,0.24334521064766296,80.14263565891473,1.2504342469455327,1535.7751937984497,75.158466643884,7.7449095607235146,4.898162183103587,-13.044134366925064,2.4779128027015065,6.666752799310939,R
608379,CU,412,0.08635506183190107,75.58689320388349,1.2814692974640458,2298.28640776699,239.1677897201444,-11.920485436893204,2.2409495200945995,12.002912621359226,3.1793223752977653,6.612864077669903,R
608379,FC,714,0.1496541605533431,88.60742296918767,1.3243382841904021,2132.4439775910364,83.12676626352112,9.868907563025209,2.496324632949479,1.7878991596638654,2.080407045866982,6.757002801120448,R
608379,FF,1286,0.26954516872773004,93.0464230171073,1.1660630980113083,2161.410575427683,79.12620671093995,18.250730948678072,1.5299776740845195,-6.0482426127527225,1.970877903560505,6.711897356143079,R
608379,SI,664,0.1391741773213163,93.15135542168674,1.196134283815062,2053.2138554216867,83.77134029485599,15.603975903614456,1.687129481635779,-12.204216867469878,2.015923710209851,6.743975903614458,R
608379,SL,534,0.11192622091804653,84.86310861423222,1.2081984166816297,1980.1348314606741,115.40476359282253,4.032808988764045,2.4782955721237845,3.833932584269663,2.217822885606375,6.744569288389513,R
608566,CH,85,0.026992696093998094,88.04941176470588,1.8702955922101991,1608.5301204819277,150.11291175916406,7.660235294117647,2.872122981379465,-12.412235294117647,3.2595414432352396,5.496470588235295,R
608566,FF,1128,0.3582089552238806,94.81693262411348,1.2026761739906782,2190.250224215247,80.57538363752222,14.298510638297873,1.9644494111061583,-11.004999999999999,2.445244447527336,5.463120567375886,R
608566,KC,1028,0.3264528421721181,85.52130350194552,1.6834214977110136,2628.212180746562,174.94993291088974,-0.27326848249027236,2.456712565384491,1.412918287937743,2.5311608240050227,5.404474708171206,R
608566,SI,569,0.1806922832645284,94.23550087873463,1.1654827947273887,2149.6973451327435,102.22894662667798,10.48829525483304,2.080416757407537,-14.761054481546575,2.4143389755641076,5.530931458699474,R
608566,SL,339,0.10765322324547476,88.57050147492625,1.4099236358829819,2318.0562130177514,91.55329449450313,5.982300884955753,2.2090739480644297,-1.0665486725663718,2.731993800158277,5.525958702064897,R
608650,CH,297,0.26975476839237056,84.51986531986533,1.107640532558984,1079.7684210526315,140.3340922583067,4.365656565656566,3.1140536375165504,11.726868686868688,3.0589295446364826,6.2316498316498325,L
608650,CU,53,0.048138056312443236,77.3811320754717,1.0915861084772975,2127.9245283018868,83.80376553330814,-10.440000000000003,1.9567162445123365,-1.2045283018867923,1.9705315234120266,6.192452830188678,L
608650,FC,156,0.14168937329700274,85.42243589743589,1.491679015802975,2164.734693877551,65.25926444812075,1.376923076923077,2.265814562746551,-2.633076923076923,1.6738083350347381,6.25576923076923,L
608650,FF,542,0.49227974568574023,93.91033210332104,0.9319370840835811,2140.902111324376,94.021806059895,17.36214022140221,1.5742676126840622,5.581549815498154,1.9193442243831078,6.304243542435423,L
608650,SI,23,0.02089009990917348,93.10000000000001,0.8317560831266472,2112.5,75.87756428553016,15.130434782608695,1.6148050213313672,11.843478260869563,1.4338207339947355,6.317391304347825,L
608650,ST,30,0.027247956403269755,80.45,0.7132973457459902,2117.733333333333,100.47814424671849,-4.944000000000001,3.09128429955733,-9.112,3.7078913051806794,6.3066666666666675,L
608665,CH,66,0.2037037037037037,87.87878787878789,1.2375553012060205,1694.3030303030303,68.62181077290889,3.2872727272727276,1.4779430044746396,-12.716363636363635,1.9377986212461544,6.465151515151515,R
608665,FF,52,0.16049382716049382,94.15961538461539,0.9536842111834682,2282.6923076923076,66.93530340283041,15.3,1.4858390380720328,-7.213846153846155,1.7764981568685811,6.338461538461539,R
608665,SI,128,0.3950617283950617,94.5640625,0.9639758855251596,2216.2578125,59.4370236553273,9.5090625,2.024783234242444,-15.517500000000002,1.4265315019249496,6.37578125,R
608665,SL,71,0.2191358024691358,85.24929577464789,1.4261710215455146,2493.718309859155,84.13122116221464,1.6259154929577466,3.0406472889195286,5.5183098591549316,2.4210357794697783,6.416901408450703,R
608717,CH,83,0.18082788671023964,84.73614457831324,1.3259675080863536,2147.578313253012,93.45601815200294,4.1725301204819285,1.9055239618550177,-15.545060240963856,2.0564018857798607,6.537349397590361,R
608717,CU,96,0.20915032679738563,80.140625,2.0928237346251897,3059.9166666666665,101.57306591463235,-7.826250000000001,2.939140314696405,13.508750000000001,3.0475347241232287,6.376041666666666,R
608717,FF,187,0.4074074074074074,91.26844919786096,1.1872618046729948,2424.475935828877,73.96339699622825,16.040213903743314,1.6736156073934727,-5.398074866310161,2.309301559625687,6.410695187165775,R
608717,SL,73,0.15904139433551198,85.6986301369863,1.1195848871946699,2775.150684931507,104.28069375393572,-0.6591780821917808,2.2023735639233624,5.76986301369863,1.6588855807026035,6.424657534246575,R
608718,CH,559,0.2532850022655188,76.39982110912344,2.2277373247338628,1615.7807971014493,127.38511051901085,10.654239713774597,1.778917682650267,10.319999999999999,2.4692064808681535,7.160644007155635,L
608718,FF,758,0.3434526506570005,87.23918205804748,1.6404828577102544,2224.374834437086,83.58677666490388,14.505118733509237,2.014842199181126,-2.186596306068602,2.5638745805044776,7.431968295904888,L
608718,SI,585,0.2650657000453104,88.91675213675214,1.4785427786811307,2151.2275862068964,82.51803548735293,12.658666666666667,1.640631017927645,11.638358974358974,1.8169604419549379,7.462222222222222,L
608718,SL,305,0.13819664703217036,78.19508196721311,1.9097590635363602,2268.9602649006624,100.72292713393477,-1.0512786885245897,4.146011241523638,-8.752918032786885,3.496803381845423,7.1209836065573775,L
608723,CU,34,0.15813953488372093,74.48235294117647,0.9453139892778603,2842.1470588235293,95.49079992269006,-12.956470588235296,2.111472102231681,16.17529411764706,1.0768760523317256,6.197058823529412,R
608723,FC,51,0.2372093023255814,87.4137254901961,0.998402645798404,2401.098039215686,94.6233068333507,6.352941176470588,1.8732936706428565,2.9717647058823524,2.0971644722170484,6.325490196078432,R
608723,FF,53,0.24651162790697675,92.11320754716982,0.9805880762718663,2333.9622641509436,91.5204815799239,17.284528301886795,1.5021146197658715,-5.990943396226416,1.8497507775487187,6.415094339622642,R
608723,SI,28,0.13023255813953488,91.18214285714285,0.6469607415123431,2262.714285714286,93.26221780464623,11.858571428571427,2.1473837903032478,-13.092857142857142,1.4150954872711727,6.364285714285716,R
608723,ST,40,0.18604651162790697,80.09,1.3087085041054598,2794.875,65.0602038746047,0.05999999999999992,2.9866162999416117,17.7,3.1278008986408423,6.2975,R
612434,FF,50,0.45045045045045046,95.09999999999998,0.7618452357699079,2258.68,78.36113155624739,7.0152,2.018379062717488,-17.2536,2.109099585421345,6.684000000000001,R
612434,SI,17,0.15315315315315314,95.14117647058823,1.0216768223913884,2190.235294117647,80.75002276452057,4.750588235294118,4.026500451055847,-18.27529411764706,2.1148466777968173,6.623529411764705,R
612434,SL,32,0.2882882882882883,83.6375,1.21913507150793,2844.96875,70.89723793473335,2.43375,2.744596744573341,11.568750000000001,2.479182682698786,6.66875,R
614179,CH,52,0.15568862275449102,88.94615384615386,0.7363027772518851,1907.9423076923076,105.97935675080895,7.163076923076923,2.0491198861199673,-16.11,1.9143851723817997,6.175000000000001,R
614179,CU,101,0.3023952095808383,85.39405940594062,0.9158407920788652,2164.4554455445545,83.35916563311743,-3.225742574257426,2.2790073920611373,2.6506930693069304,3.279145698936155,6.0712871287128705,R
614179,FF,124,0.3712574850299401,95.63790322580644,0.7440378456515949,2303.6774193548385,57.339461062274935,17.550967741935487,2.043919962219433,-6.149032258064516,1.9802362589416898,6.105645161290322,R
614179,SI,55,0.16467065868263472,95.13818181818182,0.7412429274138657,2196.909090909091,51.476809855137226,12.78981818181818,1.7741388008970675,-15.02836363636364,2.175618059171678,6.074545454545455,R
615698,CU,272,0.09601129544652312,79.8875,1.5853078902885303,2506.547794117647,118.78398917226603,-7.096323529411765,2.5407575965280853,4.020441176470588,2.054159623876553,6.213235294117647,R
615698,FC,664,0.2343805153547476,88.7237951807229,1.1750960527760022,2295.6460843373493,81.38482622329295,7.623795180722891,2.6626071767336676,2.531566265060241,2.033371351084021,6.284638554216867,R
615698,FF,459,0.16201906106600777,93.77734204793029,0.8111186373664045,2144.0065359477126,82.31745691313982,16.498823529411762,1.8493046992145075,-9.379084967320262,1.95155341534365,6.360784313725491,R
615698,FS,574,0.2026120720084716,86.11428571428573,1.12262380983097,1104.2229965156794,172.40996566053846,5.344390243902438,4.125062913811909,-11.064668989547037,3.2290555589801837,6.427351916376307,R
615698,SI,687,0.24249911754324038,93.80771470160117,1.0914116838643777,2099.5167394468704,79.81567282810714,12.54532751091703,3.0144505471204948,-14.80524017467249,2.0646767991135166,6.391703056768559,R
615698,SL,168,0.05930109424638193,85.00654761904762,1.1574874648357023,2440.8571428571427,94.92974305421221,-0.40428571428571436,2.566787542656387,3.4314285714285715,1.4747447909588365,6.28095238095238,R
620443,FA,21,0.7,64.0047619047619,8.36435748820411,1511.7142857142858,197.86893208817366,18.685714285714283,3.232467434373581,-6.422857142857143,5.897559785925991,4.276190476190476,R
620454,FF,81,0.14917127071823205,93.34444444444443,1.158986626324912,2082.2345679012346,86.13583336871744,13.244444444444444,1.7465508867479356,6.4251851851851844,1.7725963380808891,6.392592592592592,L
620454,SI,211,0.3885819521178637,93.00094786729856,1.2083042238067534,2012.952606635071,68.96595178113516,5.527962085308057,2.5744734308542934,15.52834123222749,2.0980114387895523,6.328909952606636,L
620454,SL,237,0.43646408839779005,84.1620253164557,1.4437155276508218,2485.9831223628694,98.63878488419188,-1.1503797468354433,2.744075023853616,-5.23493670886076,2.720740430790848,6.234599156118143,L
621016,FF,64,0.4025157232704403,92.14531250000002,0.9508441842375716,2368.171875,88.79931979710527,9.105,1.6977968917730666,-10.344375,2.2669984876168625,6.254687500000001,R
621016,SI,45,0.2830188679245283,92.27555555555554,0.9422303220539978,2453.511111111111,70.9630576818358,0.3946666666666667,1.8974739188529766,-15.666666666666666,1.8750806043280577,6.275555555555556,R
621016,ST,36,0.22641509433962265,82.17222222222223,0.8807824803989784,2756.027777777778,74.98399300083456,5.743333333333333,2.4135309048303957,9.366666666666665,3.8250721748559395,6.108333333333333,R
621028,EP,27,0.7941176470588235,54.16296296296296,5.810874960474353,1338.4074074074074,158.5237810985758,16.551111111111112,2.7398446521561612,-3.333333333333334,6.599020906397928,4.611111111111111,R
621051,CH,72,0.07221664994984955,84.95416666666668,1.3537571609059826,1431.9722222222222,91.49832173050618,6.319999999999999,2.38312376372681,-12.876666666666665,1.934065265368319,6.8999999999999995,R
621051,FF,333,0.3340020060180542,93.85165165165165,1.0105342610449968,2490.1411411411414,73.36860984605111,18.8781981981982,1.484380239540702,-6.184864864864864,2.215420571809503,6.7057057057057055,R
621051,ST,579,0.5807422266800402,82.12573402417962,1.3120459755424876,2647.588946459413,96.68410883816072,-0.31958549222797933,2.7516074888186224,15.123316062176166,2.8673318177136475,6.497236614853194,R
621053,CH,47,0.040905134899912966,86.32765957446807,1.2484254653204914,1577.0212765957447,110.16045399516939,1.5982978723404255,3.0207048696195398,-15.633191489361701,2.4612661167206804,6.259574468085106,R
621053,FC,128,0.1114012184508268,89.49765625,1.6962889018047094,2412.78125,97.88696176439724,5.47875,2.878717726355173,1.9171874999999998,2.1736296932336674,6.11640625,R
621053,FF,455,0.39599651871192343,94.87208791208792,1.0746739250199933,2311.4813186813185,81.82057827401523,14.278681318681318,1.7601666976468069,-8.278681318681318,1.9951081191326685,6.205934065934066,R
621053,SI,164,0.14273281114012185,94.31951219512196,1.2484531803029892,2162.109756097561,108.26665627648173,5.52,2.3482017659780285,-16.16268292682927,1.844843617347404,6.226829268292683,R
621053,ST,347,0.3020017406440383,83.67694524495677,1.4605759038754746,2551.0605187319884,105.99078006999358,1.2743515850144091,2.697110490398567,11.397925072046108,4.205871517272383,6.117867435158501,R
621057,FC,43,0.5,89.57441860465117,0.9700498326069964,2364.3720930232557,56.87874456781012,4.900465116279069,2.494143572344711,4.14139534883721,2.3865871043489104,5.993023255813953,R
621057,FF,32,0.37209302325581395,96.071875,0.7980760635589864,2319.34375,66.34397625620484,15.975000000000001,1.1517056075454408,-7.80375,1.9876355705436355,6.01875,R
621074,CU,90,0.3488372093023256,82.15999999999998,1.074819033631327,2766.988888888889,117.97757303964424,-9.826666666666666,1.8688793734105877,15.389333333333333,3.0578941127014816,6.292222222222222,R
621074,FC,44,0.17054263565891473,90.02272727272727,1.3901419764138259,2530.568181818182,78.64267074390096,3.2072727272727275,2.5991379283142497,3.635454545454545,1.6868788497398943,6.293181818181818,R
621074,FF,87,0.3372093023255814,95.7183908045977,0.9555868446085265,2353.793103448276,88.75195876397693,15.827586206896552,1.775746790506345,-5.743448275862068,1.7610837226286142,6.303448275862068,R
621074,SI,30,0.11627906976744186,95.04666666666667,1.120878145068391,2247.5666666666666,133.58290292557274,7.104,2.8067229633691047,-16.080000000000002,1.9611959757179833,6.273333333333334,R
621097,CH,44,0.20853080568720378,84.41136363636363,1.0386072761134357,1557.6818181818182,121.68636252482985,9.370909090909093,2.247948747845175,-8.959090909090909,1.7215350345735838,7.047727272727272,R
621097,FC,63,0.2985781990521327,86.75714285714287,1.1412661737135084,1975.6666666666667,80.34582511184527,5.232380952380953,1.637367787605888,4.377142857142857,1.5845009681197266,6.999999999999999,R
621097,FF,100,0.47393364928909953,92.83099999999999,0.8339627925716697,2149.09,73.12229896591467,19.030800000000003,1.5112759208995916,-2.718,1.880145062101713,7.102999999999998,R
621107,CH,219,0.16641337386018237,86.71963470319633,1.2140718710801108,1649.7990654205607,151.320484446776,0.9736986301369863,2.9482301518072904,-15.533698630136987,2.1918771060917455,6.676255707762556,R
621107,CU,220,0.16717325227963525,78.15090909090911,1.100414654477631,2481.9278846153848,76.73537936144628,-7.025454545454547,1.9582247278293778,12.555272727272726,2.153253335137368,6.426818181818183,R
621107,FC,287,0.21808510638297873,88.47142857142858,1.1441638384037882,2227.533582089552,67.55191366870443,8.341881533101045,1.4651592242313083,1.0946341463414633,1.7048225884210912,6.44006968641115,R
621107,FF,169,0.128419452887538,91.96627218934911,0.9937236114474455,2170.9386503067485,76.35796895451345,11.499408284023668,2.2174893847767643,-9.558816568047337,2.836427753473768,6.485207100591716,R
621107,SI,248,0.1884498480243161,91.68024193548388,1.0241085498115172,2073.201680672269,71.02083605028572,2.362741935483871,2.5394287791206507,-16.092096774193546,1.9346477670365927,6.552016129032259,R
621107,ST,173,0.13145896656534956,79.22138728323701,1.1457983584424603,2394.505882352941,68.54508705425954,2.007398843930636,3.0961102091508237,13.007167630057802,2.458268335660061,6.367052023121388,R
621111,CH,333,0.08430379746835442,89.2081081081081,1.255191758148219,1432.6676737160121,244.5211736764061,4.582342342342343,3.71989772375798,-13.77009009009009,2.9181532456938077,6.506646525679757,R
621111,FC,775,0.1962025316455696,90.34929032258066,1.0829528906686194,2391.021992238034,124.76139208957822,10.178477419354838,2.389379873533091,4.756490322580645,1.8685107356106554,6.529495472186286,R
621111,FF,926,0.23443037974683545,93.93315334773219,1.0946909682273396,2219.864864864865,139.54383827666055,16.522548596112312,1.793726601034139,-5.43304535637149,1.9939050946795898,6.520540540540541,R
621111,KC,479,0.12126582278481013,77.62171189979124,1.4845467562984807,2455.490566037736,134.49495638560697,-14.3701878914405,1.8339348162433815,11.20509394572025,1.9675979721118506,6.606079664570231,R
621111,SI,644,0.1630379746835443,93.88788819875776,1.0636694665081914,2104.8664596273293,123.11256538896878,11.761490683229813,2.325249119229174,-14.553726708074532,1.9125680162132048,6.507142857142858,R
621111,SL,501,0.12683544303797467,87.30658682634729,1.3769010592435857,2502.308617234469,150.35736862251926,3.4208383233532937,2.913451852323697,8.284311377245508,1.5425238328305657,6.602805611222444,R
621111,ST,292,0.0739240506329114,81.63698630136986,1.6337721704590091,2689.9243986254296,110.33101194024186,2.898082191780822,3.771354012288531,15.017671232876712,3.429896463045327,6.573883161512026,R
621112,CH,201,0.13823933975240715,87.13383084577116,1.009826594640774,1755.41,134.43954722958748,5.45134328358209,2.977538360217575,-12.493731343283581,2.5913661469315152,6.254499999999999,R
621112,CU,189,0.12998624484181567,80.76402116402116,1.0425402281011877,2687.718085106383,98.88312277959837,-16.725079365079363,1.8582557650518752,8.335873015873016,1.9545369764473373,6.162765957446808,R
621112,FC,377,0.2592847317744154,90.77241379310344,1.3564788422959193,2467.4615384615386,91.07405351812659,7.3648806366047745,2.5906529097917304,3.850185676392573,1.9349743572732243,6.18191489361702,R
621112,FF,52,0.03576341127922971,93.52115384615384,1.4562019546512135,2240.3653846153848,117.29417163631436,15.890769230769232,2.006626127680389,-4.993846153846154,2.165894420911125,6.338461538461538,R
621112,SI,460,0.31636863823933975,93.4671739130435,1.2736771308854713,2011.2717391304348,133.18854092930567,8.904782608695651,2.967850640683413,-13.234695652173915,2.0570418177733285,6.264782608695652,R
621112,ST,160,0.11004126547455295,82.19375,1.3788468201577428,2741.00625,92.08551514248374,-4.55175,2.7786611748337187,16.42125,3.019920185125478,6.220000000000001,R
621114,SL,30,0.7692307692307693,84.1566666666667,0.8857816860842732,2556.633333333333,66.38834719796962,-3.5999999999999996,1.994336809654986,3.7800000000000002,1.3663038486722314,7.073333333333334,R
621121,CH,304,0.1599158337716991,86.32138157894738,1.2644296118629597,1825.2401315789473,149.91810162893017,-1.145921052631579,3.4661263901021533,-16.58565789473684,1.9317105985041112,5.8832236842105265,R
621121,FC,257,0.13519200420831143,89.16459143968872,1.3189540453831916,2370.272373540856,115.71086227256247,8.131517509727628,2.1660659797877293,2.618988326848249,2.09521491380227,5.9976653696498055,R
621121,FF,98,0.051551814834297736,91.81938775510203,1.1605773681566354,2236.6632653061224,105.54394637321452,12.860816326530614,2.2013246590578266,-7.7877551020408164,2.409598730597996,6.043877551020408,R
621121,KC,301,0.15833771699105734,82.02790697674419,1.4262369852112569,2928.43853820598,117.63137496655688,-9.44093023255814,2.4960201251424796,14.490498338870433,2.314702302852478,5.993687707641196,R
621121,SI,453,0.2382956338769069,91.43377483443709,1.1790325689928265,2173.7417218543046,119.65618871917394,4.886887417218542,2.3220791488621275,-13.775099337748346,3.1040119345240447,6.030905077262693,R
621121,ST,488,0.25670699631772753,82.71495901639345,1.3884244236713352,2832.4200819672133,128.42221243702818,5.5630327868852465,2.7091535125514072,16.544262295081968,3.0729685647014326,6.017453798767967,R
621139,FC,49,0.11238532110091744,85.90816326530613,0.9744307600452933,2256.9591836734694,88.13104806283118,3.969795918367347,1.4337022148327478,3.0000000000000004,1.3051436702524364,6.1387755102040815,R
621139,FF,151,0.3463302752293578,93.30662251655632,0.7846586412083654,2269.3774834437086,72.05171677083568,17.706754966887416,1.7309771997993404,-6.232847682119206,1.9558273193999667,6.0754966887417226,R
621139,FS,234,0.536697247706422,82.22564102564104,0.776605781662903,1061.4957264957266,80.03149851271665,0.30256410256410254,3.2514760342731464,-8.503076923076923,2.6417826149430588,6.168376068376069,R
621199,FC,130,0.2504816955684008,88.61,0.9992904459409367,2269.607692307692,92.86286431225716,7.515692307692308,1.8507354240998062,1.9347692307692306,2.377617273621032,6.580000000000001,R
621199,FF,18,0.03468208092485549,90.72777777777777,0.9112406252599717,2143.6666666666665,90.12083391692707,11.833333333333336,2.633619741188251,-6.779999999999999,2.5400046317697464,6.78888888888889,R
621199,FS,57,0.10982658959537572,83.14912280701755,1.6836527898566198,1132.9649122807018,215.22645589772588,-0.576842105263158,3.632668813251067,-5.311578947368422,6.082216404484261,6.5508771929824565,R
621199,SI,211,0.40655105973025046,91.15213270142179,0.8169237893124255,2066.6729857819905,65.71839041079377,3.9162085308056875,2.3131559217252504,-18.078483412322278,1.6021502139490142,6.777251184834123,R
621199,ST,103,0.19845857418111754,82.55436893203883,1.2585220634233463,2660.8252427184466,90.84628551488647,4.796504854368933,2.5154275778654425,12.778252427184464,3.1549563954553226,6.545631067961166,R
621237,CU,41,0.03264331210191083,85.0048780487805,1.5063119231275102,2402.1951219512193,132.26927449566568,-6.421463414634147,3.6459193360355697,0.7141463414634147,2.291489663526497,6.790243902439025,L
621237,FC,401,0.3192675159235669,92.36384039900248,1.4436461527894708,2135.4763092269327,73.72655601846691,5.81715710723192,2.0398590386974322,-1.8673316708229426,2.1219545499891015,6.854,L
621237,FF,23,0.018312101910828025,98.6,1.4522709489247887,2025.4347826086957,97.58344964320935,15.067826086956522,1.7598526708008546,7.930434782608696,3.205454836908867,6.878260869565218,L
621237,SI,791,0.6297770700636943,98.5993678887484,1.111043348141095,2054.214917825537,91.25971745705407,12.381694058154235,1.8860019094591705,14.886371681415929,1.8307040517159496,6.946582278481013,L
621242,FF,644,0.5261437908496732,97.0442546583851,1.3456159690983225,2327.63198757764,94.3852976815691,12.870931677018632,1.6290190356938312,-12.758385093167703,2.275177541821075,7.212577639751553,R
621242,SL,579,0.4730392156862745,89.01865284974093,1.3674279073137063,2267.5284974093265,86.0161154108233,3.676891191709845,1.7116684853414832,1.7726424870466324,1.5754141856643349,7.047150259067358,R
621244,CH,448,0.1679160419790105,85.19151785714287,1.283127268842534,1553.799107142857,101.5326830447732,4.379464285714286,2.7144712329999514,-14.471785714285716,1.8869955117491557,6.473437500000001,R
621244,FC,161,0.0603448275862069,89.49130434782607,1.1047279814703153,2306.4037267080744,67.14400372352578,9.92422360248447,2.311473999353971,0.012670807453416233,1.9916747844979532,6.338509316770186,R
621244,FF,479,0.17953523238380809,92.97223382045928,1.1818543597416709,2131.555323590814,86.72900954165843,15.279582463465553,1.6294968782862234,-9.813194154488519,1.8776482068228344,6.41795407098121,R
621244,SI,892,0.3343328335832084,92.15582959641256,1.252615528967443,2029.4058295964126,75.53656245000363,10.832152466367711,1.8659953901422346,-16.089417040358743,1.682799527610037,6.443834080717489,R
621244,SV,687,0.25749625187406294,82.53464337700146,1.2276072911417482,2360.7671033478896,82.40892788021729,-4.516331877729258,2.169333695561734,14.88768558951965,3.0814500534024876,6.249344978165939,R
621345,CH,50,0.09940357852882704,86.08800000000001,0.8311879867922517,1633.88,86.74490869021345,7.089600000000001,2.792217288778777,15.4056,3.2451107084665196,6.338000000000001,L
621345,FC,260,0.5168986083499006,88.87961538461539,1.0560031764358988,2556.6,80.55949143478787,5.003076923076923,2.050037327526756,-4.051846153846154,1.9406613467389056,6.345384615384615,L
621345,FF,186,0.3697813121272366,93.63924731182796,1.0474770064525467,2458.0806451612902,83.01773793927711,16.485806451612902,2.3368319152592827,4.864516129032259,2.614434987744743,6.367204301075267,L
621363,FF,182,0.7027027027027027,92.15879120879121,1.2489574305586648,2231.3186813186812,97.5969702365624,19.59296703296703,2.0768577489574023,2.0518681318681318,3.1160989608637175,7.348351648351649,L
621363,SL,77,0.2972972972972973,82.62207792207792,1.2390173713390122,2442.9220779220777,97.00010393832824,2.7179220779220774,3.2661962174202523,-5.812987012987013,2.4543704653959773,7.236363636363637,L
621366,FC,21,0.020750988142292492,90.60952380952381,1.004442512991542,2317.0476190476193,72.06974135549274,9.742857142857142,1.987302550839059,5.6971428571428575,2.023919817722883,6.357142857142857,L
621366,FS,163,0.16106719367588934,83.56748466257669,1.230270643494672,1319.6257668711658,180.9894985661579,0.3474846625766871,2.568029542818385,13.137423312883433,2.7452532746401177,6.628834355828221,L
621366,SI,297,0.29347826086956524,93.75185185185187,1.0624129240654132,2271.114478114478,72.06233477851028,7.976565656565657,1.7539516166491804,18.226666666666667,1.6959283513677612,6.514478114478115,L
621366,SL,401,0.39624505928853754,85.93615960099753,1.3320338638577622,2279.3640897755613,94.26498346274676,2.464937655860349,2.470627563718071,-1.3080299251870326,1.5952104435159158,6.481047381546134,L
621366,ST,129,0.1274703557312253,81.03643410852713,1.1888109858499456,2544.8527131782944,73.65694349219497,-1.0474418604651163,2.65977333358437,-13.890232558139536,2.5306485288842833,6.503100775193799,L
621381,CH,77,0.046413502109704644,82.28701298701299,1.0213961870311392,1652.2207792207791,262.22111116668333,-2.548051948051948,3.140573631378191,13.598961038961038,3.0794392792808654,6.253246753246753,L
621381,FC,202,0.12176009644364075,87.65049504950495,1.0599092951312956,2569.341584158416,94.52440340604642,10.054455445544555,2.214727042129425,3.160396039603961,3.4194433577993606,6.1683168316831685,L
621381,FF,613,0.36949969861362264,91.90424143556281,1.0952131229814939,2535.5637254901962,94.41566795121513,16.82721044045677,1.7809810993468425,13.371288743882545,2.1697168130527267,6.200163132137032,L
621381,SI,251,0.1512959614225437,92.02151394422312,1.0135557699528825,2444.840637450199,87.41138656943976,11.841274900398407,1.707290241326146,16.79617529880478,1.4967948801179842,6.243824701195219,L
621381,SL,516,0.31103074141048825,82.0687984496124,1.3738102743749494,2687.8081395348836,122.5168742553802,4.275116279069768,3.01153423242288,-6.565581395348837,4.0059070765537355,6.138565891472868,L
621383,CH,105,0.061046511627906974,83.07142857142857,1.3265567259837585,1761.1809523809525,150.1687372048511,3.004571428571429,2.262437856592984,10.858285714285717,2.6789494414583697,5.839047619047618,L
621383,FF,364,0.2116279069767442,92.4241758241758,1.1154157123803385,2155.8763736263736,94.16458010043306,14.733296703296704,1.9744447515729315,2.4151648351648354,2.1466085045783436,5.651648351648352,L
621383,SI,236,0.1372093023255814,91.80550847457627,1.126929246930547,2015.4406779661017,89.80414077292839,9.26694915254237,1.9545575800097952,13.749661016949153,2.0914435337379493,5.630508474576272,L
621383,SL,609,0.3540697674418605,87.10738916256156,1.0657471656076676,2344.576354679803,72.43704957068292,4.684532019704434,1.5994317924171582,-4.88768472906404,1.547621708645991,5.670935960591134,L
621383,ST,406,0.23604651162790696,81.8384236453202,1.70346095856801,2344.1283950617285,80.67225778960969,2.7124137931034475,2.7600654109634672,-13.041871921182265,3.14218897410506,5.688395061728396,L
621389,SI,19,0.6333333333333333,91.13684210526316,0.5489490224417614,,,5.564210526315789,1.8374811134009688,17.513684210526318,1.4546332509388207,5.257894736842105,L
622088,CU,64,0.13195876288659794,81.65625,1.1258682716372126,2801.671875,123.81899932261595,-11.634374999999999,1.9552045928751292,12.091875,2.4863276131676613,6.206250000000001,R
622088,FC,104,0.21443298969072164,90.65673076923078,1.2863559143804404,2732.048076923077,88.62535741450296,8.421923076923077,1.837532155149906,0.2711538461538461,2.1402981861451296,6.176923076923076,R
622088,FF,42,0.0865979381443299,94.98095238095237,1.2614815322523372,2551.9761904761904,88.057765989078,13.37142857142857,2.4073267953586126,-7.971428571428571,2.3023260469535667,6.15,R
622088,SI,35,0.07216494845360824,94.26285714285714,1.0835903595117895,2601.7428571428572,105.20997013176104,3.425142857142857,1.9389526757999012,-14.533714285714286,1.9730404809571949,6.231428571428572,R
622088,ST,227,0.46804123711340206,84.12731277533041,1.1182925132100077,2793.506607929515,101.94950902172299,3.6243171806167402,2.3839197375080627,13.059383259911895,3.050571623248352,6.2634361233480185,R
622098,FF,16,0.38095238095238093,94.08125,0.4578482281280552,2475.875,67.19312960911009,15.57,1.7844663067707383,-6.93,1.7080515214711762,5.9625,R
622098,SL,17,0.40476190476190477,83.54117647058823,1.5386921490056955,2803.176470588235,184.31367125572834,2.52,2.481854145593572,11.745882352941177,4.319142071672813,6.0058823529411764,R
622250,FF,19,0.4222222222222222,93.37894736842104,0.669642481202902,2358.4736842105262,71.2159223933748,18.037894736842105,1.3635557232934474,-5.292631578947368,1.203258733168959,5.726315789473683,R
622253,CH,29,0.20863309352517986,82.66896551724139,1.311515875476014,1357.8275862068965,112.04561219352884,-3.7158620689655173,3.73992123412224,-11.333793103448274,3.7123312023127766,6.2379310344827585,R
622253,SI,47,0.3381294964028777,92.1063829787234,1.447847616188933,1927.0212765957447,70.51687721565611,1.9148936170212767,2.075289264636353,-16.728510638297873,1.8239553039949536,6.331914893617023,R
622253,ST,60,0.4316546762589928,79.28333333333333,1.9022882444497602,2455.116666666667,66.55215659933643,4.784,3.6496552890394396,9.0,2.8097360995567793,6.128333333333332,R
622379,CH,22,0.13095238095238096,86.31363636363635,1.81640551758934,1595.090909090909,88.57760067867801,-2.187272727272727,1.8434496178378441,-17.36181818181818,1.5440442763317144,6.1,R
622379,FF,77,0.4583333333333333,92.18441558441558,1.393128336464086,2056.3376623376626,66.7374294076204,9.941298701298702,1.7106303475383993,-12.718441558441558,2.0444064026760436,6.176623376623377,R
622379,SI,27,0.16071428571428573,91.13703703703703,1.0175945044557653,2120.962962962963,76.9742621727356,1.28,1.9548755616505264,-18.99111111111111,1.6411753136872398,6.15925925925926,R
622379,ST,42,0.25,80.6595238095238,1.0679498306955697,2359.785714285714,68.19896849026303,1.6428571428571428,3.072869704851886,12.982857142857142,2.1307347704538233,6.021428571428571,R
622491,CH,571,0.1157980125735145,87.26252189141857,1.1072155438237115,1955.4114490161003,119.21805694465931,-0.3524343257443083,1.9717482296697115,-17.52756567425569,1.7568421212790801,5.471278458844134,R
622491,FF,2224,0.45102413303589534,95.06375899280575,1.0357528972909409,2232.069374714742,108.00874616843882,12.501258992805756,1.7912503486210583,-12.635557553956836,1.8516367282445572,5.419071235347159,R
622491,SI,990,0.20077063475968362,94.96484848484849,1.0544607577615093,2049.686796315251,157.83537724838442,3.979272727272727,1.955672643035518,-18.380606060606063,1.7250895952358936,5.4455005055611725,R
622491,SL,1139,0.23098762928412087,84.85443371378402,1.3317684866601163,2244.319186560566,92.7842190467565,0.3820193151887621,2.189368735923898,0.9271290605794557,1.344356854884895,5.452464788732394,R
622503,CH,203,0.3801498127340824,81.3985221674877,0.7132742680321944,1559.192118226601,128.477518690459,2.097931034482759,2.7244724541892604,-11.179507389162563,3.250320586426682,6.829556650246306,R
622503,CU,83,0.15543071161048688,73.80722891566265,0.7479701201365615,2275.4939759036147,95.24043687912315,-12.066506024096388,2.0260284553264634,12.676626506024094,1.8272645670032153,6.690361445783132,R
622503,FF,83,0.15543071161048688,89.05180722891565,1.2480581449266839,2209.0722891566265,96.48035097979101,14.692048192771084,1.9541948370272004,-8.382650602409637,2.1302943139945327,6.7108433734939785,R
622503,SI,135,0.25280898876404495,89.16148148148147,1.1498854702985677,2118.688888888889,75.63891704105949,10.22311111111111,1.8253437487210527,-14.250666666666667,1.9493539687605195,6.751111111111112,R
622503,SL,30,0.056179775280898875,81.83666666666666,0.7526886673021317,2172.6666666666665,77.50743382960484,3.888,1.5498128919324423,2.6679999999999997,1.350193855813254,6.659999999999999,R
622554,CU,70,0.03580562659846547,83.59285714285716,1.2722593652001712,2446.3142857142857,107.9957786154522,-10.957714285714285,2.4195329357810347,6.963428571428572,2.5269858804020955,6.3828571428571435,R
622554,FF,823,0.42097186700767264,97.51567436208991,0.810295522018787,2346.6784409257,113.28431267414798,15.166658566221143,1.85898289665213,-5.190473876063184,2.2603840174968397,6.378250303766707,R
622554,FS,291,0.14884910485933503,86.52920962199313,1.34518517916751,873.0171821305842,103.23343006539459,2.697731958762887,4.092350350345766,-8.67298969072165,2.632729866159689,6.57491408934708,R
622554,SI,290,0.1483375959079284,97.70724137931035,0.8345788012191885,2258.1038062283737,182.95091636272917,9.81351724137931,2.0369308383413847,-14.96151724137931,2.19858473856317,6.36655172413793,R
622554,ST,480,0.24552429667519182,85.875,1.2823354216474299,2501.0125523012553,93.51942280451763,4.53675,2.303532972303309,10.32925,3.520825169578722,6.4175,R
622608,CH,237,0.07567049808429119,88.2789029535865,2.027976484552526,2207.9113924050635,88.41109532430205,6.75240506329114,2.2049658219361263,-10.16405063291139,3.762483465469838,6.142616033755275,R
622608,CU,425,0.13569604086845466,80.85482352941177,2.1045282556170024,2469.0564705882352,134.080698073975,-5.370070588235294,2.4388243851901272,5.536941176470588,2.0231115253918013,5.931764705882353,R
622608,FC,268,0.08556832694763729,91.80746268656715,1.4118613031833056,2269.6567164179105,106.29882298245292,6.805074626865672,2.1371235336674603,2.9140298507462687,1.7083395882898487,6.141044776119402,R
622608,FF,1643,0.5245849297573435,95.40188679245284,1.6339732387748949,2240.885575167377,98.51533230531909,12.048058429701765,2.4563931484745196,-5.0760073037127205,2.4772484106628796,6.11442483262325,R
622608,SI,104,0.033205619412515965,95.55000000000001,1.6093175300795544,2180.730769230769,107.28749425121042,7.676538461538461,2.559084245050098,-12.552692307692308,2.3886967770639678,6.246153846153845,R
622608,SL,455,0.14527458492975734,86.7578021978022,1.6209869472809062,2293.58021978022,106.88485325141791,3.435956043956044,2.434598881977334,4.810021978021977,1.8841040940991995,5.950329670329672,R
622663,CH,221,0.056724845995893225,86.4524886877828,1.870307620810641,1584.185520361991,119.48604699190078,8.006877828054298,3.31159447019199,-13.703891402714932,2.5082745367661388,6.5656108597285066,R
622663,FC,724,0.18583162217659138,93.53812154696134,1.5019893886171396,2290.774861878453,83.96513719077922,9.713370165745856,2.551983519719086,0.8060220994475137,2.4190733979415557,6.413259668508287,R
622663,FF,1017,0.2610369609856263,96.27807276302852,1.3412082572026311,2275.7738446411013,87.95054972604568,16.289911504424783,1.4039031964755302,-7.27811209439528,2.1191915463820457,6.318485742379547,R
622663,SI,822,0.21098562628336756,95.85425790754259,1.1716505619727293,2124.997566909976,72.71335941346,12.083357664233578,1.667678969699058,-14.183211678832118,1.7453091895346673,6.431995133819952,R
622663,SL,158,0.04055441478439425,86.96075949367088,1.2592503807448747,2522.2974683544303,130.32797967644393,3.0113924050632908,4.086576669644732,7.4460759493670885,2.4987749445466902,6.4525316455696204,R
622663,ST,954,0.24486652977412732,84.6261006289308,1.659062079163395,2586.039832285115,128.24360543969945,2.7572327044025156,3.544592484437968,16.181383647798743,3.200642474457606,6.386792452830188,R
622761,FA,53,0.803030303030303,67.48490566037735,9.171557124451809,1593.6792452830189,240.99527393905035,16.179622641509432,3.2434798277966297,-10.492075471698117,4.2758972780757984,4.084905660377358,R
622780,FF,85,0.625,92.51764705882353,1.4433902279494808,2403.3176470588237,72.72800138099457,16.69976470588235,1.8210057245213414,2.4028235294117644,2.6718838600030015,6.578823529411764,L
622780,SL,41,0.3014705882352941,83.03170731707317,2.3727029970468534,2505.731707317073,83.87610636833469,1.5102439024390244,2.73128219688563,-8.22439024390244,1.7883820184464054,6.370731707317073,L
622786,CH,53,0.1606060606060606,89.15283018867923,0.7725093411396655,1572.2830188679245,65.37771243335811,1.2475471698113207,2.502393397145696,-17.073962264150946,2.0389649897234263,6.152830188679245,R
622786,FF,35,0.10606060606060606,95.15714285714286,1.0683372771812878,2303.9142857142856,81.3790591030899,11.924571428571431,1.91825340725718,-13.597714285714286,1.5631925960792465,6.208571428571428,R
622786,SI,105,0.3181818181818182,95.15047619047618,0.8653727308911251,2222.961904761905,90.12085089238653,4.734857142857144,2.0240572897247526,-18.857142857142858,1.7276561013105605,6.193333333333334,R
622786,SL,137,0.41515151515151516,85.04890510948906,1.0217571937541758,2468.204379562044,97.52104891088078,2.47970802919708,3.0457202233350515,7.662481751824817,3.8155343818592242,6.229197080291971,R
623149,FF,562,0.5884816753926702,91.02758007117438,1.016584850069976,2545.868092691622,61.49518330236437,12.582277580071175,1.7873476324362854,-11.563131672597864,2.295463435884674,6.423707664884136,R
623149,ST,393,0.41151832460732984,82.69007633587786,1.0603129323771032,2499.4910941475828,93.59108597812664,6.192671755725191,2.832269450718034,10.895572519083972,3.7372790686811252,6.323664122137404,R
623167,CU,115,0.17087667161961367,72.84260869565217,1.2619297996409973,2636.24347826087,70.54730791789467,-15.031304347826087,1.839502469795689,9.156521739130433,2.0254074935365822,6.182608695652174,R
623167,FC,190,0.2823179791976226,89.06210526315789,1.1199186428659982,2499.6315789473683,64.55677991870854,8.177052631578947,2.262323511165663,7.431157894736843,1.5224283464831567,6.181578947368421,R
623167,FF,277,0.4115898959881129,92.4259927797834,1.0230192101302427,2244.85559566787,87.99971639913777,17.735306859205778,1.2889889011858546,-2.1621660649819496,2.21428064378117,6.1938628158844775,R
623167,SL,60,0.08915304606240713,80.98833333333336,1.1531962460574106,2517.0833333333335,86.14518522734227,-11.199999999999998,2.3384653811812246,1.2339999999999998,1.8153369206825547,6.258333333333335,R
623167,SV,17,0.02526002971768202,77.61764705882354,0.9268463290357557,2623.176470588235,99.66019472068427,-16.877647058823527,1.531435312916304,4.581176470588236,2.0062959725353995,6.188235294117646,R
623168,EP,80,0.8247422680412371,50.5,5.701454400280775,1399.1,144.27457998684227,22.076999999999998,2.0745964378034674,-2.004,2.5469016172795653,4.05625,R
623168,FA,17,0.17525773195876287,64.54117647058824,6.6713059837944595,1704.9411764705883,161.346084004321,21.959999999999997,1.6354815804526808,-5.11764705882353,1.9185656406928222,4.3999999999999995,R
623211,CH,709,0.3934517203107658,90.74499294781381,1.2508837130243236,2012.784090909091,116.04671878782221,2.3597179125528913,2.4818914623828223,-16.581156558533145,2.2782908933993333,5.777433004231312,R
623211,FC,112,0.06215316315205328,91.0482142857143,1.2325891699086364,2348.098214285714,88.24831466848272,8.618571428571428,1.9761528085600877,-2.473928571428572,2.4092387333203975,5.664285714285714,R
623211,FF,161,0.08934517203107659,96.56459627329194,1.0489524499404277,2211.44099378882,89.66324809533843,14.430559006211178,1.837522873479132,-11.083229813664596,2.2137704269200067,5.806211180124222,R
623211,SI,772,0.4284128745837958,96.2571243523316,1.101449826331187,2269.71409921671,80.29968693912113,7.8669948186528496,2.1078281087177118,-17.84984455958549,2.085105595756902,5.752979274611399,R
623211,SL,48,0.026637069922308545,87.46041666666666,1.66946794726654,2308.4375,73.9588460176017,4.945,3.3876031820667745,-4.195,3.2216462026919017,5.620833333333334,R
623352,CH,40,0.034782608695652174,88.5125,1.3464459390063404,1670.625,92.51741000398873,6.1979999999999995,2.3025684655318153,13.485,1.5277585391174073,6.8075,L
623352,SI,655,0.5695652173913044,95.3412213740458,1.1755453044630833,2300.7358778625953,113.21013253399302,18.49575572519084,1.4939342190812628,9.2572213740458,1.8535193992663859,6.716488549618321,L
623352,SL,455,0.39565217391304347,83.58263736263736,1.7752413964814966,2549.2659340659343,99.84738157749109,0.8046593406593406,2.563145662591254,-2.7149010989010995,2.794029258007567,6.501538461538461,L
623433,CH,63,0.2032258064516129,88.40158730158728,0.9345504462629834,1671.4920634920634,94.66867060469593,5.643809523809524,2.259634161491369,-12.662857142857142,1.6384054291384702,6.2142857142857135,R
623433,CU,84,0.2709677419354839,83.44047619047619,1.042485335208641,1967.154761904762,66.72755144338336,-0.0071428571428571175,1.6335419211828077,1.9428571428571426,1.3924032889594133,6.2476190476190485,R
623433,FF,160,0.5161290322580645,95.04249999999999,0.7240304729679298,2281.89375,66.16432724426006,15.729750000000001,2.111316007379963,-6.022499999999999,1.747184257652489,6.18,R
623437,CH,202,0.14305949008498584,86.8747524752475,1.2703296818604743,1840.1980198019803,96.14851900836587,-5.273465346534653,2.3164625783514428,-13.605742574257427,2.455064557838254,5.933168316831683,R
623437,FC,303,0.21458923512747877,91.23036303630363,1.065815392340386,2323.808580858086,69.40339175467014,7.017029702970296,1.9614430141582775,-2.297029702970297,2.1983233577450627,5.76006600660066,R
623437,SI,537,0.3803116147308782,93.91173184357541,0.9171826684804728,2179.1620111731845,67.68949224308555,0.4368715083798883,1.840511540738995,-17.84290502793296,1.7807982174678336,5.78584729981378,R
623437,ST,369,0.2613314447592068,82.57479674796748,1.5427386096858673,2629.181571815718,87.56855753165547,3.59739837398374,2.645891350610693,13.740162601626018,3.6932925359491304,5.669647696476965,R
623454,CH,312,0.30498533724340177,90.13942307692308,1.4780767639432095,1470.2660256410256,144.70772094534377,-2.9115384615384614,3.04024033443418,-10.875,2.895769727570295,6.483653846153847,R
623454,CU,227,0.22189638318670576,80.38281938325991,1.3929071203760535,2715.6299559471368,69.69925649035136,-16.09374449339207,1.7240807698014582,10.500264317180614,1.805385728575016,6.38546255506608,R
623454,FF,408,0.39882697947214074,95.71299019607844,1.35615907973036,2285.6789215686276,96.01654416622837,15.683235294117647,1.6181748214746325,-6.401176470588236,2.2305272210330296,6.525245098039216,R
623454,SI,16,0.015640273704789834,94.8875,1.3913422775626898,2041.625,138.86534244847897,6.12,2.6004307335516557,-11.969999999999999,3.3161423371140146,6.525,R
623454,SL,60,0.05865102639296188,87.31,1.7920445666371023,2635.5,88.29179281205077,0.5399999999999999,2.817153269237029,3.8939999999999997,1.8972926295207857,6.496666666666668,R
623465,FC,17,0.09770114942528736,92.94117647058823,0.9367889460341439,2441.176470588235,78.28492454977973,7.4541176470588235,1.5442759582710979,-0.4164705882352942,1.7698055725717112,6.305882352941176,R
623465,FF,67,0.3850574712643678,96.31641791044774,1.081328730176286,2401.089552238806,92.89938045644013,15.59820895522388,1.1620344299039618,-10.208955223880597,1.6247154849559449,6.405970149253731,R
623465,ST,77,0.4425287356321839,85.46103896103895,1.059934933970731,2657.012987012987,140.7418777226868,-1.3807792207792209,2.112425499299054,16.71116883116883,2.7175501612694695,6.163636363636364,R
623474,CH,103,0.05653128430296377,86.17766990291261,1.385848083151787,1598.873786407767,154.35397818203649,-1.1312621359223305,2.667694414552501,-11.040000000000001,3.201646635166128,5.205825242718447,R
623474,FF,143,0.07848518111964874,92.69160839160837,1.1332675245424642,2441.886524822695,92.87611504414912,8.629930069930069,2.5491869724340463,-13.027972027972028,2.4044561211734923,5.041843971631206,R
623474,SI,494,0.2711306256860593,91.66821862348178,1.2513449416768225,2420.5,84.20462511745083,0.12242914979757084,2.66794246717478,-15.619433198380566,2.5130826214557236,5.036605316973415,R
623474,SL,523,0.2870472008781559,85.57304015296367,1.1872969607883674,2676.496153846154,97.85132830707975,4.81812619502868,2.4979830038438178,0.7014149139579352,2.2470606398331783,5.06326923076923,R
623474,ST,557,0.3057080131723381,77.81310592459606,1.2910276473576447,3011.7643884892086,93.65718718559336,2.294003590664273,3.170760629755912,15.54850987432675,3.0698084394092913,5.046223021582733,R
624133,CH,695,0.17301468757779437,80.01438848920863,1.4532960228827012,1278.546762589928,133.04380673446414,3.043510791366906,4.541425754884827,10.672575539568344,2.769457569676156,6.180719424460432,L
624133,CU,654,0.16280806572068707,74.5262996941896,1.5939912272523125,2144.4954128440368,79.39348461970295,-9.15559633027523,1.9778560164464845,-11.206788990825688,2.5258063643154514,6.219266055045871,L
624133,FC,754,0.18770226537216828,87.0708222811671,1.718278459231912,2113.450928381963,71.38188903918346,6.932148541114058,2.0756453801587824,-2.1647745358090185,1.836109552578993,6.129973474801061,L
624133,FF,691,0.17201891959173513,91.48712011577423,1.036336474534136,1998.066570188133,95.03888554105635,11.75739507959479,1.8668662850602329,5.345643994211287,2.1091365045476143,6.136903039073807,L
624133,SI,1073,0.2671147622603933,90.2344827586207,1.0930940518907555,1986.5424044734389,68.56609949936191,5.3162348555452,2.3987016055676067,15.00972972972973,2.7136073676091312,6.193289841565703,L
624133,SL,150,0.037341299477221805,79.31933333333333,1.4289291370628572,2195.266666666667,73.12787977847337,3.8663999999999996,3.82395650195698,-9.640000000000002,3.5550391496725737,6.254666666666666,L
624428,EP,15,0.3333333333333333,50.24,4.730720271344977,1290.6666666666667,129.26200782390265,15.152,2.0578046554520184,-3.952,4.306996301699961,4.466666666666667,R
624428,FA,26,0.5777777777777777,72.58846153846153,3.250763223992411,1836.8846153846155,107.01413997152972,12.226153846153847,3.461383627306372,-9.290769230769232,4.539005109560397,5.0576923076923075,R
624431,EP,55,0.46218487394957986,38.223636363636366,4.05083272812465,952.4117647058823,146.84293329548933,19.46836363636364,3.634792145280654,1.1040000000000003,3.329095973383765,3.841818181818181,R
624431,FA,25,0.21008403361344538,56.279999999999994,4.764364245800972,1534.9166666666667,182.6985915717985,12.12,8.058560665528304,2.7504000000000004,4.210261749582798,4.46,R
624431,KN,39,0.3277310924369748,55.92307692307692,2.809894317029467,235.33333333333334,533.565420516561,5.424615384615385,6.481764642016396,1.2984615384615383,7.776833863422264,4.36923076923077,R
624522,CH,16,0.0761904761904762,86.69999999999999,1.3271523399117866,1490.3125,202.1450696076129,0.54,2.9019166080368333,-9.9825,2.6145018646005975,6.106249999999999,R
624522,CU,16,0.0761904761904762,80.45,1.2088562087086017,2562.6875,135.30297791746244,-10.537500000000001,2.7410545415952603,8.5875,2.2265174600707716,6.1187499999999995,R
624522,FC,53,0.2523809523809524,88.40566037735847,0.941033616324997,2690.5283018867926,64.16673106764215,4.940377358490566,1.4926408737332104,4.399245283018868,1.9821587387498312,6.1169811320754715,R
624522,FF,59,0.28095238095238095,92.36440677966101,0.6007933582052897,2443.728813559322,81.5540503039664,14.259661016949151,2.645838610360581,-4.623050847457627,2.3758114796896517,6.21864406779661,R
624522,SI,46,0.21904761904761905,92.16304347826089,0.6727583999730509,2511.521739130435,84.37238598563047,10.36695652173913,2.5226624996135576,-12.477391304347828,2.910009113985429,6.2043478260869565,R
624522,ST,20,0.09523809523809523,83.52999999999999,1.0219177019083705,2810.4,127.46780811351216,5.232,3.7228308414006954,9.570000000000002,4.373852932333712,6.145,R
625643,CH,56,0.040846097738876735,83.74464285714284,2.176562731619588,1613.0714285714287,135.28889723212959,10.407857142857143,2.5653060879114062,-12.124285714285715,3.641863088207292,6.598214285714286,R
625643,CU,167,0.12180889861415026,73.89520958083833,2.182786115700667,2292.059880239521,81.93273031195234,-8.548742514970058,2.8154886112447794,7.8725748502994,2.267599432357651,6.382634730538923,R
625643,FF,732,0.5339168490153173,93.99972677595629,1.9332570510367466,2059.9631147540986,102.24540637418171,16.77016393442623,1.4307827348604154,-7.036229508196722,1.9400946263757946,6.523497267759564,R
625643,SL,416,0.30342815463165573,83.44615384615385,2.419794796713564,2311.389423076923,89.45924445231812,-0.25701923076923083,2.6027556776811718,5.92903846153846,1.890464350036284,6.50985576923077,R
628317,FF,39,0.19597989949748743,90.35384615384615,0.8684063303868017,2220.128205128205,104.92106794788755,14.412307692307694,1.9706083238411185,-5.27076923076923,2.256675925962302,6.007894736842105,R
628317,FS,69,0.34673366834170855,84.40289855072464,0.8497354284600719,1420.144927536232,180.98409707211675,-0.817391304347826,2.2076389118733597,-9.827826086956522,2.5013718997930257,6.018840579710145,R
628317,SI,16,0.08040201005025126,90.0875,0.8868483523128416,2248.75,106.55796544604256,8.6925,2.8679644349259283,-14.1075,2.628326463740758,5.96875,R
628317,SL,32,0.16080402010050251,81.38749999999999,1.2785450400180816,2563.75,93.28727742319559,3.54375,2.689849198315292,6.04125,2.5218627907727003,5.99375,R
628317,ST,39,0.19597989949748743,79.9846153846154,1.3297285954854927,2599.5641025641025,82.75130619792589,2.9999999999999996,2.164031325777741,13.32,2.842519268091895,6.007692307692308,R
628452,CH,462,0.30394736842105263,88.6835497835498,1.0493619364428322,1962.3246753246754,135.55803600364496,4.532727272727272,2.6829040032679763,-15.718181818181817,1.9386584761231092,6.1612554112554125,R
628452,FF,610,0.40131578947368424,94.72770491803277,1.1854217009178514,2334.8737704918035,82.35307143587669,14.909901639344264,1.861003222790171,-8.860524590163935,2.593066615001952,6.181475409836066,R
628452,SI,319,0.20986842105263157,94.64451410658307,0.9818284503580317,2334.8369905956115,79.45861474743737,8.778432601880878,2.587763425840192,-16.70257053291536,1.727321600762954,6.212225705329153,R
628452,SL,129,0.08486842105263158,83.52868217054264,1.5038073450438232,2636.9457364341083,88.06729583086585,4.232558139534884,2.56169752040449,10.542325581395348,3.124687612293204,6.049612403100776,R
640448,FF,912,0.5517241379310345,96.29364035087718,0.8418154510378293,2240.2368421052633,89.4411042694388,17.490526315789474,1.7723629465308082,-9.534736842105264,2.0903828547707057,6.6242324561403505,R
640448,FS,601,0.36358136721113127,87.40282861896839,1.1403692321259766,1028.9866888519134,131.97561576234966,4.333577371048253,3.852866899823266,-8.957071547420965,3.067763041132594,6.6445923460898495,R
640448,SL,140,0.08469449485783424,85.50357142857143,1.2721935237092388,2185.2214285714285,77.74604182546682,0.4654285714285715,2.1293006827921115,2.813142857142857,1.5966111078796639,6.5564285714285715,R
640451,CU,25,0.07668711656441718,81.4,1.0376254944182257,2082.64,142.3203194675073,-10.152,2.5195237645237643,6.446400000000001,2.3393640161377194,6.1,R
640451,FF,167,0.5122699386503068,96.43413173652695,1.1155944147420207,2064.736526946108,89.84673721324127,17.364071856287428,1.373179476369947,-6.563353293413173,2.168205801700624,6.223952095808384,R
640451,FS,79,0.24233128834355827,88.33164556962025,1.1015774591056264,1079.012658227848,187.99873797113818,2.949873417721519,2.8184845417310047,-10.271392405063288,3.5098727912434105,6.264556962025316,R
640451,SL,55,0.1687116564417178,86.91636363636364,1.5188645413431363,2308.836363636364,82.69080374242971,1.7498181818181817,2.2304189034458273,3.3338181818181813,1.764644010798916,6.172727272727274,R
640454,CH,16,0.06666666666666667,84.7375,1.1459348439883765,1691.3125,144.8515188046021,-1.995,2.4709026690665095,15.915,2.178090907193729,5.96875,L
640454,FC,31,0.12916666666666668,87.42580645161291,1.1319504529602837,2490.3225806451615,104.44468618899806,5.570322580645161,2.1407529576778477,0.2864516129032258,2.0233858560790243,6.0290322580645155,L
640454,SI,96,0.4,89.55624999999999,0.9795608575704783,2043.8645833333333,98.32241483391226,3.345,2.3081968355361178,16.64625,1.959903998723031,5.984375,L
640454,ST,97,0.4041666666666667,82.17319587628866,1.1542056669629916,2738.360824742268,105.86540054543812,0.6791752577319587,3.007335361974358,-14.995051546391752,3.432735826965419,6.011340206185567,L
640455,CH,119,0.04608830364058869,83.93193277310922,1.7490400647168205,1569.5378151260504,176.86908832624022,2.381848739495798,2.7074874106117797,15.09983193277311,2.373993982541057,6.773109243697479,L
640455,FC,133,0.05151045701006971,84.25338345864662,1.5854713892366354,2129.2932330827066,76.41154342776647,6.9960902255639095,1.7402811661487982,-2.1834586466165415,2.3065184458572996,6.787218045112782,L
640455,FF,1168,0.45236250968241676,91.21404109589041,1.43818941622397,2039.6301369863013,87.56269497905446,10.870479452054795,1.786713922890551,13.985856164383561,2.0358773352735997,6.966010273972603,L
640455,SI,313,0.12122385747482571,90.16837060702876,1.4736541763388642,2039.0191693290735,87.58867091345031,4.304664536741215,1.8300427255909426,18.256869009584662,2.0709397498551487,6.928753993610225,L
640455,ST,849,0.32881487219209915,76.4150765606596,2.296045364548687,2275.4440518256774,95.13955484850082,2.9942049469964664,3.513186797211065,-13.235759717314487,3.6247863852125906,6.674440518256773,L
640462,FF,112,0.6222222222222222,96.38571428571429,0.9606545387688241,2298.651785714286,88.22480599683341,14.838214285714287,1.40264243180712,11.120357142857143,1.787770229593947,7.129464285714286,L
640462,SL,66,0.36666666666666664,85.42424242424242,0.9993937556278194,2301.257575757576,56.66020462263428,-1.9418181818181817,2.1512550248211353,-4.498181818181817,2.39743639305431,7.093939393939394,L
640902,FA,54,0.7714285714285715,67.72037037037036,5.619486971468281,1551.2592592592594,180.10502022118905,13.591111111111111,4.4918755450201076,-5.5200000000000005,9.360029027531187,4.974074074074075,R
641154,CH,277,0.21193573068094873,87.32815884476534,1.1519994606273118,1791.8736462093864,347.3295462338603,2.675956678700361,3.914349054422152,-14.935884476534294,3.049290074364928,6.994223826714801,R
641154,CU,130,0.09946442234123948,82.60615384615384,1.5194732791054026,2603.4307692307693,93.02387277672565,-11.73876923076923,2.1918817851987877,7.2544615384615385,2.4283953490684875,6.966923076923076,R
641154,FF,540,0.4131599081866871,94.46462962962963,0.9608229561731575,2164.3203703703703,75.88285053573327,14.285111111111112,1.4409460748410665,-6.448222222222222,1.906687135265579,7.040925925925927,R
641154,SI,84,0.06426931905126243,93.6702380952381,0.9008402719903799,2043.5714285714287,53.92929009791169,7.265714285714286,1.9450835678855858,-14.928571428571429,2.1124993150962847,7.026190476190475,R
641154,ST,275,0.21040550879877581,84.85054545454545,1.0338917656821343,2408.0,104.004211032096,-0.001309090909090894,2.8236547269899734,12.497454545454547,2.7026428118689276,6.9959999999999996,R
641302,CH,445,0.19033361847733105,83.74000000000001,1.0684332218484922,1507.694382022472,91.6223697550899,2.177797752808989,2.809602518214151,14.181842696629216,2.1980157354755487,6.284719101123595,L
641302,FC,458,0.1958939264328486,87.26593886462882,1.4594509371094944,2343.6528384279477,92.67223956159225,9.52244541484716,2.2883025065201816,-0.9510917030567686,2.3617886511519193,6.224890829694323,L
641302,FF,528,0.22583404619332764,90.88655303030305,1.1615393555974782,2225.058712121212,123.46197764475879,15.800000000000002,1.9467631871958317,9.412272727272727,2.015887029947129,6.215340909090909,L
641302,SI,436,0.1864841745081266,90.69518348623853,0.9469853988133867,2100.726436781609,107.58797114226685,9.259266055045872,1.8806551592204677,16.175229357798166,1.825533130798202,6.250688073394495,L
641302,ST,471,0.20145423438836613,80.1067940552017,1.2710510469211997,2485.3227176220807,119.25967507851452,4.079490445859872,3.104366683521711,-12.961783439490446,4.084356482532593,6.29447983014862,L
641312,CH,154,0.2520458265139116,86.41688311688313,1.5122940715343909,1499.9935064935064,206.81308844541252,5.3127272727272725,3.6144877818487213,-13.028571428571428,3.6317257513161856,6.703267973856208,R
641312,FF,162,0.265139116202946,92.91481481481482,1.1063465824616172,2520.304347826087,88.61701610570208,14.929629629629629,2.206037139753947,-1.877777777777778,2.7168533132036847,6.788679245283018,R
641312,SI,39,0.06382978723404255,93.68974358974359,1.0614773398664386,2415.1794871794873,107.33147666896518,13.166153846153847,1.6012242280018378,-9.756923076923078,3.200123479399007,6.820512820512822,R
641312,SL,177,0.2896890343698854,88.75310734463277,1.0973128100885292,2676.858757062147,134.52406571043156,4.76406779661017,2.273443862376528,5.824406779661017,1.9214911389924498,6.683050847457627,R
641312,ST,79,0.12929623567921442,81.95822784810126,1.4928554290469833,2830.3291139240505,174.3890229372241,-2.0354430379746833,3.949236796592461,16.68,2.339861928865429,6.55,R
641329,CH,578,0.33624200116346714,85.29723183391003,1.7988035552523958,1864.984429065744,84.76893723959657,8.266505190311419,1.7324639792256677,-14.765190311418683,1.8110642184178685,6.379057591623036,R
641329,FF,829,0.48225712623618383,96.84656212303982,0.9195689903865353,2298.582629674306,96.30013964670566,18.500265379975875,1.5303216885842055,-4.093317249698432,2.08532674995119,6.407990314769976,R
641329,SL,312,0.18150087260034903,88.48717948717949,1.8880983797981816,2387.108974358974,68.00709947031926,4.710384615384616,3.0217756081270952,6.943076923076924,1.4191055628688876,6.418589743589743,R
641343,FA,63,0.7974683544303798,67.37142857142858,2.282855354907221,1743.1746031746031,83.54340955504465,17.34095238095238,2.1713543523576027,4.504761904761904,4.811493919015059,4.074603174603175,L
641386,CH,22,0.11764705882352941,86.33636363636364,1.302943720067117,1779.2727272727273,152.1481677019639,8.68909090909091,2.1133564121262944,16.161818181818184,1.6105593123822852,6.077272727272727,L
641386,FF,110,0.5882352941176471,93.40363636363637,0.9433424152591794,2418.8727272727274,89.96595779127283,16.54581818181818,1.3540136609952653,13.266545454545456,1.542377788038389,6.036363636363636,L
641386,SL,53,0.28342245989304815,83.99811320754716,1.2142567473463146,2284.7169811320755,70.02949306116305,4.747924528301887,1.5885859199186287,-0.14943396226415093,1.3796800285327302,5.964150943396224,L
641401,CH,477,0.41049913941480204,83.97714884696018,1.1501743770167794,2010.9098532494759,123.42698589890163,7.229685534591195,2.855117347670842,-16.419119496855345,1.7761832546721912,6.9849056603773585,R
641401,FC,171,0.14716006884681584,86.90409356725145,1.3810633893168396,2353.4912280701756,91.21186509640795,6.735438596491229,2.960595371468443,4.063859649122808,2.7393587191075333,7.008187134502925,R
641401,FF,507,0.43631669535283996,95.1644970414201,1.0241558239208874,2294.285996055227,99.61163251923055,15.914792899408283,1.910438484762112,-10.411124260355031,2.432347090755006,6.945167652859961,R
641482,CH,97,0.14391691394658754,82.15876288659793,1.141339908590592,1338.2371134020618,119.91826845083872,6.25360824742268,2.5590355383616576,12.369896907216493,2.6521125600034092,5.897938144329897,L
641482,FC,226,0.3353115727002967,86.62787610619469,1.2596549448708805,2320.6592920353983,83.07166291787472,10.989557522123894,2.962021648770922,-4.8058407079646015,1.5905815711598303,5.820353982300885,L
641482,FF,264,0.3916913946587537,90.20984848484848,1.1389648991934094,2239.090909090909,79.27072106030928,19.168181818181818,1.4618389471829187,4.491363636363635,2.493984480645233,5.8946969696969695,L
641482,ST,84,0.12462908011869436,77.83690476190476,2.124542743824774,2525.1071428571427,73.43942965385122,2.6042857142857145,2.96493901102039,-13.465714285714284,2.7665028533991696,5.690476190476191,L
641540,CH,78,0.16774193548387098,85.44358974358975,0.8717186701530715,1887.7435897435898,81.72370873109325,6.869230769230769,1.9460427840832581,-16.54153846153846,1.4597447534602563,6.755128205128206,R
641540,FC,168,0.36129032258064514,88.5279761904762,1.0301401332054245,2244.9523809523807,57.76213971726015,11.940714285714286,2.0990193237489128,-0.5421428571428573,2.395863736805141,6.864285714285713,R
641540,KC,16,0.034408602150537634,75.65625,1.0046350912976636,2254.25,89.53397865242744,-15.959999999999999,1.2842429676661655,10.844999999999999,1.4445760623795483,6.5875,R
641540,SI,143,0.30752688172043013,90.11468531468533,1.0204223125992629,2125.993006993007,63.09834672322387,8.478041958041958,2.2143975935799056,-14.607272727272727,2.112250712624653,6.846853146853147,R
641540,SL,58,0.12473118279569892,80.1948275862069,1.141931637397269,2346.5172413793102,114.58211510104198,-3.424137931034483,2.3771773284331768,3.498620689655173,2.0000170598183478,6.6499999999999995,R
641585,CH,27,0.11065573770491803,85.62592592592594,1.3259517895263557,2080.3333333333335,152.0290964054123,9.062222222222223,1.817261958453163,-14.626666666666669,1.650845936994821,6.440740740740741,R
641585,CU,51,0.20901639344262296,76.42156862745098,1.1051359600502006,2591.607843137255,85.2256014191446,-17.343529411764706,1.282452063087602,10.247058823529413,1.2190673387760778,6.4,R
641585,FC,74,0.30327868852459017,86.26486486486488,1.3833087624146927,2764.2027027027025,98.26382989975477,4.712432432432433,2.974630084431962,6.723243243243243,3.6998734180894925,6.209459459459459,R
641585,FF,59,0.24180327868852458,92.33389830508476,0.8577456759740906,2411.1186440677966,98.04838438693606,14.546440677966103,2.03866907455775,-3.1586440677966103,2.9188279754789144,6.203389830508474,R
641585,SI,22,0.09016393442622951,91.58181818181816,0.6716265711556173,2379.0,63.82640146373226,10.783636363636363,1.6367055919759042,-12.600000000000001,2.119946090958784,6.168181818181818,R
641656,FF,115,0.15251989389920426,95.17739130434782,1.180251301635139,2231.904347826087,80.55704897043663,14.697391304347828,2.0362409841513744,-10.551652173913045,1.925762519487938,5.726956521739131,R
641656,SI,332,0.4403183023872679,94.72319277108433,1.107910877542045,2190.421686746988,83.57761311176868,8.506265060240963,2.4096932704449103,-16.712530120481926,2.183892056789055,5.71566265060241,R
641656,SL,307,0.40716180371352784,87.62377850162866,1.1285603312922066,1520.6970684039088,85.19502477421801,4.841042345276873,1.7964289799211002,0.36899022801302933,1.8665258936507958,5.588273615635178,R
641672,CH,102,0.17406143344709898,88.60000000000001,1.0641782028987217,1984.9901960784314,129.41326045710846,7.372941176470587,2.404781782667215,-13.960000000000003,1.8994944611450681,6.514705882352941,R
641672,FC,160,0.27303754266211605,90.09812500000001,0.9142114776057906,2545.0375,64.18123782935459,11.12625,1.8497121142654545,2.037,1.8246587688226832,6.413124999999999,R
641672,FF,70,0.11945392491467577,93.27857142857141,0.8070150506189252,2522.385714285714,59.70247314983727,16.489714285714285,1.2996041442212387,-5.5217142857142845,1.858750532043682,6.371428571428571,R
641672,SI,103,0.1757679180887372,93.32621359223302,0.8826165606574431,2397.372549019608,72.28367132328587,9.540582524271843,1.4446858843352375,-14.014368932038833,1.2184059578978612,6.389320388349512,R
641672,SL,108,0.18430034129692832,85.45648148148149,1.114498600490364,2494.0,88.50460677592295,2.7722222222222226,1.875173429154781,4.815555555555555,1.5201164080691312,6.3731481481481485,R
641672,ST,43,0.07337883959044368,82.21860465116278,1.2398647802527436,2448.3720930232557,53.69624588093125,6.206511627906977,2.420671771893605,10.093953488372094,3.0042494820114576,6.441860465116279,R
641743,CH,265,0.14209115281501342,85.86528301886793,1.2742505280490466,1699.31320754717,136.72471518188146,0.1150188679245283,2.2972617304033918,13.522415094339623,2.7148782370845916,6.096981132075471,L
641743,FC,332,0.1780160857908847,91.10180722891567,1.3419772980446512,2389.178247734139,94.62661044438286,6.463012048192771,1.8571864078031377,-1.9424096385542169,2.19728565888339,5.8792168674698795,L
641743,FF,444,0.23806970509383377,95.79099099099099,1.0903061097743176,2339.587837837838,100.10916811279323,15.043243243243245,1.6772729463733562,7.27054054054054,1.9133143275964124,5.883558558558559,L
641743,SI,330,0.1769436997319035,95.04515151515152,1.2308067416666373,2245.5878787878787,99.23644589088815,5.484727272727273,2.195179455836558,16.117818181818183,2.1439650432456445,5.888181818181818,L
641743,SL,90,0.04825737265415549,86.22888888888889,1.583357579155973,2539.4777777777776,96.39201652076186,-3.9466666666666663,3.591740837976901,-3.722666666666667,1.7548935112863846,5.855555555555555,L
641743,ST,404,0.21662198391420912,82.55990099009901,1.221570396395105,2434.6633663366338,108.0377911298304,-0.2747524752475248,2.5658927580426067,-12.80079207920792,3.368427244365279,5.782920792079207,L
641745,CH,217,0.12336554860716316,92.69170506912444,0.907083924422877,1740.2304147465438,159.56962487193994,6.629308755760368,2.643281487085565,-11.259539170506912,1.8851116897810878,5.997663551401869,R
641745,FF,684,0.38885730528709495,97.09400584795323,0.9615183088418436,2389.12134502924,81.63869737012428,14.959473684210524,1.6925715793676317,-1.046140350877193,2.317746611809389,5.991272189349113,R
641745,SI,289,0.1642978965321205,96.65951557093426,0.8339920983254009,2218.2837370242214,87.68319579528935,10.582006920415227,1.9340279247831016,-13.413840830449827,2.1654245130688135,6.013194444444443,R
641745,SL,337,0.1915861284820921,87.01008902077152,1.2257477034561015,2666.848664688427,99.03656855128825,-4.554302670623146,3.2568427328763168,6.134243323442136,1.7283756068159897,5.872835820895522,R
641745,ST,232,0.1318931210915293,85.98577586206899,1.4428853073445478,2724.823275862069,99.20331465080753,2.334827586206897,3.5626072661627135,14.387586206896552,3.4506285570057584,5.853913043478261,R
641755,CU,251,0.13768513439385627,83.31593625498007,1.7567199605857269,2751.4462151394423,102.65183922179637,-8.571155378486056,3.3945824868105583,3.618645418326693,2.2109060038294084,5.52988047808765,R
641755,FF,384,0.2106417992320351,94.93046875,0.8975649036147991,2380.8255208333335,97.38927983820531,14.8209375,2.0847824003137503,-2.5409375,1.9562886896715461,5.566927083333333,R
641755,SL,1173,0.6434448710916072,87.23137254901961,1.3225290857902363,2560.474850809889,92.85873389636126,2.7294117647058824,2.124812317372861,2.1640920716112535,1.4930198107654535,5.5704177323103155,R
641778,CH,340,0.11162179908076166,84.54205882352942,1.3335124055525782,1172.6352941176472,339.57825993555184,5.9202352941176475,4.217273085164968,10.916823529411763,4.180047482973933,5.9270588235294115,L
641778,CU,421,0.1382140512147078,75.30237529691212,1.1066009999555348,2399.2470308788597,181.39869472930798,-9.541282660332541,2.4239321199847694,-8.934441805225655,2.4970818177111056,5.788598574821853,L
641778,FC,609,0.19993434011818778,86.66371100164203,1.318833723418836,2375.5484400656815,99.52281559543452,7.165911330049263,2.464376028375128,-2.672709359605911,2.699819081888396,5.97159277504105,L
641778,FF,1392,0.45699277741300065,91.42485632183907,1.2702592531776786,2211.683908045977,79.11786709707296,15.72198275862069,1.5019410703666807,8.866293103448276,1.9883454953976554,6.017959770114943,L
641778,SL,283,0.09290873276428102,82.9678445229682,1.4957118198642407,2240.4734982332157,130.8527751453934,2.258374558303887,3.046262942680124,-3.8039575971731447,2.1559947495060725,5.951590106007067,L
641793,FF,1122,0.25106287760125306,91.90320855614972,1.1168039531436285,2015.499095840868,89.70711770817044,16.212085561497325,1.5517628661212057,-6.969946524064171,1.989795061325719,6.240196078431373,R
641793,FS,1096,0.24524502125755201,83.53193430656933,1.076236593325488,1099.9981238273922,179.458015533438,-0.5115328467153285,3.5250952932250454,-11.336277372262774,2.8228553198462585,6.08184306569343,R
641793,SI,693,0.15506824793018573,91.41212121212122,1.061149299107987,2002.6912850812407,94.04929525908602,12.051601731601732,1.6077303869811104,-14.234458874458873,1.5465170274838798,6.249350649350649,R
641793,SL,1260,0.28194226896397406,87.52309523809524,1.2197728693152574,2170.570735650768,94.60414485534517,8.34095238095238,2.13491100556956,1.5363809523809524,2.2635471430695273,6.147736298649722,R
641793,ST,296,0.0662340568359812,79.32162162162162,1.1055202343457449,2166.7815699658704,113.05611439297016,-4.170810810810811,2.8440681089161552,11.902297297297297,2.368293412477831,6.034121621621622,R
641816,FC,379,0.13251748251748252,86.75356200527705,1.892593955851911,2441.7994722955145,100.88361936313272,9.886860158311345,3.701768976376921,0.6158311345646438,4.14805704921935,6.591820580474934,R
641816,FF,1399,0.48916083916083913,92.19535382416011,1.3457504248211567,2327.060042887777,87.96823199346105,18.087576840600427,1.6469210196996378,-11.034253037884204,1.800834688529463,6.617512508934954,R
641816,FS,763,0.26678321678321676,84.73512450851901,1.6595380342438542,1682.483617300131,138.33393990893916,5.943538663171691,3.003783713133816,-13.494416775884666,2.279258471608829,6.539449541284404,R
641816,SI,17,0.005944055944055944,91.94117647058822,1.1096501833513865,2294.4117647058824,79.7159479209849,14.28,1.736375535418534,-11.844705882352942,1.7686086256117366,6.817647058823529,R
641816,SL,302,0.1055944055944056,84.04933774834437,1.7408659276078318,2454.7880794701987,98.70161141861634,2.9380132450331127,3.2877719727308468,4.461456953642385,2.8583266245874075,6.5291390728476815,R
641835,FF,41,0.03761467889908257,94.59512195121951,1.1638194059887879,2114.951219512195,114.70896896483556,13.185365853658537,2.0821288355442555,9.301463414634147,2.8341502791627065,6.860975609756098,L
641835,FS,21,0.01926605504587156,91.28571428571429,0.9681351735608585,1580.2380952380952,139.91136650104764,7.2228571428571415,2.377278155490314,14.091428571428569,1.9705488720513522,7.07142857142857,L
641835,SI,671,0.6155963302752293,94.01684053651267,1.0710154910159466,2071.6128550074736,103.47045869486301,9.211385991058123,1.9026257626184861,15.522742175856928,1.7511820120700323,6.911028315946349,L
641835,SL,357,0.3275229357798165,87.10616246498599,1.232571125847332,2207.6657303370785,103.48334862189336,-0.48369747899159676,2.546495233775177,-1.6830252100840337,1.7328458867828362,6.939215686274509,L
641927,CH,1181,0.3105443071259532,83.09491955969519,1.0948916506096489,2037.6850127011007,105.27645134308958,6.060558848433531,2.097098890186242,-18.31732430143946,1.9028662468008686,7.141694915254238,R
641927,CU,128,0.033657638706284514,74.5765625,1.4741063955340301,2090.8359375,69.54914167533335,-7.872187500000001,2.271721722970085,8.1196875,2.7205997305191345,7.20859375,R
641927,FF,1311,0.3447278464370234,89.64576659038902,1.3364056854733102,2287.050343249428,70.75882421352522,16.855652173913043,1.5659991365637955,-8.015469107551487,2.2045163715522444,7.266030534351145,R
641927,SI,131,0.034446489613463055,89.68778625954198,1.2529364217870427,2103.053435114504,78.70678916831852,10.537099236641222,1.712657174617455,-13.996946564885496,1.9878623590835425,7.241984732824428,R
641927,SL,650,0.17091769655535105,83.23261538461539,1.4292932266165714,2042.423076923077,79.38520172210565,6.280984615384615,2.5380082001049424,4.124123076923077,1.8765841793149682,7.195846153846153,R
641927,ST,402,0.1057060215619248,77.7318407960199,1.5474477723035907,2148.5845771144277,137.13705782672983,1.1334328358208956,2.7806769402613396,11.635223880597014,2.6032998577293647,7.147263681592039,R
641941,FC,278,0.19372822299651568,86.50719424460432,1.3598226836929472,2385.5035971223024,167.72357239790873,4.5807194244604315,2.555649970746919,4.8392805755395685,1.9348238066734722,6.896402877697842,R
641941,FF,873,0.608362369337979,95.42359679266896,1.199146249273067,2596.2634593356242,84.63348804444806,18.442886597938145,1.4915015853487055,-7.1293470790378,2.096180156264547,6.776975945017182,R
641941,FS,284,0.19790940766550522,83.54929577464789,1.3854491932144422,949.8661971830986,153.70072010945796,2.6357746478873243,3.1525105423067186,-7.73112676056338,3.931904491575482,7.043661971830986,R
642016,FC,68,0.2585551330798479,90.96323529411765,1.6169719638478774,2515.514705882353,99.7418298224477,7.325294117647058,1.90148918120339,2.7123529411764706,3.167320124189486,6.011764705882352,R
642016,FF,63,0.23954372623574144,96.15396825396824,0.996417032272001,2446.2698412698414,88.57003905224573,15.415238095238095,1.6355632916845473,-7.889523809523809,2.034638295961153,6.028571428571427,R
642016,SI,23,0.08745247148288973,95.31739130434784,0.7062398343036974,2369.782608695652,84.8576114986099,8.410434782608695,2.295710383739183,-15.610434782608696,1.7445694396166265,6.069565217391306,R
642016,ST,109,0.4144486692015209,84.1174311926605,1.02900923552502,2760.697247706422,87.71180762051621,2.1533944954128437,3.0130310259442656,12.684770642201835,2.5102617527417905,5.985321100917431,R
642048,CH,59,0.17404129793510326,85.50508474576272,1.259915668881982,2237.169491525424,92.15768954808081,4.600677966101695,2.505932178683475,18.618305084745764,1.7335046746526714,6.640677966101695,L
642048,FF,34,0.10029498525073746,92.01176470588236,1.0964860418303086,2381.0588235294117,94.66878182970049,13.602352941176472,1.5603866242416653,9.416470588235294,2.4264425666831193,6.594117647058823,L
642048,SI,143,0.4218289085545723,90.96503496503496,1.2695934106422821,2255.4195804195806,69.31256136663104,4.055664335664336,1.8640741988800675,16.95272727272727,1.799277703991784,6.493006993006993,L
642048,SL,49,0.14454277286135694,84.25510204081633,2.581993837496664,2355.4489795918366,97.67613603649772,1.7265306122448978,2.93313651164046,-3.553469387755102,2.593894715657975,6.510204081632652,L
642048,ST,54,0.1592920353982301,80.82407407407409,1.3727723203306903,2313.277777777778,82.95723305247874,4.260000000000001,3.741284210958827,-10.426666666666666,3.0536930935236373,6.440740740740742,L
642100,FF,628,0.4310226492793411,95.11098726114649,1.038934391428988,2248.7639344262293,94.28801565323623,15.036687898089173,1.47040702782492,9.796815286624204,1.9366779752611532,5.967356687898088,L
642100,SI,428,0.29375428963623884,94.52453271028037,1.1619175850022097,2106.912114014252,91.19468640820983,7.345233644859814,1.9776509358253187,17.382897196261684,1.5090953037421673,5.965654205607476,L
642100,SL,397,0.272477693891558,83.53073047858942,1.6809577357857641,2204.862244897959,94.74745758723144,-1.8317380352644834,1.7153131621754942,-4.278589420654912,1.825951536964314,6.0511335012594465,L
642121,CH,455,0.3953084274543875,83.66747252747253,0.9093719009291771,1681.0021978021978,114.88760067174597,2.324043956043956,2.2636490360513117,-13.767032967032968,2.1200315300339505,6.544150110375276,R
642121,FC,170,0.1476976542137272,87.43647058823528,1.1116219887512986,2340.758823529412,90.03848985524169,8.390823529411763,2.0732070527245368,3.717176470588235,2.4451592616489637,6.584705882352941,R
642121,FF,492,0.4274543874891399,92.43943089430894,0.9745175219101978,2375.8475609756097,84.82174392519615,18.54658536585366,1.572848715646506,-9.409999999999998,1.8217068605972386,6.636605316973416,R
642121,ST,33,0.028670721112076455,82.84848484848486,1.9382855201377736,2595.181818181818,75.9771571532583,8.290909090909091,4.105438743024584,12.076363636363636,4.821497315527238,6.478787878787879,R
642133,EP,22,0.9565217391304348,55.972727272727276,4.939267520226418,1398.2272727272727,134.6313951280033,13.936363636363637,2.00637684694278,3.12,3.889326052525957,4.559090909090909,L
642152,CH,173,0.16093023255813954,87.14508670520232,1.0260228127122422,1747.728323699422,142.433628590895,2.922312138728324,2.0056789651649845,-15.522312138728322,1.9122990472698054,6.460693641618499,R
642152,FC,275,0.2558139534883721,91.7789090909091,1.115644674235767,2347.88,129.185023199201,9.727418181818182,2.345310639556854,1.1646545454545456,2.4087774727177123,6.317818181818182,R
642152,FF,153,0.14232558139534884,94.8078431372549,0.8126086495586058,2048.143790849673,77.51972739590173,14.348235294117645,1.5573113291347342,-8.282352941176471,2.0482250867987997,6.419607843137253,R
642152,SI,253,0.23534883720930233,95.16521739130434,0.7994887082485761,2055.7509881422925,75.7981161619617,9.550671936758892,1.8882985389249645,-15.785454545454547,2.0322081905823848,6.450592885375494,R
642152,ST,211,0.19627906976744186,80.30331753554502,1.1330693202118423,2562.611374407583,175.1973055443684,-1.07260663507109,2.8126432800335115,17.12018957345972,2.4419866935570753,6.2725118483412325,R
642180,EP,17,0.9444444444444444,51.50588235294118,6.040847476579269,1347.8235294117646,198.71469349739772,15.007058823529412,4.226375167779539,1.7505882352941176,2.912954836991631,4.341176470588235,R
642207,CH,945,0.5061596143545796,83.82148148148147,1.2837205618255614,2693.2046908315565,133.86745662714694,-3.729015873015873,2.884968345881685,-19.73625396825397,2.198003702093072,7.209206349206349,R
642207,FF,906,0.48527048741296197,94.03576158940396,1.0417056373132905,2355.045707915273,74.70206542056,15.511920529801325,1.8262653551082517,-12.707417218543046,2.372142318290058,7.459161147902869,R
642215,EP,55,0.7236842105263158,48.96545454545454,3.048935344346733,1386.5454545454545,100.04606683031315,19.363636363636363,5.655739910868775,-4.383272727272727,6.144346107675665,4.352727272727273,R
642215,FA,19,0.25,62.147368421052626,5.0882619190373015,1744.2105263157894,129.03814205599505,13.332631578947368,4.183758068883449,-10.654736842105262,4.810418517737253,4.64736842105263,R
642216,CH,79,0.32916666666666666,82.76835443037974,0.6358003846954153,2078.3544303797466,161.91854853081293,0.8658227848101264,2.16321733772717,-15.688101265822786,2.200283242809461,6.6392405063291156,R
642216,FF,32,0.13333333333333333,89.86250000000001,0.5966303226751755,2172.90625,80.64032425010015,13.016250000000001,1.5840775274282586,-10.799999999999999,1.075906219681059,6.728125,R
642216,SI,69,0.2875,90.05072463768117,0.6700797117652141,2219.4927536231885,149.84007388157372,6.3826086956521735,2.2756561123526504,-16.768695652173914,1.6282342592726193,6.760869565217392,R
642216,ST,53,0.22083333333333333,80.33207547169812,1.3231334581366456,2757.2830188679245,112.77946099126562,-1.2656603773584905,2.6657381063542394,14.363773584905664,2.806128064964451,6.545283018867923,R
642232,CH,370,0.20951302378255945,77.83054054054054,1.0149624419231544,1927.0324324324324,87.23021297920727,-0.7965405405405405,2.6577193250129203,17.53718918918919,2.4169919471341927,6.3281081081081085,L
642232,FC,467,0.26443941109852775,83.94132762312636,1.509961470157364,2095.055674518201,96.04838900801754,8.547237687366167,1.9684755526354385,0.8883083511777301,3.0084361227580545,6.20085653104925,L
642232,FF,282,0.159682899207248,87.85248226950355,1.2474076498403561,1929.4787234042553,71.99531351741769,11.557446808510637,2.154614151371124,14.10127659574468,2.1084047539541726,6.266666666666666,L
642232,SI,302,0.1710079275198188,86.91324503311259,0.9760368366699637,1846.3807947019868,69.90998504268669,5.545430463576159,2.31906492070496,17.35907284768212,1.9552805581605845,6.244518272425249,L
642232,ST,345,0.19535673839184597,71.79478260869564,1.4393055987778995,2265.313043478261,69.25324673994906,7.468869565217392,2.6417517857422173,-12.97391304347826,2.83005650438255,6.155232558139535,L
642239,CH,19,0.04871794871794872,81.02631578947368,1.3739004109400674,1981.578947368421,42.64493690081923,7.016842105263159,1.9355075493741196,16.45894736842105,1.8595755033425179,6.63157894736842,L
642239,FC,131,0.33589743589743587,86.15954198473283,1.2298704513361876,2523.3053435114502,76.68556108498883,3.8216793893129775,1.8203449177271347,-5.399083969465648,1.8899081989840667,6.57557251908397,L
642239,FF,167,0.4282051282051282,91.83532934131736,1.0517958162465089,2506.1556886227545,74.03141437140162,16.47808383233533,1.6094348832842575,3.464191616766467,2.2242083549962945,6.636526946107784,L
642239,FS,18,0.046153846153846156,83.53888888888888,1.171795449369641,1438.7777777777778,99.3553074786798,1.9533333333333331,1.3779609829702129,9.399999999999999,3.270315689024892,6.73888888888889,L
642239,ST,54,0.13846153846153847,80.4777777777778,1.038625119263336,2418.5185185185187,87.85617336171546,5.0266666666666655,2.1995951600066155,-11.811111111111112,2.78197341839007,6.642592592592592,L
642397,FF,220,0.12422360248447205,97.08636363636366,1.098149316786801,2312.318181818182,105.06509674367004,13.855090909090908,1.8859067537752872,11.215636363636365,2.634373944072948,6.530454545454544,L
642397,FS,16,0.009034443817052512,88.13125,1.1959480200521526,1800.4375,203.88230877968135,6.9,3.2469554970772236,16.207499999999996,2.0043802034544242,6.725,L
642397,SI,806,0.45511010728402035,96.70372208436724,1.314906809510853,2308.4330024813894,116.5006111579096,8.637022332506204,1.8693928511147078,17.55334987593052,1.5522564442575573,6.549875930521092,L
642397,SL,519,0.2930547713156409,85.23159922928708,2.1531075560577726,2488.5645472061656,154.9544682636853,3.7188439306358383,2.4826630156629204,-3.5935260115606935,3.074225346565367,6.527745664739884,L
642397,ST,210,0.11857707509881422,83.16047619047617,1.7101749433174867,2583.0619047619048,143.32270602852907,1.4617142857142855,2.9136210250795096,-12.525142857142855,2.2502865800632708,6.418571428571429,L
642520,CH,28,0.15469613259668508,86.8142857142857,1.1214125634957632,1887.392857142857,103.84794414260448,7.002857142857143,2.783420300893951,-14.978571428571428,1.3438466465798133,6.703571428571429,R
642520,CU,37,0.20441988950276244,82.04864864864865,1.6259393219547515,2595.0810810810813,95.79386966536777,-3.3567567567567567,2.3661760689325697,12.064864864864862,3.8383949348231057,6.716216216216216,R
642520,FF,40,0.22099447513812154,93.63250000000001,1.573561614251615,2400.15,64.06308989722153,17.235000000000003,1.5753534401963456,-4.575,1.564180788291922,6.840000000000001,R
642520,SI,32,0.17679558011049723,92.75,1.165083411107853,2346.8125,78.8286985156892,7.522500000000001,1.9266266692280174,-14.53875,1.8273049959946743,6.815625,R
642520,SL,44,0.2430939226519337,89.03863636363636,1.2272517812009431,2535.2954545454545,68.20508729080788,5.443636363636364,2.0277483111892005,3.1200000000000006,1.734530296315752,6.736363636363635,R
642528,CH,278,0.25364963503649635,90.62877697841728,1.1877378677555852,1782.5071942446043,123.51493991120665,5.625755395683453,2.20434719117264,-16.765467625899277,2.367208968467333,6.438129496402879,R
642528,CU,190,0.17335766423357665,87.84526315789473,2.2373580612862742,2629.536842105263,129.4114320348001,0.6776842105263158,3.463940763644074,6.192631578947368,3.9540348986762717,6.432105263157895,R
642528,FC,37,0.03375912408759124,94.32162162162163,1.6934736055967494,2449.6486486486488,71.5200889479531,7.23891891891892,2.994669137524752,0.1589189189189188,2.710874995871858,6.467567567567567,R
642528,FF,124,0.11313868613138686,97.29193548387096,0.8571646182593509,2396.6451612903224,94.9816579253605,13.490322580645161,2.488330466996276,-9.29709677419355,2.384852869690458,6.286290322580644,R
642528,SI,467,0.4260948905109489,97.14839400428266,0.9234966852616721,2269.2612419700213,85.77345808941885,7.2190149892933615,2.0428478538188033,-17.186209850107065,1.9686308129654082,6.441755888650964,R
642546,FF,53,0.12412177985948478,97.23584905660377,0.7643736348808853,2377.490566037736,72.25771788469525,13.100377358490567,1.460192245330613,-12.611320754716981,1.5888917736003307,6.316981132075472,R
642546,SI,164,0.3840749414519906,96.88048780487804,0.9411439357642519,2239.4451219512193,88.74069573962744,5.560243902439025,1.6900807514085265,-17.594634146341463,1.5015837815653188,6.353048780487805,R
642546,SL,198,0.4637002341920375,88.82272727272728,1.3408227780719513,2443.909090909091,85.58216177684334,1.906060606060606,1.8812005121375648,3.6860606060606056,2.1884782827978446,6.289393939393939,R
642547,CH,1115,0.21217887725975262,88.29300448430493,1.3364606097376128,1941.1381165919283,156.76696770498393,3.3017757847533633,2.2174074021309895,-17.115121076233184,1.940275725527805,6.614887892376681,R
642547,CS,113,0.021503330161750715,74.75132743362832,1.4799321319047873,2299.8141592920356,90.2454538499394,-8.56991150442478,2.340808962568596,7.8042477876106195,2.156242517713616,6.527433628318584,R
642547,CU,672,0.12787821122740248,79.41592261904762,1.5449256528039756,2318.0997023809523,128.3318300306557,-4.669464285714286,2.4205224790833744,4.8012500000000005,1.773939073380361,6.605059523809524,R
642547,FF,2775,0.5280685061845861,94.53603603603604,1.481096506793401,2434.7088288288287,85.40196049936695,16.701664864864863,1.7497774406139324,-5.509708108108108,2.5355331220976685,6.686558558558559,R
642547,SL,457,0.08696479543292103,83.56564551422319,1.3184841729862142,2408.984682713348,115.45255056313341,4.6185557986870895,3.189381315061986,4.405864332603938,3.915035872768316,6.649890590809628,R
642547,ST,123,0.02340627973358706,81.23821138211382,1.5914484754566567,2480.2195121951218,94.19847694509974,3.6497560975609757,3.1474552467331325,10.862439024390243,3.3995453749725715,6.482926829268293,R
642575,FF,19,0.7307692307692307,94.06842105263158,0.5558303414001914,2115.8947368421054,59.24796736958071,14.595789473684214,1.2291203529782035,-7.938947368421054,1.8835129552598198,6.152631578947368,R
642585,FS,179,0.28548644338118023,88.90614525139664,1.3193955890317872,1049.9944134078212,226.94498905792634,10.514413407821229,3.5457960655184593,-8.801564245810056,2.42292186179773,6.758659217877096,R
642585,SI,387,0.6172248803827751,97.22377260981912,1.0948079207755634,2393.2118863049095,69.58214710065579,20.639999999999997,1.2254097337397158,-4.771162790697675,1.724257726266916,6.622997416020673,R
642585,SL,57,0.09090909090909091,85.39298245614036,1.4217518933046263,2453.2982456140353,78.30936016674067,0.7431578947368421,2.362141248569926,5.8315789473684205,1.1693645855055583,6.752631578947368,R
642701,CH,175,0.10115606936416185,88.11485714285715,1.1302053811641846,2300.442528735632,131.00670514736464,5.6249142857142855,2.3398184595488,-16.821942857142858,2.4226884224180023,6.162857142857143,R
642701,FC,152,0.08786127167630058,90.66052631578948,1.0056237822147367,2551.153333333333,68.47600242623254,10.578947368421053,2.4318981652103147,0.3544736842105263,2.0632337472985545,6.074342105263159,R
642701,FF,510,0.2947976878612717,94.42490196078431,1.0462147554562868,2434.2604373757454,80.94231976470644,14.740470588235294,1.5819029890967429,-11.29035294117647,2.1814663767721485,6.052455795677799,R
642701,SI,172,0.09942196531791908,94.26104651162791,1.0169585765221854,2374.241176470588,101.19133881840958,8.591860465116278,1.9520422723516353,-16.73441860465116,1.7928190775418587,6.056976744186048,R
642701,SL,721,0.4167630057803468,86.44979195561719,1.3750467006177072,2514.6573816155988,134.4067377472252,2.859861303744799,1.9950874340804012,2.4782246879334258,1.490581228730999,6.132454923717059,R
642708,EP,26,0.9285714285714286,48.926923076923075,4.843928793226234,1202.6538461538462,158.28024319104196,16.12153846153846,3.1920798139240714,-5.570769230769231,4.5443317863702894,4.242307692307692,R
642759,CH,60,0.37037037037037035,86.39833333333334,1.903475115183883,1661.9166666666667,133.01195201383624,6.938000000000001,3.0258405751857906,-2.4979999999999998,3.9158707064751908,6.713333333333335,R
642759,FF,102,0.6296296296296297,96.85588235294115,1.4917976085360944,2381.4411764705883,85.43083283336418,15.901176470588235,1.6895410907292745,-3.5117647058823533,2.084483653690853,6.495098039215686,R
643338,FF,359,0.4986111111111111,95.17771587743731,0.7825287169119707,2481.389972144847,69.63454891039741,18.396768802228415,1.5016723004020982,-6.845348189415041,2.061977769656977,6.406685236768802,R
643338,SI,17,0.02361111111111111,94.25882352941177,0.7834689077505019,2264.5882352941176,60.20907201528002,11.52705882352941,2.189987912940053,-13.08,1.4343639705458302,6.5,R
643338,SL,343,0.47638888888888886,88.03148688046647,0.908568602544205,2239.5102040816328,73.87882670916709,3.461457725947522,1.9487627437414778,3.2837317784256563,1.4578924379375064,6.355685131195335,R
643361,CH,79,0.36574074074074076,81.41518987341772,1.0925257266929147,2023.6835443037974,114.5589697328464,10.936708860759495,2.2763318003826467,-15.759493670886078,2.082163506679812,5.632911392405062,R
643361,FC,40,0.18518518518518517,86.81,1.2811853485877442,2238.275,78.3339293485236,6.69,3.9853037718405044,1.959,2.0207028480209552,5.7075000000000005,R
643361,FF,95,0.4398148148148148,92.07052631578951,1.5205593654555485,2234.3263157894735,53.72159162287506,17.76757894736842,1.78905699384107,-8.84336842105263,2.1604307148020845,5.688421052631579,R
643377,CH,509,0.22422907488986785,91.73143418467583,1.0048475547846383,1826.5206286836935,138.89498549220403,3.126836935166994,2.4794335965252206,-15.061060903732809,2.368369579018204,6.39155206286837,R
643377,CU,107,0.04713656387665198,85.18130841121497,1.1662009633866954,3014.5981308411215,84.22407890960517,-13.911028037383177,2.2719241842998392,4.903177570093458,1.6265443158941673,6.285981308411216,R
643377,FC,94,0.04140969162995595,93.08085106382977,1.0142295763255382,2683.595744680851,67.91207458302736,8.057872340425533,2.817106680273916,1.7170212765957447,2.080250103753415,6.363829787234041,R
643377,FF,409,0.1801762114537445,96.61882640586799,0.7913209307098181,2498.880195599022,74.93237358929952,17.03559902200489,1.6446109843373182,-6.825623471882639,2.1596006949898543,6.391442542787285,R
643377,SI,362,0.15947136563876652,95.90801104972377,0.8963866646203219,2490.743093922652,94.41041874835882,10.926629834254143,2.196995233609662,-15.621546961325967,2.244899626171188,6.390883977900552,R
643377,ST,789,0.3475770925110132,87.84106463878328,1.119581993301587,3064.5019011406844,107.90024796824845,-2.0044106463878326,3.1490059367252994,13.359847908745246,3.1574740880065515,6.344613434727503,R
643410,CU,333,0.22839506172839505,74.0123123123123,0.9499833852692952,2294.2132132132133,85.87908040606368,-17.072792792792793,1.6962910485508325,8.814054054054054,2.05806072233751,6.518018018018018,R
643410,FC,82,0.056241426611796985,90.12317073170732,1.3373364702603259,2114.8048780487807,65.49723187523483,8.878536585365854,2.1220111133808075,1.24390243902439,2.006435175584085,6.545121951219511,R
643410,FF,76,0.05212620027434842,92.35263157894737,0.7660241396040598,1971.6315789473683,77.21706928829715,16.29157894736842,1.7441322982171423,-7.433684210526315,1.8453377953500463,6.548684210526316,R
643410,FS,454,0.3113854595336077,85.19691629955946,1.2176368409433411,704.9581497797357,88.05193887732959,3.610837004405286,3.1821287257489947,-6.343348017621145,4.361100502861137,6.679735682819384,R
643410,SI,491,0.33676268861454045,93.21221995926679,1.20328350116348,2021.4419551934827,76.59031078117631,12.779877800407332,2.0177277544701697,-14.044399185336049,2.013678985502008,6.660488798370672,R
643410,SL,22,0.015089163237311385,83.09545454545454,1.7122742528237462,2244.5454545454545,77.71052957563992,-3.3272727272727267,2.6423838115974387,3.6981818181818187,1.7770484795585342,6.618181818181818,R
643511,SI,1222,0.756656346749226,83.38126022913256,0.8403720068805922,1977.2918032786886,100.88184642690207,-12.739836333878886,1.96449249619902,-1.6288379705400982,2.0804371252699783,6.081096563011457,R
643511,SL,393,0.243343653250774,73.91653944020355,0.7930220125214451,2426.791348600509,125.32055724349256,13.854045801526718,3.16444375096144,11.217404580152673,2.3536498754928563,6.056234096692112,R
645261,CH,1125,0.2206747744213417,90.62026666666667,1.2734693275120053,2094.9893333333334,111.24632774937976,4.0336,2.392774175769155,-17.36192,1.8399750145294167,6.131466666666666,R
645261,CU,75,0.014711651628089448,83.43733333333334,1.6466816208242447,2428.2533333333336,88.21274856282967,-3.0864,1.3718409804622678,4.0224,1.585900579686081,5.982666666666668,R
645261,FC,801,0.1571204393879953,89.52896379525593,1.591174110503806,2298.992509363296,123.20415960437465,5.156554307116105,2.214676073912289,0.9820224719101123,2.099031301456551,5.992259675405743,R
645261,FF,921,0.1806590819929384,97.58566775244299,1.1632931209045068,2271.0803474484255,89.28525399386348,13.295635179153093,1.6633853815729676,-13.580325732899022,2.0920155411032524,6.0335504885993485,R
645261,SI,1309,0.2567673597489211,97.20550038197096,1.1613291174332645,2310.6035141329257,84.47036477882483,8.460504201680672,2.0085027338355403,-17.231046600458367,1.9818761124744317,6.028953399541635,R
645261,SL,661,0.12965868968222832,85.1679273827534,1.8164067344682953,2423.369137670197,96.7644745292503,-0.724357034795764,3.097489171781349,3.2803025718608168,2.0238367176792473,6.004841149773071,R
645261,ST,206,0.04040800313848568,84.22961165048545,1.3770051790327866,2371.8155339805826,91.52264787795163,0.9739805825242719,2.9751738099850775,12.014563106796116,2.7391658964351224,5.964563106796116,R
645444,EP,25,0.9259259259259259,43.63199999999999,2.8183505814571754,1037.52,80.46537557649667,22.257600000000004,4.336927944985944,5.246400000000001,6.75415605386787,3.6919999999999997,R
646241,CH,112,0.208955223880597,87.75446428571429,1.02587149440723,2101.5446428571427,160.64200523187063,7.58892857142857,2.188357134886111,17.1825,2.098062813065321,6.095535714285714,L
646241,FC,88,0.16417910447761194,85.44545454545455,1.0690966313226968,2619.3295454545455,83.41059245158463,1.060909090909091,2.2952222421948227,-2.8418181818181822,1.5930759269698695,6.030681818181819,L
646241,FF,225,0.4197761194029851,94.12577777777777,0.9073865751846882,2326.968888888889,84.00390037240996,17.2976,1.5019307573919645,9.568000000000001,2.016513965096342,5.963111111111111,L
646241,SI,69,0.1287313432835821,93.97971014492751,0.9486181451652416,2301.8840579710145,137.655103560427,13.40695652173913,1.9093695482046564,15.427826086956522,1.5272783073601854,6.007246376811594,L
646241,SL,42,0.07835820895522388,80.12857142857143,1.1965979650222842,2659.809523809524,73.06470172930362,-7.485714285714285,3.5532528160704935,-4.142857142857143,2.0708832635591023,5.869047619047619,L
647315,FC,48,0.15789473684210525,94.35208333333334,1.3981735172707146,2239.1702127659573,92.67834021822964,10.005,3.1118018314632234,-4.2575,3.7937633591899105,6.425,R
647315,SI,176,0.5789473684210527,96.34715909090909,0.9026898836112134,2189.096590909091,96.16697853078394,7.391590909090909,2.3769583860116628,-17.4525,1.8917923474087437,6.520231213872832,R
647315,SL,75,0.24671052631578946,86.06933333333333,1.2860975261802052,2601.4133333333334,129.6457849278161,-2.1599999999999997,3.4990160779158352,6.272000000000001,2.295593899484696,6.42972972972973,R
647336,CH,330,0.10959814015277317,85.2030303030303,1.5372348855343672,2200.1,110.86460018629971,5.806909090909091,4.011292967149889,-16.98218181818182,2.0591915882784693,6.15030303030303,R
647336,FC,169,0.056127532381268684,89.05325443786982,1.034640235549961,2615.733727810651,82.23713598025526,7.379644970414201,2.2961504776605697,1.5081656804733727,2.024298131394568,6.045562130177515,R
647336,FF,1175,0.39023580205911657,93.70978723404255,1.3874521176901522,2528.167659574468,73.85144379414842,14.819846808510638,1.6909877289651378,-8.919625531914894,2.3059064659415927,6.184,R
647336,SI,313,0.10395217535702425,93.41821086261982,1.4042588588198164,2365.345047923323,71.63830837618167,7.28664536741214,2.6552950109143207,-16.574185303514376,1.7967229939071307,6.15111821086262,R
647336,SV,1014,0.3367651942876121,80.53648915187377,1.5113228129674106,2916.007889546351,100.59701322100373,-8.228284023668639,2.994179548558191,11.84248520710059,3.136567520670593,5.98422090729783,R
650556,FC,32,0.017204301075268817,91.92500000000001,1.2939063136050817,2461.375,82.73890140950394,10.807500000000001,2.658225214371909,2.4525,2.2424971679774974,6.574999999999999,R
650556,FF,907,0.4876344086021505,96.57298787210586,1.6674021124157523,2266.734288864388,131.04057543437656,16.516074972436606,1.6444414454951302,-6.361455347298787,1.9631770436697793,6.609151047409041,R
650556,SL,898,0.4827956989247312,86.38195991091314,1.5905825659711768,2873.958797327394,146.53710506589712,-5.816391982182629,2.757057288870916,7.622672605790646,2.7260175062777936,6.448552338530067,R
650633,CH,784,0.24833702882483372,86.44183673469387,0.9915786883296137,1918.9375,102.16980542765012,4.389030612244898,2.1797798473629717,-17.727397959183673,2.5218680592158056,6.039923469387754,R
650633,FF,667,0.2112765283496991,93.8911544227886,1.004776737855039,2349.619190404798,78.2607990261308,15.737811094452772,2.565417855841797,-7.637721139430286,2.3581128684815744,5.926536731634183,R
650633,SI,931,0.29490022172949004,92.82363050483352,1.1126738737599728,2259.8689581095596,124.33641501941834,4.544274973147154,2.69982655468527,-17.67106337271751,2.367380305988854,5.965843179377014,R
650633,SL,170,0.05384859043395629,84.30941176470587,1.4219849057040377,2498.247058823529,104.72097678814869,0.22376470588235306,2.80436007803343,4.132235294117646,1.786142832054154,5.911764705882353,R
650633,ST,605,0.1916376306620209,82.060826446281,1.4483386159042033,2798.8347107438017,77.76683897073758,2.923636363636364,2.797919757049408,13.838677685950413,3.2604803363040085,5.891074380165289,R
650644,CU,692,0.2165884194053208,77.4521676300578,1.4623825041203573,3091.2557803468208,102.2989696895081,-14.80179190751445,1.679435927130084,11.971040462427744,2.0388437924318397,5.546676300578035,R
650644,FC,1109,0.34710485133020347,88.5536519386835,1.3564053516637127,2634.116321009919,107.59415318766735,10.6770784490532,2.6680110857317447,5.220595130748421,1.9581937468475574,5.622362488728585,R
650644,FF,464,0.14522691705790297,91.86185344827587,1.1085323962377474,2424.9331896551726,75.26039646585191,18.174051724137932,1.388774171441376,-7.081293103448276,2.1598916180201737,5.641163793103448,R
650644,FS,179,0.056025039123630674,84.96871508379888,1.6488075440278374,1823.1843575418995,153.46314779603262,7.187262569832402,3.3024319934132182,-13.784581005586592,2.7448638896848077,5.575977653631286,R
650644,SI,560,0.1752738654147105,91.83,1.1458379221461752,2269.480357142857,123.99124113511579,12.3465,1.7277590209132314,-14.092285714285715,1.85826754597535,5.627857142857143,R
650644,SL,185,0.057902973395931145,83.07081081081081,1.4617261579215364,2868.443243243243,95.17688492594625,-4.59372972972973,3.2656638636018944,9.059675675675676,1.94547465503216,5.617297297297298,R
650671,FF,68,0.7640449438202247,94.06911764705882,1.925187128174792,2240.014705882353,68.4038692819933,16.413529411764703,1.6794684346550353,5.075294117647058,1.7621768005460723,6.576470588235294,L
650893,CU,145,0.1917989417989418,80.19586206896551,1.5416835972975274,2362.9172413793103,93.99900290903473,-8.154206896551726,3.354111835776582,-7.741241379310345,3.157027628684276,5.939310344827587,L
650893,FC,153,0.20238095238095238,89.88366013071895,1.3192131584445104,2193.5882352941176,106.83106002936087,7.2007843137254905,2.3545095392201403,-0.3443137254901961,2.6462614554126125,6.007843137254902,L
650893,FF,171,0.2261904761904762,95.64619883040936,1.0619212035677883,2279.748538011696,111.47561556455777,16.687719298245614,1.6589000794756175,8.329824561403509,2.195039721919618,5.9900584795321645,L
650893,FS,93,0.12301587301587301,85.03225806451611,1.005545632796117,1223.0537634408602,189.2988990063872,8.245161290322583,3.5939767283195736,7.667096774193549,4.406505709359732,6.036559139784946,L
650893,SI,191,0.2526455026455027,95.36806282722515,1.0263250312236252,2321.5130890052355,131.42850202131092,12.118743455497384,1.9095104062909058,15.37256544502618,1.67330785372148,5.948167539267017,L
650895,SI,25,0.625,95.7,0.6311365409587154,2042.48,53.30816072610272,5.808000000000001,2.111965908815765,-17.332800000000002,1.0626833959369086,5.612,R
650911,CH,1941,0.38073754413495486,86.55996908809891,1.2244796071484052,2038.6927835051547,93.4347033222921,-0.96661514683153,2.400991189384587,16.819412673879444,1.9195654215075706,7.019845360824743,L
650911,SI,2280,0.4472342094939192,95.32285087719299,1.0242602333297068,2138.2960526315787,71.34123194459424,4.447684210526316,1.9179365571881344,18.231105263157893,1.613482522723775,6.95078947368421,L
650911,SL,877,0.17202824637112593,85.9109464082098,1.3317834518606075,2084.4800456100343,81.27781505484286,-1.9007069555302167,3.2088669890671104,-1.569714937286203,1.643323988576773,6.863968072976054,L
650960,FC,21,0.3333333333333333,90.65238095238095,0.9474275949216634,2495.3333333333335,79.45900410484222,9.314285714285715,2.1952051645087107,3.0914285714285716,2.0140364587422086,6.01904761904762,R
655889,FF,72,0.1643835616438356,96.88333333333333,1.2130743158498762,2349.3888888888887,77.43558077898706,15.966666666666665,1.5497460037233,-3.618333333333333,2.4701844602388774,6.598611111111111,R
655889,SI,148,0.3378995433789954,97.23783783783784,1.091114727090697,2182.3513513513512,73.28973950375845,9.61135135135135,1.6962097196772024,-14.175405405405405,1.5475661727429306,6.5898648648648654,R
655889,SL,218,0.4977168949771689,89.42568807339451,1.2041712196430159,2360.1100917431195,91.06941085534666,0.04293577981651376,2.0217523551905443,3.7645871559633024,1.4116777821342934,6.587155963302752,R
656186,CH,129,0.22872340425531915,91.53178294573644,1.4363030068614975,1777.3798449612402,76.05376324088621,1.2502325581395348,1.9587322371228248,-15.987906976744187,1.8657076717104075,5.874418604651162,R
656186,FF,152,0.2695035460992908,95.88486842105263,1.3107179099737551,2328.2894736842104,79.8013785652429,14.002105263157896,1.6646271708660052,-11.103947368421053,2.022177751370716,5.941447368421052,R
656186,SI,129,0.22872340425531915,96.48449612403101,1.1111965406434559,2281.860465116279,110.25196598204938,8.647441860465117,1.7072182596394967,-16.272558139534883,1.8645560292054812,5.947286821705426,R
656186,SL,154,0.2730496453900709,90.36233766233765,1.4836837181269542,2509.818181818182,87.92520994048202,5.31974025974026,1.9726151144129431,2.5277922077922077,2.594208040083332,5.8370129870129865,R
656212,CH,31,0.1712707182320442,82.35483870967742,0.793237547303211,1687.4516129032259,105.15824225413097,3.0232258064516127,1.8205281048764836,17.160000000000004,1.6351146748775756,5.703225806451612,L
656212,FF,63,0.34806629834254144,89.26349206349205,1.006158710513629,2017.8095238095239,124.02313222616554,13.396190476190476,1.781100990210041,10.872380952380954,2.3078978804808736,5.6571428571428575,L
656212,SI,39,0.2154696132596685,89.10000000000001,0.8642002691871595,1994.0,132.83388914453704,5.298461538461538,1.8347257624729048,16.593846153846155,1.8630939397518531,5.661538461538461,L
656212,SL,35,0.19337016574585636,83.40857142857143,0.9303292992494743,2456.2571428571428,77.58348173841816,0.5348571428571428,2.1733592478391754,-5.533714285714285,2.547708411741914,5.4799999999999995,L
656222,CH,523,0.38147337709700946,88.50860420650096,1.0875217715447372,2107.806883365201,172.42814870530415,9.7551051625239,2.3204413427876442,15.795717017208412,2.508566169404495,6.358891013384321,L
656222,FC,136,0.09919766593727207,83.40955882352942,2.0216926782780433,2351.764705882353,108.54964628252365,0.49323529411764705,3.3167268296839123,-2.389411764705882,1.587045596537855,6.358823529411764,L
656222,FF,712,0.5193289569657185,94.05772471910113,1.120928333649006,2155.497191011236,94.90716460650167,15.702640449438201,1.823814890224493,6.726741573033709,2.041095525193973,6.634831460674158,L
656232,FF,23,0.48936170212765956,92.39565217391302,0.7939992333804198,2412.913043478261,70.84869476149235,15.104347826086956,1.6068371702508022,-4.48695652173913,3.0938214598286766,5.6739130434782625,R
656234,CU,319,0.19679210363972857,80.62539184952978,0.9694456790287159,2892.9905956112852,87.2381431598081,-8.926269592476489,1.5722533811020858,16.255297805642634,2.06097167252058,5.974367088607595,R
656234,FC,33,0.020357803824799507,92.82727272727271,1.320575804164781,2494.060606060606,103.02243062615642,9.454545454545457,2.7383538518938377,-0.9490909090909091,3.1510517724606295,5.924242424242425,R
656234,FF,85,0.05243676742751388,93.94352941176471,1.0501073707940913,2493.1785714285716,83.44959675118025,12.265411764705881,2.188078931794899,-4.064470588235293,2.768235429828537,6.06470588235294,R
656234,SI,561,0.34608266502159163,94.51586452762923,0.9560230176025539,2183.4367201426026,125.48524389320687,1.2566844919786093,2.7785239636088,-12.895401069518716,3.2004226659367525,5.861607142857143,R
656234,ST,623,0.38433066008636646,84.13418940609952,1.10561397417344,2720.712680577849,109.12146665641312,5.864590690208669,2.5639878225258985,14.272873194221509,3.080071500031977,5.822113821138212,R
656240,FF,286,0.3634053367217281,93.54475524475524,1.2112442969534352,2262.2097902097903,61.096570454971875,14.744895104895107,1.9124782735636887,-5.431048951048952,1.946045099020048,7.148601398601398,R
656240,FS,149,0.18932655654383734,85.04093959731544,1.064476360471448,1002.744966442953,102.64213311980612,2.2856375838926177,2.8418532975972552,-6.394630872483221,1.7854708378532071,7.064429530201342,R
656240,SL,338,0.42947903430749684,84.0139053254438,1.011835956506571,2133.0828402366865,128.31759653313213,-0.5708875739644971,2.385303129575742,2.206863905325444,1.3355669571946895,7.068934911242604,R
656257,FC,31,0.28703703703703703,89.55161290322579,1.192160774320291,2673.1935483870966,78.26298373852042,10.134193548387099,2.153955700865346,1.316129032258064,2.9294887806798364,6.038709677419355,R
656257,FF,48,0.4444444444444444,94.2625,0.9087342143555643,2403.125,73.26856020759257,16.852500000000003,1.9789213696440904,-10.3875,2.6375508465402344,6.083333333333333,R
656257,ST,29,0.26851851851851855,82.02413793103449,1.0463047809224983,2951.7241379310344,119.4152109692791,-2.2427586206896555,4.089455863691861,14.47862068965517,1.9267584253239038,5.824137931034484,R
656271,CH,364,0.1961206896551724,88.33104395604396,1.178292179755285,2112.7983425414363,76.2132574206319,6.11901098901099,2.788682975558699,15.20142857142857,2.291319381935966,6.712396694214877,L
656271,FF,767,0.41325431034482757,96.14237288135593,1.5585831088694548,2290.3508541392903,98.59843679998718,15.685580182529336,1.6679438557786446,8.515775749674056,2.1171824450863728,6.776084099868594,L
656271,SI,193,0.10398706896551724,93.49740932642489,1.1685298470532242,2138.1623036649216,160.77568500024117,11.248911917098445,1.8804729451415476,14.61575129533679,1.862963751076181,6.827748691099477,L
656271,SL,532,0.28663793103448276,87.1857142857143,1.6948639755492896,2238.4331450094164,88.1494269146049,4.7693233082706765,1.7777474460406102,0.7222556390977444,1.8483950860235312,6.658380414312618,L
656288,CH,573,0.2315151515151515,89.64101221640489,1.0724345000248292,1504.2338568935427,224.57261142613922,1.233717277486911,3.3088860500108206,-15.446910994764398,3.2212293597659363,5.78411867364747,R
656288,FC,128,0.05171717171717172,89.6375,1.1154604289278658,2457.578125,115.4866191502544,7.680937500000001,2.3364902130648932,0.31406249999999997,1.9254914241329275,5.90390625,R
656288,FF,763,0.30828282828282827,94.12083879423331,1.0627050755751277,2160.8322411533422,80.87627476606633,15.62374836173001,1.6972629192055195,-9.540707732634338,2.289531355794423,6.051507208387942,R
656288,KC,147,0.059393939393939395,81.30680272108843,1.0038050801309255,2511.7482993197277,115.78066436257205,-5.046530612244897,2.360501645390676,12.774693877551021,2.9452616475910043,5.759863945578231,R
656288,SI,113,0.04565656565656566,93.63716814159291,0.9046698973999815,2104.2566371681414,78.86751761669035,7.720353982300884,2.1034631008018403,-16.531327433628316,2.0090258408815855,5.908849557522124,R
656288,SL,696,0.2812121212121212,87.61350574712644,1.1663711454283268,2746.637931034483,104.76205830988972,-3.9224137931034484,2.5312501943732295,1.2667241379310346,2.8832780432815976,5.863793103448276,R
656288,ST,55,0.022222222222222223,86.26,0.7372622027172936,2846.5272727272727,99.60251643136975,-1.0603636363636364,3.116986890047386,10.165090909090909,1.8111760786513242,5.8,R
656302,CH,255,0.05112269446672013,82.57372549019608,3.76198031741258,1756.9254901960785,160.35565275759342,15.932235294117646,2.202641422419295,-8.743529411764705,1.9653242239472613,6.54156862745098,R
656302,FF,1986,0.39815557337610263,97.31404833836858,1.1652867564965526,2524.4634392334847,114.38562051807016,18.525800604229605,1.7110213157914875,-3.5926283987915406,2.0962316771317844,6.398741188318228,R
656302,KC,432,0.08660785886126704,82.39814814814815,1.7624061532458637,2725.7824074074074,114.678017384419,-14.843055555555557,2.518561427243674,2.8497222222222223,2.0745309853003846,6.377546296296296,R
656302,SI,302,0.06054530874097835,96.10794701986754,1.1362655612818724,2422.3953488372094,117.25274628608025,13.883841059602648,1.8084397419420475,-11.313774834437087,2.0030590365611562,6.425496688741722,R
656302,SL,1821,0.36507618283881316,89.14464579901154,1.253092941954436,2746.3919736118746,167.48398856664096,3.3329159802306423,1.7231007407336982,1.268006589785832,2.0218242855685538,6.3546952224052715,R
656302,ST,192,0.038492381716118684,84.25364583333334,1.3934353343364427,2878.5052083333335,101.42007388255938,-8.263125,2.7566134897618806,11.5175,2.493849607308818,6.345312500000001,R
656420,CH,38,0.3917525773195876,87.02631578947368,0.5930608694553109,1653.2631578947369,87.20887761979353,1.8473684210526315,2.194594937950628,-13.162105263157894,2.1964678745101955,6.026315789473684,R
656420,FF,39,0.4020618556701031,91.33846153846153,0.7303983716962391,2263.5128205128203,122.67862847269129,18.083076923076927,1.85436917043045,-2.070769230769231,1.4333313875014253,5.943589743589745,R
656420,SL,20,0.20618556701030927,83.33500000000001,0.9783310170629188,2633.5,66.16844533382009,-1.1760000000000002,2.5085756075803993,5.465999999999999,1.7881610665709062,5.975,R
656427,CH,142,0.029509559434746466,85.82112676056339,1.5833724214323524,1791.985294117647,138.2140039693742,7.272676056338028,2.3956112104473917,-13.930140845070422,2.2887176210306728,6.631690140845071,R
656427,FF,2266,0.470906068162926,92.90203000882613,1.3905532213298162,2260.2226720647773,91.99577529465566,15.939982347749337,1.4481072977597778,-5.848596646072373,1.957111235301702,6.5685070671378085,R
656427,KC,1101,0.22880299251870323,77.95685740236149,1.364424862720943,2393.3612662942273,93.6222796539522,-8.885340599455041,2.1442114459156403,11.806866485013623,2.1227209145925077,6.467302452316076,R
656427,SI,136,0.02826267664172901,90.96617647058824,1.5263231339949583,2061.6119402985073,101.74395923009857,8.959411764705882,2.0500521275055896,-14.126470588235296,2.1260889251503707,6.63014705882353,R
656427,SL,1167,0.24251870324189526,85.07240788346186,1.4578796175562634,2435.359825327511,86.75351785437476,3.0387660668380465,1.9959584858238628,6.224164524421594,1.8294661183596224,6.511006018916596,R
656457,FC,172,0.1829787234042553,87.67093023255815,1.633663860510824,2304.6279069767443,80.4805808565572,10.573953488372092,2.2969760334859424,0.4360465116279069,2.5521248017430436,6.0110465116279075,L
656457,FF,109,0.11595744680851064,90.60458715596332,1.2833972077250546,2251.4770642201834,90.37079956226799,10.874862385321098,2.5018280778036783,10.089908256880733,2.5028052762379507,6.122935779816514,L
656457,FS,68,0.07234042553191489,82.99264705882352,1.5284677896576926,1404.6323529411766,180.46812298928742,5.318823529411765,2.801960683144191,14.161764705882351,2.3337567825139285,6.1426470588235285,L
656457,SI,302,0.32127659574468087,89.88543046357617,1.326469465406923,2134.5066225165565,168.67529094859916,3.4009271523178803,2.4179317239984486,17.52158940397351,1.729447165606655,6.017549668874172,L
656457,ST,289,0.3074468085106383,80.93667820069204,1.604021866920106,2461.7266435986157,97.33585550464151,0.6817993079584774,2.4190360973202547,-9.181868512110727,3.773394890087677,5.770588235294118,L
656464,FF,549,0.4684300341296928,95.11402550091076,1.071905666778847,2411.8925318761385,79.40082023722631,15.641092896174861,1.719297590546268,-8.799344262295083,2.0486697499611517,6.804553734061931,R
656464,SI,63,0.0537542662116041,94.2190476190476,1.498478491009608,2247.936507936508,71.33878124967829,11.721904761904762,1.9913545860939992,-15.013333333333335,2.0115793826998787,6.938095238095238,R
656464,SL,555,0.4735494880546075,85.07333333333332,0.9637147342701254,2401.9315315315316,100.66754984807925,-2.6877837837837837,2.0387318092356503,4.23654054054054,1.5194810520626194,6.682522522522523,R
656492,CH,204,0.10483042137718397,82.37401960784315,0.9873393213957551,1877.4803921568628,78.552951033692,7.85705882352941,2.3724259946247055,14.591176470588234,1.6407209121486404,6.017156862745098,L
656492,CU,199,0.10226104830421377,77.84824120603015,1.2192001112298099,2351.035175879397,88.50785372242238,-13.85427135678392,1.9457234500759408,-8.570653266331657,1.9842386717432199,6.049246231155779,L
656492,FC,621,0.31911613566289826,88.21239935587762,1.1769661141282008,2262.367149758454,75.49698017732416,7.405410628019324,2.065004655266898,-4.859710144927536,2.0250376132811376,6.254032258064516,L
656492,FF,327,0.16803699897225077,91.5137614678899,1.0917820090099664,2098.455657492355,88.19399815134327,16.17284403669725,1.3715197506857413,4.52256880733945,2.000779788321374,6.420183486238531,L
656492,FS,119,0.06115107913669065,81.28655462184872,0.7522761359388146,1295.2605042016808,181.28965783251886,1.184873949579832,2.7662958974866045,0.36403361344537816,2.7067343258482106,6.192436974789918,L
656492,SI,193,0.09917780061664953,91.23989637305701,0.9385349785022367,2035.8704663212436,82.79995224617531,10.290155440414507,1.908128576174162,14.544870466321242,1.9496097656561862,6.382383419689119,L
656492,ST,283,0.14542651593011305,79.95689045936396,1.1107055830478294,2527.3992932862193,102.05227209931945,-1.1050176678445232,2.5985203611021843,-16.898798586572436,2.817052928854839,6.075265017667845,L
656529,CU,59,0.1638888888888889,79.95423728813559,1.288586773856552,2313.3898305084745,86.74695998830252,-11.330847457627119,2.242361200206537,-5.60542372881356,2.195348783878204,7.008474576271187,L
656529,FF,107,0.2972222222222222,93.88317757009345,1.2111499277202151,2184.8598130841124,143.1636119440635,14.710654205607476,2.1575428332738587,5.8014953271028045,1.9522830388181944,7.017757009345793,L
656529,SI,91,0.25277777777777777,93.31098901098902,1.303111707452635,2120.3076923076924,167.94415026084596,12.593406593406597,1.9901648283386084,11.756043956043959,3.5607392737778727,7.041758241758242,L
656529,SL,103,0.2861111111111111,87.47087378640778,1.4904027004149416,2198.893203883495,123.06884034215933,4.28621359223301,2.0594517243459434,-2.9510679611650485,2.172606148322368,7.0067961165048525,L
656546,FF,744,0.34995296331138287,96.36317204301075,1.005122086675615,2551.451612903226,82.60993538336514,17.02241935483871,1.6499623737140168,-12.648709677419355,1.9618359988181597,6.5841397849462355,R
656546,FS,496,0.2333019755409219,89.75181451612902,1.0755485956886588,1659.9375,151.5134361645324,3.4949999999999997,3.2511290346585753,-15.406209677419353,1.9196624672764206,6.675403225806452,R
656546,SI,147,0.06914393226716839,96.35034013605443,0.9469760198363983,2460.4557823129253,109.47047085999243,13.657142857142858,1.999830129772328,-15.648979591836731,1.8310610497943003,6.6421768707483,R
656546,SL,738,0.3471307619943556,86.9859078590786,1.183819819327612,2743.683853459973,122.0152973852059,-0.108780487804878,3.736235108348537,3.4887804878048785,3.036404514849854,6.454200542005421,R
656550,CH,109,0.0307475317348378,89.61834862385321,1.210001923599227,1551.366972477064,228.9056760517576,3.167339449541284,3.0658992524705853,-13.644770642201834,2.138554200219926,6.041284403669724,R
656550,CU,419,0.11819464033850494,83.31837708830548,1.1959746044935133,2872.2601431980906,109.97427542168623,-9.336801909307876,2.6621127499041224,3.8606205250596664,2.2283880922374273,5.967303102625299,R
656550,FC,432,0.12186177715091678,92.10416666666667,1.0702825049356035,2509.1064814814813,113.48417003637206,10.866944444444446,2.303280000904725,-0.44638888888888884,1.9124250992515985,5.942592592592592,R
656550,FF,1125,0.31734837799717913,94.34088888888888,0.9539294604839921,2320.392888888889,96.6755421376459,15.218559999999998,1.6836681662222452,-5.9696,2.060579056921152,6.005777777777777,R
656550,SI,178,0.05021156558533145,93.05393258426967,0.9130016528069987,2247.9606741573034,90.24288396188163,8.2038202247191,2.054430794259619,-13.839775280898877,2.4982506772522175,6.008426966292135,R
656550,SL,1282,0.3616361071932299,85.33720748829954,1.0803529661486242,2794.709828393136,97.00413270191522,-3.293260530421217,2.586558205359659,2.477223088923557,1.8272937451506799,6.00811232449298,R
656557,FF,44,0.05874499332443257,94.9590909090909,1.141259643086835,2315.6136363636365,96.7555577176838,9.695454545454545,1.8663276396042983,-11.661818181818182,2.579856921151873,6.136363636363637,R
656557,FS,142,0.18958611481975968,89.42676056338027,1.0372437216046146,1869.4859154929577,113.1551834645705,-3.104788732394366,1.8089626031873343,-13.331830985915492,2.1387278712828004,6.075352112676057,R
656557,SI,298,0.3978638184245661,94.45637583892618,1.3039087648388992,2229.7550335570468,88.01620445864084,0.5178523489932886,2.1016397522314443,-16.966308724832217,1.8529533615988076,6.143288590604026,R
656557,ST,265,0.3538050734312417,83.51018867924529,1.149608778260315,2625.4377358490565,101.03279588004605,-2.191698113207547,1.9665037193496795,14.19803773584906,3.0366971314682636,5.943396226415095,R
656577,FA,28,0.717948717948718,57.046428571428564,7.1383929171175104,1415.857142857143,156.925723001943,15.85714285714286,4.3585580839801334,-4.8342857142857145,7.432961340254252,3.3892857142857147,R
656605,CH,357,0.07616812459995732,89.01344537815127,1.108845262029852,1808.2380952380952,280.50623759765693,2.3263865546218487,2.992593027782273,-13.08873949579832,2.5729438899048347,6.57563025210084,R
656605,CU,377,0.08043524642628547,77.63872679045093,1.2710928754541757,2625.819628647215,104.49007046823863,-13.6889124668435,1.8149793783713668,12.595543766578245,2.1971754798308254,6.5320954907161815,R
656605,FC,127,0.0270962235971837,89.84173228346457,1.1582993105576793,2488.7952755905512,98.00877338301143,9.227716535433071,2.5187223357735187,2.3707086614173227,1.7055014535610893,6.626771653543306,R
656605,FF,1575,0.3360358438233412,93.8512380952381,1.1608871114196058,2386.27873015873,106.72619505046255,15.241447619047618,1.6251007396060762,-8.497371428571428,1.9767618069058308,6.613968253968254,R
656605,SI,853,0.18199274589289524,92.66893317702228,1.0367805946283877,2416.520515826495,164.3609080286323,8.655474794841735,2.722152673755615,-13.915638921453693,2.500656387255522,6.660140679953107,R
656605,SL,546,0.11649242585875827,87.08095238095238,1.40799936454968,2529.467032967033,86.23830761425799,-0.022857142857142892,2.477871661031946,4.565054945054946,1.677907198203417,6.590293040293041,R
656605,ST,852,0.18177938980157884,82.27147887323942,1.2616539871680028,2702.0481220657275,144.32015358127987,0.2664788732394366,2.680614359625242,17.418028169014086,2.815141510516825,6.573356807511737,R
656629,FC,38,0.1645021645021645,91.13157894736844,1.8161594856682168,2589.3030303030305,67.21025072881594,5.393684210526317,3.107870063244959,4.888421052631579,1.387049223226384,6.76578947368421,R
656629,FF,191,0.8268398268398268,97.45026178010471,1.3635431533730422,2624.4590163934427,73.43111605866146,17.93780104712042,1.7265363508295273,-8.02931937172775,2.0991334195935094,6.799476439790578,R
656638,CH,173,0.21097560975609755,90.6878612716763,0.9077973235489072,1753.121387283237,126.76201036778669,1.1320231213872833,2.697696467733246,-16.298497109826588,1.6686354424550556,6.314450867052024,R
656638,FC,84,0.1024390243902439,91.93690476190477,1.2163326037184963,2318.964285714286,149.12640764167207,5.762857142857142,1.652824214174155,-0.4085714285714286,1.5420602263933925,6.354761904761904,R
656638,FF,99,0.12073170731707317,95.82525252525254,0.8098051459183265,2288.212121212121,110.45770016185554,13.57939393939394,1.769513837408236,-10.037575757575759,1.8680455195416887,6.345454545454544,R
656638,SI,193,0.23536585365853657,95.64715025906736,0.9122457769225095,2143.678756476684,113.1515871818815,6.848082901554404,2.0186776182503414,-16.275233160621763,1.8422365462198333,6.365284974093265,R
656638,SL,270,0.32926829268292684,87.87925925925927,1.0789707539711635,2281.0666666666666,80.66578901076109,-1.7884444444444443,2.5592534537236697,-1.5413333333333334,1.6943960992825557,6.368888888888889,R
656641,CH,464,0.21421975992613113,84.94331896551724,1.3671550514694093,1993.4383259911895,123.40800591136428,10.295431034482759,2.8396282092421474,14.66146551724138,1.8327827061745297,6.513146551724137,L
656641,CU,157,0.07248384118190213,79.11974522292994,1.765605855573845,2692.4871794871797,112.07885974757224,-12.215541401273887,2.567168048324661,-5.8937579617834395,2.3627481321363404,6.4834394904458605,L
656641,FF,1100,0.5078485687903971,94.35636363636364,1.348886729510506,2286.9925925925927,117.01622528252427,18.75970909090909,1.5885916949190209,8.743963636363636,1.8165728610628322,6.622545454545454,L
656641,SL,445,0.20544783010156972,84.72943820224721,1.4634929520190294,2520.1395881006865,113.60736833584748,1.6236404494382022,2.761532127325708,-5.473887640449437,1.9090676078890034,6.583595505617977,L
656686,CH,22,0.044,90.11363636363636,1.2139253348598995,2223.909090909091,122.6884979632057,5.47090909090909,2.436482454943346,-12.272727272727273,3.19625105071876,6.236363636363635,R
656686,CU,100,0.2,86.42299999999997,1.0871940530976558,2588.5,64.49093585986179,-7.2756,2.859403879387196,-0.8051999999999999,1.942017320398372,6.311999999999999,R
656686,FF,235,0.47,95.49659574468086,0.9659530447165634,2477.659574468085,80.35638476479465,15.535148936170213,1.930394395054613,-2.28868085106383,2.0015958281449167,6.459148936170213,R
656686,SL,111,0.222,91.74414414414413,1.2136859474483421,2453.9189189189187,65.87538306048849,7.0886486486486495,2.1100101190995986,4.364324324324325,1.567778753884049,6.37027027027027,R
656686,ST,24,0.048,87.03750000000001,1.049974119763869,2494.4583333333335,73.2108207532351,2.0500000000000003,2.6788251805271073,6.755,2.7003719550558536,6.3625,R
656730,FF,896,0.6170798898071626,98.53470982142856,1.2824341923084224,2432.825698324022,99.90803830213527,19.063660714285714,1.4144515066430705,-4.042232142857143,2.0742504160557815,6.625,R
656730,KC,556,0.38292011019283745,87.63489208633094,1.1602291584188742,2782.2176258992804,106.51876007223547,-4.580071942446044,2.955459384764937,2.4688489208633095,2.6606171685671933,6.526978417266187,R
656731,CH,94,0.07110438729198185,88.19893617021276,1.4665074215248024,1496.7553191489362,116.16614780620732,2.4153191489361703,3.573633945225516,-16.67489361702128,2.0137525793717956,7.058510638297872,R
656731,CU,93,0.07034795763993948,80.50322580645161,1.1488606466468179,2506.6989247311826,75.09034919554902,-15.219354838709679,1.535590671265432,10.870967741935484,2.145183717943691,6.8892473118279565,R
656731,FF,555,0.4198184568835098,95.46036036036035,1.0045096222024668,2294.592792792793,82.63180010380759,16.952,1.9231283178914016,-6.579675675675676,2.234701516836892,7.134239130434782,R
656731,SI,255,0.1928895612708018,94.23647058823529,1.0864426229444606,2197.5254901960784,64.614349114352,7.774588235294117,1.9513469321131356,-15.597647058823528,2.2635657434548047,7.1517647058823535,R
656731,SL,312,0.23600605143721634,84.03365384615384,1.3065954810785436,2545.198717948718,94.10208043268447,-6.033461538461538,3.468643674961955,5.037692307692308,2.707074415704025,7.035897435897435,R
656756,SI,18,0.45,90.25,1.208912977941463,2068.8333333333335,233.88691334765636,9.339999999999998,1.8012936527755303,14.46,2.459698690299042,6.849999999999999,L
656786,CU,19,0.24358974358974358,81.43684210526317,1.337580953444517,2741.3684210526317,89.57195154133898,-12.303157894736842,3.355322558813714,-9.783157894736842,2.770810255806812,6.273684210526316,L
656786,FC,29,0.3717948717948718,88.1862068965517,2.250035577168096,2490.344827586207,489.310029959247,8.151724137931035,2.79608663896719,-5.875862068965517,2.8455949883000615,6.33448275862069,L
656786,FF,17,0.21794871794871795,91.3,2.5636887486588544,2288.235294117647,203.93795913578862,10.694117647058823,2.7602877087894515,7.9694117647058835,6.026500301365042,6.3,L
656794,CH,140,0.05579912315663611,85.54142857142858,1.0843547771052784,1538.5071428571428,79.6071737149732,3.637714285714285,4.0877899154188695,12.594857142857144,2.655255000209144,5.707142857142857,L
656794,CU,112,0.04463929852530889,79.31160714285716,1.2911860275678164,2913.0803571428573,278.46367898090955,-14.523214285714285,1.5139104036978908,-12.752142857142859,1.9798759759916482,5.478571428571428,L
656794,FC,247,0.09844559585492228,89.37894736842105,1.3696336913343543,2515.566801619433,76.39618195279493,9.762267206477732,2.506565306475682,-0.19336032388663957,2.3116505127756994,5.657085020242914,L
656794,FF,783,0.31207652451175766,93.82758620689656,1.3160839269306148,2304.1882202304737,89.1884157392919,15.33977011494253,1.6651466908571426,10.38896551724138,1.9771794805474565,5.6667943805874845,L
656794,SI,572,0.22797927461139897,92.71783216783217,1.2857416320795336,2302.0701754385964,94.53840492224087,4.907202797202797,2.4465219332778676,17.04020979020979,1.9090735389913644,5.651398601398602,L
656794,SV,655,0.2610601833399761,82.22961832061068,1.2161536377497106,2834.9373088685015,96.956854281346,-5.2807328244274805,2.2124616647776096,-17.29685496183206,3.1130305993630882,5.49648854961832,L
656848,CH,93,0.08716026241799438,88.84301075268817,1.7703105751510997,1158.279569892473,155.3138033558398,7.658064516129032,4.235253767373721,-10.116129032258067,3.8893212306704132,6.365591397849464,R
656848,FF,631,0.5913776944704779,97.6351822503962,1.010499604581345,2343.4532488114105,88.46518794149317,19.16082408874802,1.6567282595975026,-7.742947702060223,1.7505549765237345,6.214580031695722,R
656848,SL,335,0.3139643861293346,87.69820895522389,2.1313169057214782,2349.2119402985077,98.34169856862192,0.12644776119402973,3.886298545626158,1.9110447761194032,1.977882747449847,6.38089552238806,R
656849,CH,598,0.1417733522996681,84.86638795986622,1.480648143419601,1568.3628762541805,144.53432562140935,4.242341137123746,2.948558152710057,14.24066889632107,2.5158077557826366,7.13003355704698,L
656849,CU,547,0.1296823138928402,79.31499085923218,1.8453967454907743,2377.581352833638,92.91686711125642,-7.838829981718464,2.349848117291317,-6.51071297989031,2.4549004672115453,6.953382084095064,L
656849,FF,947,0.2245139876718824,92.20791974656811,1.1553490827738258,2138.9809926082366,85.77042750582311,13.131953537486801,2.064552505136342,3.8834635691657864,2.5027703549829194,7.183210137275607,L
656849,SI,1249,0.29611190137505927,91.49215372297839,1.3736949244941836,2120.6116893514813,87.01860557268013,7.875996797437949,2.2241594465279415,14.033370696557245,3.0445825559833835,7.1820656525220175,L
656849,SL,877,0.20791844476055002,85.23067274800455,1.453583551262456,2297.0399087799315,98.30323974459797,1.0275940706955529,2.263973005825457,-2.4901710376282784,1.4074974043725532,7.133904109589041,L
656876,CH,218,0.0552878518894243,89.9862385321101,0.8565247422488572,1173.6880733944954,173.62654967230614,3.0715596330275226,4.325959614766811,-12.004403669724772,3.502947128182727,6.516203703703703,R
656876,CU,174,0.044128835911742326,80.41436781609195,1.4590243007476194,2699.810344827586,121.46206480693321,-11.915172413793103,3.3836744613326895,4.910344827586206,2.6950571104122254,6.422485207100589,R
656876,FC,1238,0.3139741313720517,90.20056542810984,1.3402751935111719,2681.313408723748,117.54920673648834,3.9251050080775443,2.95869704880986,4.534119547657512,1.8644450996891835,6.539868744872847,R
656876,FF,1258,0.3190464113619072,95.84531001589825,0.9460706028599047,2492.906200317965,78.30836243592759,17.315198728139904,1.7050191711998668,-4.149252782193959,2.1906941932232726,6.582423756019261,R
656876,SI,891,0.22597007354805984,95.40920314253648,0.8724784110726556,2423.4242424242425,71.0463817197242,12.926599326599327,1.7974767570373291,-15.040808080808082,1.9791968119489807,6.606349206349207,R
656876,ST,159,0.04032462591935075,84.5867924528302,0.9179719810088779,2648.8993710691825,145.48666453171563,-1.499622641509434,2.8025300248603244,12.180377358490565,2.5022111454057945,6.536774193548389,R
656896,EP,37,0.8222222222222222,52.851351351351354,4.7876357898712865,1443.2162162162163,137.32142649337055,17.004324324324323,1.4304865926991037,-8.69837837837838,2.2977591904499692,4.402702702702703,R
656924,SL,25,0.4716981132075472,82.608,0.8901872462203289,2622.32,60.37019131988899,3.6576,2.4634414951445467,10.358400000000001,2.836699490605235,6.284000000000001,R
656945,FF,784,0.5064599483204134,96.58329081632651,1.0008368846102085,2544.4936224489797,80.80003831505425,16.56872448979592,1.4455248793676116,6.328469387755103,1.7341777206727647,6.205357142857143,L
656945,SL,757,0.48901808785529716,89.27357992073976,1.4962614780183245,2641.6169088507268,81.70430703326878,1.5511228533685602,2.4498935150098022,-5.802959048877147,1.5534170270603445,6.202774108322325,L
656986,FF,308,0.38451935081148564,95.00974025974025,0.9335072377513387,2230.5422077922076,95.36711940450799,17.017012987012986,1.6151421634951653,3.547402597402597,1.89778468664551,6.438636363636363,L
656986,SL,471,0.5880149812734082,85.55732484076434,1.1887703545917063,2342.5647558386413,82.90876522389473,-0.32203821656050957,1.8038245676552953,-3.723566878980892,1.6930579206410348,6.4912951167728234,L
657006,FF,177,0.5654952076677316,90.82881355932204,1.1933124515766298,2356.1581920903955,94.3912785666142,14.856949152542372,2.3306012106496605,0.8352542372881357,2.5017966425507026,6.319774011299435,L
657006,SI,19,0.06070287539936102,90.36842105263158,1.470091694637882,2343.7894736842104,63.798797400167366,8.892631578947368,1.662236920221473,12.92842105263158,2.110106008811181,6.247368421052632,L
657006,SL,97,0.30990415335463256,81.4639175257732,1.7297751279074247,2679.8041237113403,137.62574849745428,-0.5505154639175257,2.737667944290519,-13.7059793814433,2.368431557220329,6.169072164948455,L
657024,FF,59,0.4609375,92.94406779661018,0.9379491910437073,2295.169491525424,63.61282470523043,18.097627118644066,1.6445231349302645,-7.722711864406779,1.912194830742641,6.7983050847457624,R
657024,FS,56,0.4375,83.32857142857144,0.850607117024345,1214.8214285714287,91.84811714660582,2.7385714285714284,2.7519827090969944,-10.065,2.271090246795778,6.832142857142857,R
657044,FF,77,0.060487038491751764,91.0935064935065,1.0814631490348792,2184.051948051948,79.54837920607217,6.4067532467532455,2.102133278336708,-9.947532467532469,2.978231617589696,6.763636363636363,R
657044,SI,730,0.5734485467399842,89.42219178082192,1.046530942650107,1994.1438356164383,84.45555399029914,-7.620657534246575,2.765317754455177,-12.40454794520548,2.3635771002754256,6.733561643835617,R
657044,SL,464,0.3644933228593873,77.85474137931034,1.065327872106757,2271.6637931034484,110.05851135487163,8.519224137931035,2.362100193324532,14.360172413793103,2.205319303762694,6.7043103448275865,R
657053,SI,21,0.5675675675675675,91.83809523809524,0.643798252930365,2178.095238095238,61.1832532331395,7.240000000000001,2.4829659683531706,-14.33714285714286,2.333566246878675,7.176190476190476,R
657097,CH,636,0.35412026726057905,85.17405660377358,0.9374970311447074,2260.6121794871797,102.66150137350942,10.00867924528302,2.312394842236768,-17.76735849056604,1.6960177360646636,6.367610062893082,R
657097,CU,48,0.026726057906458798,81.75208333333333,0.8920427390136374,2579.6875,83.54745275412128,-11.685000000000002,1.9754687028005986,7.260000000000001,1.7389652095427326,6.035416666666667,R
657097,FF,811,0.4515590200445434,93.70850801479655,0.897053678492083,2460.6875784190715,78.50779501536013,16.77410604192355,1.4922450676171282,-9.050900123304562,1.9677853826661467,6.379778051787916,R
657097,SL,54,0.030066815144766147,86.05185185185185,0.8451282677551205,2583.5925925925926,63.86144155654446,-1.6111111111111112,1.8879785202914152,1.1400000000000001,1.5539359642958508,6.237037037037037,R
657097,ST,247,0.13752783964365256,82.06194331983805,1.1219942089442267,2602.7375,146.23879226089323,-4.651336032388665,4.368152415476662,13.342348178137653,3.711867059213066,6.2161943319838056,R
657240,FF,169,0.47875354107648727,96.00710059171597,1.0959109042523354,2209.2958579881656,88.43255457653642,16.846153846153847,1.193913133954297,-4.667218934911243,2.1877205914618076,6.523668639053255,R
657240,SL,175,0.49575070821529743,84.65942857142858,1.019527563728402,2123.5085714285715,106.8908492890788,-2.5549714285714287,1.893308809018069,0.04251428571428573,1.2378190259026962,6.402285714285712,R
657265,FF,21,0.24705882352941178,93.87619047619049,0.9954419932395647,2435.714285714286,74.53666403666242,14.217142857142857,2.4687995926302784,-7.085714285714286,2.7262658920739398,6.6,R
657265,SI,29,0.3411764705882353,92.72068965517242,1.0735053763737978,2258.5862068965516,68.06431687402066,1.5558620689655174,3.6573268118759903,-15.235862068965519,1.9983520304086624,6.565517241379309,R
657265,ST,24,0.2823529411764706,80.72500000000001,1.8108969672753223,3021.4583333333335,81.99468655460795,-0.48000000000000004,2.6000936437985724,17.75,2.569797826593605,6.641666666666666,R
657277,CH,1212,0.24425634824667472,86.31518151815182,1.004334396785493,1494.2309602649007,81.9822892046581,-5.493960396039604,1.994090482882249,-8.996633663366339,2.8149149568253367,6.827009113504557,R
657277,FC,468,0.094316807738815,90.52115384615385,1.1103567119050264,2264.7634408602153,108.5115397734132,7.362307692307692,1.5442242376446298,-1.4469230769230772,1.9798652265417749,6.7972043010752685,R
657277,FF,465,0.09371221281741234,92.58666666666667,0.9239828206593254,2102.9763440860215,78.55229341821064,10.336,1.9675922622191897,-8.363612903225807,2.362282798956751,6.838064516129032,R
657277,SI,1613,0.32507053607416364,92.40712957222567,0.9674760626040262,1954.406230529595,137.38960006327017,0.48424054556726603,2.477884487855325,-15.68101673899566,2.0962038139504413,6.8397882938978825,R
657277,ST,1204,0.2426440951229343,84.50382059800666,1.0527494088084817,2557.346666666667,95.28840287249308,-0.13774086378737546,2.478293237129453,14.498970099667773,3.3137212312003133,6.701333333333333,R
657376,FC,501,0.4086460032626427,92.18343313373252,1.268331577317209,2744.5888223552893,85.51710118339126,9.501077844311377,2.6893954034184233,1.101317365269461,2.054399927248306,6.13253493013972,R
657376,FF,93,0.07585644371941272,94.26236559139787,1.0055188989742967,2606.935483870968,89.19504841633074,15.758709677419358,1.4934809250513663,-5.203870967741936,2.2830038527924907,6.105376344086021,R
657376,KC,223,0.18189233278955955,85.01748878923767,1.550852415597256,3112.183856502242,118.14461785965767,-13.753183856502245,1.748099662493098,9.32986547085202,2.5005677697294217,5.918834080717488,R
657376,SI,102,0.08319738988580751,92.6343137254902,1.241086644444161,2604.3137254901962,95.08474390046474,4.155294117647059,3.370418990283562,-12.119999999999997,2.776917587385105,6.248039215686274,R
657376,SL,158,0.12887438825448613,85.27594936708861,1.259533346996835,3036.8164556962024,82.46881970963675,4.557721518987341,1.83936429711348,8.843544303797467,2.7182173991855145,6.184810126582279,R
657376,ST,149,0.12153344208809136,83.10536912751677,1.1314177446125873,3144.3020134228186,87.8014271183951,-1.32,2.4982848170348846,16.78147651006711,2.8775910476682007,6.131543624161073,R
657424,CH,128,0.11764705882352941,85.31640625,1.1577725929423721,1158.9453125,142.35894018947343,4.8365625,2.974647848541848,9.2915625,3.10654945363405,6.4437500000000005,L
657424,FF,331,0.30422794117647056,92.32960725075529,0.86211482210476,2126.359516616314,83.38505457110548,15.356374622356498,1.991571672297906,1.1800604229607252,2.1382935697133347,6.244108761329306,L
657424,SI,92,0.08455882352941177,92.96521739130436,0.8388158559146218,2169.771739130435,91.67526339106591,13.616086956521743,1.8471153372971996,12.400434782608697,2.190284197046543,6.293478260869565,L
657424,SL,516,0.4742647058823529,84.8782945736434,1.2497121215881213,2288.3798449612405,122.91564358390603,0.859767441860465,2.137481310696935,-4.609302325581395,1.480771347693465,6.330038759689923,L
657424,ST,20,0.01838235294117647,80.885,1.0147724660704671,2365.9,106.09077543113231,-2.178,2.026497107403756,-12.888,2.6864995812394983,6.3549999999999995,L
657514,CH,169,0.10628930817610063,79.9869822485207,1.8218765851038528,1546.189349112426,210.32123872141852,0.6745562130177515,1.8456070618852791,14.252307692307694,2.6716928822645123,5.644970414201183,L
657514,CU,436,0.2742138364779874,78.51628440366974,1.5812219781599188,2674.4174311926604,109.17100397655108,0.6344036697247707,2.8002354354852774,-14.174036697247706,3.8338616213921375,5.376834862385322,L
657514,FC,210,0.1320754716981132,86.39190476190477,1.2453477792828698,2315.709523809524,100.50340471160085,5.7782857142857145,2.544462589650292,-0.8908571428571428,2.689120421212347,5.5757142857142865,L
657514,FF,52,0.03270440251572327,90.59615384615384,1.0386570398622958,2166.269230769231,173.19558426022246,9.72,3.0881633605067704,9.544615384615385,3.1696022274952713,5.6596153846153845,L
657514,SI,680,0.4276729559748428,90.50911764705882,1.1080662018978245,2181.9308823529414,76.50150163099823,4.5206470588235295,2.490442560316502,14.966823529411762,2.9269082087553455,5.749117647058823,L
657514,SL,34,0.021383647798742137,83.93823529411763,0.647613196321624,2370.3823529411766,93.9787257376136,1.9694117647058822,2.291572096574051,-2.823529411764706,1.9084276922861112,5.5323529411764705,L
657571,FC,355,0.24315068493150685,88.39549295774647,1.2460477504570975,2622.3380281690143,105.75039149424292,4.653971830985915,2.687313309620414,-2.747830985915493,1.6995993461563934,6.361408450704226,L
657571,FF,437,0.2993150684931507,93.6512585812357,0.9105293950843436,2320.233409610984,97.49984935556087,15.559084668192218,1.6575584688562999,4.9963386727688786,2.320583870433599,6.37116704805492,L
657571,SI,367,0.2513698630136986,93.4651226158038,0.9821543865516492,2275.975476839237,92.6065001921883,10.669536784741146,2.149164166704457,14.59814713896458,2.0304439338368607,6.373569482288828,L
657571,SV,301,0.20616438356164385,80.3451827242525,1.139598635412436,3012.43853820598,80.67734322507178,-11.820199335548173,2.6168736996906996,-8.894750830564785,2.674111008860261,6.273754152823921,L
657585,FC,276,0.2819203268641471,92.4945652173913,1.0368866823789678,2501.286231884058,76.19812423558993,7.331739130434783,2.265754833256872,2.9721739130434783,2.233127684866451,6.110869565217391,R
657585,FF,39,0.03983656792645557,97.88717948717947,0.746281831615731,2381.051282051282,62.06276480007058,15.21230769230769,2.3063510272134953,-9.455384615384617,2.302687041552984,6.084615384615385,R
657585,FS,219,0.2236976506639428,89.08036529680365,0.795300332100839,1531.324200913242,100.56888601176568,0.6947945205479453,1.8648207058384907,-12.30027397260274,2.6601244914318953,6.25890410958904,R
657585,SI,238,0.24310520939734423,96.95084033613445,0.9026328856731405,2285.1344537815125,75.77191227483159,7.268067226890756,2.158176788475355,-16.83327731092437,1.9396102567502131,6.155042016806723,R
657585,ST,207,0.21144024514811033,86.35314009661836,1.2252114121854663,2814.647342995169,92.04049488793906,2.1733333333333333,3.2322068567850892,12.83536231884058,3.1690140788840733,6.082125603864735,R
657612,FC,46,0.030605455755156354,84.57826086956521,1.0699767481332911,2039.0217391304348,189.78156907706466,2.9817391304347827,2.218318987529698,4.267826086956522,2.3563568047526986,6.676086956521741,L
657612,FF,171,0.11377245508982035,89.72865497076023,0.9002273916767617,2113.3625730994154,120.00846834011429,2.567719298245614,2.0047112312607607,17.645614035087718,1.8424092451530378,6.555555555555555,L
657612,SI,1208,0.803725881570193,88.3283940397351,1.0297062766166059,2064.4221854304637,128.3289731122392,-6.303774834437086,1.883390002417301,15.849337748344372,2.149304326709958,6.575082781456954,L
657612,SL,78,0.05189620758483034,76.1051282051282,1.4520829137982405,2263.576923076923,101.11617585223948,8.936923076923078,2.6359395711164213,-5.623076923076923,5.244201821750641,6.514285714285714,L
657649,CH,136,0.09963369963369964,85.8125,2.1874537032137855,1727.3235294117646,117.25274267362796,5.176764705882353,2.095540549853052,15.094411764705884,1.864898672535194,6.221323529411765,L
657649,CU,200,0.14652014652014653,81.53550000000001,1.2395856618504935,2543.48,92.83702475752412,-8.250599999999999,2.241688084309832,-12.588600000000001,1.9856829363264645,6.0425,L
657649,FC,268,0.19633699633699633,90.70335820895522,1.379555073490647,2420.0149253731342,104.8671344190725,9.856119402985074,2.3382755291259,0.1132835820895522,2.0863105711829717,6.15223880597015,L
657649,FF,25,0.018315018315018316,96.572,0.9778888825764726,2433.44,86.52411995122131,15.696,1.548805991723947,4.430400000000001,1.764285691150954,6.216,L
657649,SI,736,0.5391941391941392,95.60230978260869,1.6009546783514714,2351.985054347826,116.65246270540172,11.327119565217389,2.177658073482712,14.55570652173913,1.9926944233308166,6.26304347826087,L
657746,FF,2277,0.4802784222737819,93.58260869565217,1.3412790803297903,2292.037868780273,88.99334911367882,13.646587615283266,1.712346408358757,-12.791146245059288,2.1791529356215324,6.853910369068541,R
657746,FS,531,0.11200168740771989,87.68549905838042,1.602720766148737,2053.5056603773587,157.07664007219014,1.7471186440677966,2.697948309058173,-15.917966101694914,2.443745734306881,6.713935969868173,R
657746,KC,327,0.06897279055051676,78.9223241590214,1.5632346455907653,2783.687116564417,92.9436237046551,-9.562935779816513,1.9285370513526061,13.380183486238531,2.9123925973460634,6.602446483180428,R
657746,SI,561,0.11832946635730858,93.13119429590017,1.4006784706895155,2149.4468468468467,125.94551556790034,8.571550802139038,1.874511150941445,-16.748449197860964,1.9015461522901658,6.795543672014261,R
657746,SL,389,0.08205020037966673,87.21773778920307,1.8116942640318832,2329.737113402062,92.20944569213155,5.823239074550129,2.721522238709218,0.545706940874036,2.373443565200986,6.664781491002571,R
657746,ST,655,0.13815650706601984,80.52824427480915,1.5838092706137326,2776.512232415902,108.33216602761067,0.5457709923664122,2.6619778882910623,15.268396946564884,3.502610257929207,6.6694656488549615,R
657756,CH,166,0.226775956284153,82.41144578313252,1.5920412911731565,2266.975903614458,116.51120127226311,-0.17132530120481934,3.0196539119712447,-16.91855421686747,1.8336009496336059,6.340963855421686,R
657756,FC,96,0.13114754098360656,86.67812500000001,1.1780629171831631,2416.3958333333335,75.53242303689564,7.1275,2.506186450828387,1.7462499999999999,2.338379668420894,5.95625,R
657756,FF,378,0.5163934426229508,93.1537037037037,1.3002752359265963,2157.1164021164022,81.42710655863692,15.553650793650796,2.179922346647504,-10.971746031746031,2.5203009417896514,6.16957671957672,R
657756,SL,86,0.11748633879781421,82.95581395348839,1.1755954337283765,2643.0232558139537,73.95642226325478,-1.4330232558139535,2.110038232030234,5.673488372093024,1.7633109014457207,5.979069767441861,R
660261,FF,26,0.52,98.01538461538462,1.155402027933934,2041.8846153846155,82.64736023519538,10.850769230769231,1.8788100980714857,-13.310769230769232,2.8546732535643,6.699999999999999,R
660271,CU,271,0.10552959501557632,76.6339483394834,3.2535608272446,2658.4723247232473,115.82134298350012,-14.3729889298893,1.5985871991262575,12.33608856088561,2.183956530121709,6.49409594095941,R
660271,FC,78,0.030373831775700934,93.59871794871795,1.5748422794452164,2528.0641025641025,113.78224129844882,8.021538461538464,2.748224020114675,1.8723076923076922,2.109304632803435,6.5820512820512835,R
660271,FF,1086,0.42289719626168226,98.13480662983424,1.4600184044646012,2485.7532228360956,109.54008530735643,14.29900552486188,1.8824041216988456,-5.142872928176796,2.6267826927086007,6.673848987108656,R
660271,FS,198,0.07710280373831775,88.8858585858586,1.9363742402166577,1507.0050505050506,173.39493073564685,2.318787878787879,3.0529936287041557,-12.530303030303031,3.50652457976822,6.69949494949495,R
660271,SI,151,0.0588006230529595,96.21655629139073,1.540538021323553,2182.092715231788,106.5109290788745,6.4076821192052975,2.215859033936533,-14.261721854304636,2.519838026961099,6.702649006622516,R
660271,SL,135,0.052570093457943924,88.27111111111111,1.7624976623956836,2569.037037037037,87.86526383144968,-0.4373333333333334,2.4820800136236243,3.3937777777777773,1.602988750841185,6.591111111111112,R
660271,ST,649,0.25272585669781933,84.98412942989214,2.1558299271000196,2681.1078582434516,124.33436630691789,3.493312788906009,2.678963366373296,14.278705701078584,3.0535768625561786,6.55839753466872,R
660604,CH,206,0.3377049180327869,81.07135922330097,1.4343538009942707,2041.1359223300972,147.30224766345603,12.717669902912622,2.182869538523019,-10.396893203883494,1.956699575193735,6.643203883495145,R
660604,CU,64,0.10491803278688525,73.246875,1.01402369184307,2029.5,131.1889464952733,-17.302500000000002,2.0183019737251553,-2.0793749999999998,2.660874587692658,6.4859374999999995,R
660604,FF,233,0.3819672131147541,92.86394849785407,0.8764081461941153,2274.223175965665,103.11887170609816,19.56927038626609,1.4445748329968466,-3.8575107296137343,1.7225229043859993,6.484978540772532,R
660604,SL,107,0.17540983606557378,84.57383177570095,1.1534473717331617,2269.177570093458,91.65972892850709,5.682616822429906,2.126357651295701,5.164485981308411,1.4786258495993871,6.37196261682243,R
660644,EP,21,0.9130434782608695,53.65714285714286,6.955470611581321,1266.2380952380952,147.65260064147355,16.02285714285714,1.9514741680512777,-0.3771428571428572,4.7563443345253535,4.061904761904762,R
660710,FA,35,0.7777777777777778,74.06857142857145,4.777014292025771,1811.4285714285713,96.69518076508922,13.426285714285711,2.4398638893018862,-12.373714285714284,2.438474795385651,4.6171428571428565,R
660730,CH,20,0.05037783375314862,86.77000000000001,1.0853570840972113,2008.05,462.02340735872724,12.702,2.456269314909996,-15.491999999999999,1.6544981748331773,6.726315789473685,R
660730,CU,77,0.19395465994962216,78.56623376623376,1.188609358785387,2738.3246753246754,317.59157160856944,-14.52155844155844,1.9728092879625294,8.31896103896104,2.247730776405152,6.5513157894736835,R
660730,FC,75,0.1889168765743073,87.82266666666668,1.536719332313584,2368.5866666666666,94.44762503035146,8.067200000000001,3.6202980913552225,0.7727999999999999,4.5763677795883115,6.589333333333334,R
660730,FF,182,0.45843828715365237,94.20714285714284,1.093478190941511,2453.6098901098903,131.34496148375916,19.383296703296704,1.589463271545235,-6.288791208791208,2.0113472767693774,6.572222222222222,R
660730,ST,43,0.10831234256926953,82.04651162790698,1.1387856600886213,2437.6976744186045,90.27221659902341,2.0930232558139537,3.150869520869045,11.662325581395349,3.3846297097947433,6.579069767441862,R
660761,CH,360,0.2635431918008785,83.09583333333333,1.083972563354742,1599.4888888888888,70.04968303618165,3.1440000000000006,2.4122328910972435,13.790333333333335,2.707380174536031,6.045,L
660761,FF,520,0.3806734992679356,92.91730769230769,1.0604505447859702,2383.0923076923077,86.86704532252186,17.00492307692308,1.6119975263318351,8.04323076923077,2.1715658434730702,5.952307692307692,L
660761,SI,120,0.08784773060029283,91.95166666666667,1.1579453937962723,2226.1583333333333,99.43876083732513,11.698,2.3685834507201156,14.815000000000001,2.9773421682021404,5.970000000000001,L
660761,SL,331,0.24231332357247437,81.8154078549849,1.9548784507975574,2842.0634441087614,94.58848138717775,-1.3508157099697886,3.2093171556155378,-6.1131117824773415,1.812344450891975,5.931722054380664,L
660761,ST,27,0.019765739385065886,77.5,1.1094003924504572,2820.962962962963,81.92467529171185,-0.2133333333333334,3.989447619369417,-12.391111111111112,3.5070449245146698,5.903703703703704,L
660787,CH,222,0.2747524752475248,88.05135135135136,0.9154149829043473,1526.7972972972973,165.9940286553207,0.2572972972972974,2.526692952800205,-13.52054054054054,2.5868067065907834,6.527927927927927,R
660787,FF,87,0.10767326732673267,95.083908045977,0.9402960398772975,2118.2413793103447,101.32493959594494,12.315862068965517,1.9555244058011756,-14.131034482758619,2.2613409452999647,6.521839080459771,R
660787,SI,431,0.5334158415841584,95.48120649651972,0.9026031766337436,2136.584686774942,87.69082393368821,7.7340139211136885,2.0286635283934245,-17.3445939675174,1.5628216163470685,6.5067285382830615,R
660787,SL,68,0.08415841584158416,85.0735294117647,1.1544356567991139,2066.955882352941,74.34759706111605,1.438235294117647,2.5837557652104275,4.0588235294117645,2.2015839138191753,6.439705882352942,R
660825,FF,188,0.08822149225715627,94.84840425531915,1.1728878416880522,2145.2258064516127,81.30724232656969,16.190425531914894,1.506328123910837,-8.35276595744681,2.538145099055932,5.93563829787234,R
660825,FS,46,0.021586109807602064,90.55869565217391,1.9947237165367062,1772.5111111111112,177.935333276679,7.904347826086957,2.5416352148208428,-14.483478260869562,2.3139050373209207,5.930434782608696,R
660825,SI,1061,0.4978883153449085,95.39962299717249,1.1475732595510706,2216.390926640927,115.57999373339244,10.601168708765316,2.0255016035636215,-16.188916116870875,1.6227396045234914,5.928652214891611,R
660825,ST,831,0.38995776630689816,82.7653429602888,1.3406983781867836,2583.889440993789,98.32330137026938,-4.133429602888087,2.6476753444629177,15.71740072202166,2.9641314348936656,5.677015643802648,R
660844,EP,18,1.0,42.11666666666666,2.35278308292416,1162.888888888889,82.65085237729137,19.03333333333333,1.3068687318751417,-0.68,2.2831557108528537,3.6166666666666663,R
660853,CH,337,0.18486012068019747,86.6166172106825,1.7582009741597362,1896.299703264095,82.76779642416298,7.672522255192878,1.931879448264884,-16.496261127596437,1.7243125692203674,6.547774480712166,R
660853,FF,857,0.4701042238069117,95.71411901983664,1.027188318156859,2270.2520420070014,81.97436314909173,13.129568261376894,1.7745574478764876,-10.731108518086348,1.7353703067437294,6.282263710618436,R
660853,SL,629,0.34503565551289084,87.59030206677265,1.577030004383246,2184.726550079491,86.8815447208387,6.230842607313195,1.5454416501369128,1.180731319554849,1.3614295968292371,6.388553259141495,R
660896,CH,24,0.021034180543382998,90.42083333333333,0.7706457860367697,2371.25,136.09531506487906,12.26,2.096954313118039,-15.0,1.4417380815016905,5.920833333333334,R
660896,CU,256,0.22436459246275198,85.35820312499999,1.5744812696194108,2595.2890625,94.52835676580408,-4.790156250000001,2.7342665028894917,3.9773437499999997,2.0973078857542733,5.876171875000001,R
660896,FF,518,0.4539877300613497,97.3403474903475,1.352615302865852,2476.7490347490348,82.5228105680897,17.751428571428576,1.3262033642545341,-8.862625482625482,1.9831126645057446,5.824324324324325,R
660896,SI,153,0.13409290096406662,96.78562091503268,1.247176722201705,2220.843137254902,167.201388091028,11.940392156862746,1.6051438213775426,-14.980392156862745,1.5120437033997105,5.866013071895424,R
660896,SL,190,0.16652059596844873,89.91578947368421,1.5409277621428523,2479.5105263157893,84.96228478389904,5.060842105263158,2.610269366447366,3.301263157894737,2.5041448147287393,5.893684210526317,R
661395,CH,40,0.022484541877459248,88.8175,1.4807980350178815,943.6,141.73861822889307,1.2449999999999999,4.041326895578119,-9.581999999999999,4.00220400817811,6.06,R
661395,FF,583,0.32771219786396855,100.44459691252145,1.0105631789333516,2099.9639794168097,79.88809014935153,12.739348198970841,1.821621644675382,-13.25557461406518,1.8894669981105647,6.137907375643225,R
661395,FS,740,0.41596402473299604,97.62054054054056,1.1317103488283449,1789.7351351351351,111.30328975004888,2.5196756756756757,2.6482684930053586,-14.324594594594595,2.0019136914754556,6.12918918918919,R
661395,KC,290,0.16301292861157954,87.72793103448275,1.3818944904624784,2646.7034482758622,101.74794993899373,-9.692275862068964,2.6106915508086717,4.867448275862069,2.6542057190514567,6.076896551724139,R
661395,ST,126,0.07082630691399663,87.92142857142858,1.619461991791454,2602.9285714285716,94.98995134824976,-1.9742857142857144,3.0956690853051922,11.117142857142856,2.7193795931110043,5.973015873015873,R
661403,FC,534,0.6890322580645162,98.89868913857678,1.0155351294976998,2597.6161048689137,72.53062110021,12.517528089887639,1.8721868387655654,4.036179775280899,2.137682025095339,6.682771535580525,R
661403,SL,233,0.3006451612903226,88.54935622317596,1.9691613866119766,2502.824034334764,63.607422895815326,1.7809442060085834,3.844306242216218,8.22283261802575,2.5430975974126437,6.661373390557941,R
661527,CH,16,0.10666666666666667,82.8375,0.9215023964519389,1529.4375,160.61131913203792,1.6125,4.5407950845639355,-10.8,2.5636224370995038,6.90625,R
661527,FC,24,0.16,84.77083333333333,1.1188033850917478,2376.4583333333335,49.67720076013059,6.864999999999999,2.1340408699888127,3.19,2.871273009599083,6.820833333333333,R
661527,FF,37,0.24666666666666667,90.13243243243244,0.7724614532109015,2147.9189189189187,85.8184059441726,11.027027027027026,1.6593453609863822,-9.934054054054053,2.0570143675016244,6.824324324324325,R
661527,SI,19,0.12666666666666668,88.9736842105263,0.8471141240596147,2090.5789473684213,91.24832771038338,-0.35368421052631593,2.7353898981199816,-12.65684210526316,2.67353501448629,6.805263157894737,R
661527,ST,54,0.36,77.41481481481482,0.9794891636272314,2411.796296296296,67.96596807382676,8.733333333333334,3.1389843327913303,16.617777777777775,2.501521549556006,6.733333333333333,R
661563,CH,327,0.21916890080428955,90.72752293577982,1.702733541703718,1713.5339805825242,116.73661792662864,5.07302752293578,2.7359466362070513,-14.65321100917431,2.254693624148109,6.8795107033639145,R
661563,FF,746,0.5,95.39517426273457,1.4863958605147873,2449.3544303797466,102.29978510808803,16.319678284182306,1.6508457554964189,-2.894155495978552,2.3421688216717778,6.753619302949061,R
661563,SI,45,0.030160857908847184,94.54888888888891,1.0541308833308702,2476.9333333333334,96.2972198220413,10.344,2.126189934216517,-14.109333333333332,2.6021026462878405,6.791111111111111,R
661563,SL,374,0.25067024128686327,86.53368983957219,1.9072568541840782,2625.6759776536314,120.19559704981695,5.975935828877005,3.3708974558816553,7.841390374331551,3.2744165831182594,6.770855614973263,R
662253,CH,45,0.024509803921568627,91.49777777777778,1.190776845151725,1556.404761904762,172.63072946975285,-2.512,2.9934911209003263,-13.565333333333335,2.2400259738753845,6.66888888888889,R
662253,FF,637,0.34694989106753815,98.67692307692307,1.2741446565083403,2297.656692913386,109.840701682681,13.380094191522762,1.6938596070727048,-10.011240188383045,2.768983965582465,6.576295133437991,R
662253,SI,212,0.11546840958605664,97.825,1.1087705073254306,2090.5502392344497,151.1072231780371,6.564905660377359,2.42015989651658,-16.67490566037736,2.3326661292775506,6.601415094339623,R
662253,SL,942,0.5130718954248366,86.1895966029724,1.7171071633179695,2357.190170940171,95.9152151757829,-1.2028025477707005,2.1755004801865985,6.158980891719746,1.8877793187436807,6.692993630573247,R
663158,CH,439,0.2647768395657419,90.45011389521638,1.4574775657203685,1855.2938496583145,110.18563718766723,7.5610933940774485,2.1533685383681744,-16.599635535307517,2.0509384986658428,6.827334851936219,R
663158,FC,77,0.046441495778045835,95.87532467532468,1.3272603207315354,2360.155844155844,70.15997977087135,12.40987012987013,2.6465481458259896,0.7698701298701299,2.2193043561028505,6.707792207792208,R
663158,FF,958,0.5778045838359469,98.62359081419623,1.1839870510669521,2403.349686847599,82.03740421025647,17.789436325678494,1.6351715166415437,-6.487515657620042,2.243406194953102,6.773382045929019,R
663158,SI,184,0.11097708082026538,98.19673913043479,1.2529267233953254,2379.195652173913,77.95588483875422,15.653478260869564,1.6970900422625446,-12.833478260869564,1.698156142313725,6.850543478260869,R
663321,FF,95,0.4298642533936652,91.3221052631579,0.9291014816853302,2510.5052631578947,74.70336710691736,18.519157894736843,1.3006444091523828,-4.4298947368421056,1.712303099248322,6.60842105263158,R
663321,FS,25,0.11312217194570136,81.524,1.1486513831445995,1542.24,132.73447178483818,1.7519999999999998,2.5846469778288874,-8.4864,3.280217065988164,6.604,R
663321,SL,101,0.45701357466063347,81.97623762376239,0.7715113109801418,2495.069306930693,85.66717661108513,1.6110891089108912,1.9083657411461246,4.31049504950495,1.3500595366409762,6.458415841584159,R
663362,FC,103,0.15442278860569716,88.14174757281553,1.1455390264613472,2133.9313725490197,85.19613478471821,8.354563106796116,2.05593200882229,2.07495145631068,1.8507077998337569,6.633980582524273,R
663362,FF,126,0.1889055472263868,91.89523809523808,1.2401843180983796,2050.1065573770493,108.11302682015562,13.818095238095237,1.9541405125673905,-8.054285714285715,2.04677128319563,6.673809523809523,R
663362,KN,246,0.36881559220389803,80.33536585365853,2.3909372400824207,303.3651452282158,93.84681372721002,-1.8073170731707318,3.414434443424271,-1.506829268292683,5.041788039983381,6.476016260162601,R
663362,SI,108,0.1619190404797601,91.61018518518516,1.3009658392589167,2007.7943925233644,77.6304426667588,8.992222222222223,2.3376349312181084,-14.94222222222222,2.4212969928792,6.727777777777777,R
663362,ST,84,0.12593703148425786,81.20357142857144,1.1413843242130934,2224.0,148.93531614449853,4.535714285714286,2.4528244283723137,12.224285714285717,3.4625710503655522,6.689285714285714,R
663372,CH,289,0.16002214839424142,85.24532871972319,1.2753488000178752,1625.4602076124568,108.81728110926271,5.693564013840831,1.8608253368481567,-4.638062283737025,2.6632471010229724,6.499307958477509,R
663372,CU,128,0.07087486157253599,79.33125,1.5280964433429851,2671.3046875,96.84613647989617,-9.204374999999999,2.80619442757524,8.5884375,2.945579481910473,6.43359375,R
663372,FF,533,0.29512735326688816,94.41613508442778,1.38074925058683,2393.857410881801,91.35808217666431,11.979962476547842,2.326887139073969,-3.687579737335835,2.6937978674850216,6.408442776735459,R
663372,SI,244,0.13510520487264674,94.09999999999998,1.19132668032713,2349.5081967213114,97.35499893334155,7.643114754098361,2.238199629944819,-11.485081967213116,2.995407251494732,6.456967213114754,R
663372,SL,410,0.22702104097452935,88.84365853658535,1.4112961253873353,2527.5878048780487,139.76516576889546,5.324487804878049,2.1204168423745102,4.805853658536585,1.9904173557134839,6.473902439024391,R
663372,ST,202,0.11184939091915837,82.27920792079208,1.8052337857547651,2625.9059405940593,100.69389140126025,-1.527920792079208,3.599498117816226,13.159009900990098,3.4739466723725836,6.434158415841584,R
663399,CH,75,0.146484375,83.516,1.0391056445523432,1271.4,49.45240682252524,4.561600000000001,2.3122465032716324,13.88,1.961345373888973,6.219999999999999,L
663399,FF,116,0.2265625,90.74655172413793,1.1298657892197528,2232.3275862068967,84.71556254155215,15.393103448275863,1.6766117041809956,3.3465517241379312,1.9374492884014891,6.072413793103448,L
663399,SI,111,0.216796875,90.97117117117116,1.0772344547191532,2108.6666666666665,72.1918319899184,9.32972972972973,2.3620897756241415,14.927567567567568,2.426972755668418,6.07927927927928,L
663399,SL,89,0.173828125,86.38876404494384,1.0862192774447261,2312.5280898876404,74.37834635522144,4.8485393258426965,1.4577002049943086,-4.867415730337078,2.136229435291137,6.0764044943820235,L
663399,ST,121,0.236328125,78.79421487603305,1.4855581173788492,2554.404958677686,100.39236180377442,3.3064462809917354,2.49636297424344,-15.911404958677684,2.5079032762399764,6.188429752066115,L
663423,CU,191,0.17363636363636364,81.16335078534031,1.0079772749563003,3075.1702127659573,81.91754538354843,-12.961256544502618,2.131886856913525,8.406910994764397,2.204495499615694,6.062303664921466,R
663423,FC,257,0.23363636363636364,90.37976653696498,1.4372483285021074,2722.160642570281,103.84793423437334,5.373852140077821,3.255914022003198,3.6756420233463034,1.596423638591004,6.123735408560311,R
663423,FF,358,0.32545454545454544,94.60474860335195,1.0414140453890657,2433.444759206799,88.76467824849213,16.027039106145253,1.719467591897816,-3.8108379888268153,2.149984788300921,6.217877094972067,R
663423,FS,15,0.013636363636363636,84.84666666666666,1.0789324529808335,1264.6666666666667,184.3845618989471,6.543999999999999,2.8006448237096095,-10.04,2.458292090049512,6.14,R
663423,SI,57,0.05181818181818182,94.05438596491227,0.8481219116037246,2279.4736842105262,70.64021144988321,8.256842105263157,1.9923560692724878,-11.370526315789474,2.05285204137059,6.268421052631579,R
663423,ST,201,0.18272727272727274,80.4771144278607,1.145283210319961,2858.5692307692307,96.8959431072444,0.16298507462686562,2.512420156895761,16.04776119402985,2.941732051476913,6.08358208955224,R
663432,FF,119,0.5336322869955157,95.10756302521008,1.418710303789645,2400.27731092437,81.9209958776683,18.51529411764706,1.2754599193945901,-8.47361344537815,1.6810971654897553,6.316806722689075,R
663432,SL,103,0.4618834080717489,86.27378640776699,1.6329307926360286,2353.970873786408,84.33121631583077,1.1219417475728155,2.5688106877531016,3.151456310679612,1.4577301774098503,6.305825242718446,R
663436,CH,821,0.1998539435248296,90.2043848964677,1.2010484314135184,2077.7032019704434,137.56115766539173,1.2426796589524969,2.554104230533124,-14.150937880633371,2.5496696528804286,6.42719512195122,R
663436,CU,340,0.0827653359298929,80.83970588235294,1.9511995936455557,2852.219219219219,128.0210943296629,-7.988823529411765,2.646886928307317,13.707529411764705,2.627727758011442,6.241176470588235,R
663436,FC,288,0.07010710808179163,89.71944444444443,1.1013313310423791,2572.7366548042705,84.71583829939772,7.345416666666667,2.4859529752434883,2.2091666666666665,2.2737709089399187,6.3090909090909095,R
663436,FF,1217,0.2962512171372931,93.99424815119146,1.3024141731806838,2411.1179401993354,106.15358175670272,14.80239934264585,1.8901192600912748,-5.994478225143797,2.3756480579948582,6.444938271604938,R
663436,SI,571,0.1389970788704966,92.90280210157619,1.0697560933988628,2391.46835443038,71.93814895956959,8.399369527145359,2.2312969138140475,-14.737933450087567,2.2167155890147217,6.439054290718039,R
663436,SL,756,0.18403115871470302,87.78029100529099,1.3679086062083445,2588.2466843501325,132.81588228796076,3.581587301587302,2.996040410172768,2.761746031746032,2.8674057073217916,6.390039840637451,R
663436,ST,112,0.027263875365141188,83.68839285714286,1.6564232352762187,2735.223214285714,92.57611524523814,2.052857142857143,2.7750871842716727,10.113214285714283,2.926747176431377,6.409090909090909,R
663455,CH,118,0.21493624772313297,85.52627118644068,1.1885801316058389,1728.2203389830509,147.62033397060688,0.7952542372881356,2.266915036115116,16.27322033898305,2.1978469967496035,6.45593220338983,L
663455,FF,316,0.575591985428051,94.40506329113924,1.3432865391048348,2350.5949367088606,86.25444367478568,14.610379746835447,1.5042301774539397,11.93392405063291,2.2062580071726385,6.564873417721519,L
663455,SL,113,0.2058287795992714,85.11592920353985,1.4941293673479819,2438.150442477876,95.09968653611193,1.0247787610619468,2.3481197254950965,-0.8102654867256639,1.3808876933858987,6.4778761061946915,L
663460,CH,576,0.20824295010845986,85.54965277777778,0.998416076511065,1582.766956521739,154.16406467312646,0.12624999999999995,2.2792388889810296,10.919166666666667,2.460825594936718,6.703298611111112,L
663460,FF,1080,0.39045553145336226,92.0387962962963,1.16997676489099,2406.722222222222,93.2975779960661,17.875444444444447,1.4960698549240543,3.861444444444444,2.2791379576694317,6.8412037037037035,L
663460,SI,231,0.08351409978308026,91.43246753246753,0.9937773644173191,2239.070484581498,147.05713284188445,8.943896103896103,2.251448319856522,12.96935064935065,2.1020129096089346,6.812987012987014,L
663460,SL,338,0.12219812002892264,85.42455621301775,1.206665689963534,2500.458579881657,131.5360283949983,-0.055029585798816553,2.5722843994712234,-1.5071005917159763,1.805597428259504,6.736390532544379,L
663460,ST,541,0.195589298626175,82.79907578558226,1.1754191828267144,2666.3722222222223,166.06011933749977,-4.562439926062847,2.5353857107751785,-13.226617375231054,3.0057606142196085,6.595563770794824,L
663462,FF,39,0.2727272727272727,95.35641025641026,1.0671641889642993,2428.5128205128203,109.01131563545228,15.747692307692306,1.5736555858363697,-5.2092307692307696,2.3860200120652193,6.294871794871795,R
663462,SL,59,0.4125874125874126,89.74067796610171,1.9547571190575415,2655.0,89.29860793601625,4.291525423728813,2.9693333824970645,4.779661016949152,1.9889955584126264,6.264406779661018,R
663462,ST,19,0.13286713286713286,84.92105263157895,1.2800082236577952,2797.5789473684213,70.90237089710337,-3.0631578947368423,2.256853888421714,13.799999999999999,2.973482806407328,6.199999999999999,R
663465,CH,258,0.19984508133230056,81.65193798449613,0.994936657952433,1540.5891472868218,70.7855986147923,6.556279069767442,2.356672147442869,14.076279069767441,1.3959892910783223,5.815891472868216,L
663465,CU,172,0.1332300542215337,72.04069767441861,1.1045761174734883,1863.0406976744187,108.95293031429586,-13.200697674418608,1.6377389853356141,-7.305348837209302,2.1164107858454804,5.90406976744186,L
663465,FC,254,0.1967467079783114,84.58779527559055,1.3412461985172144,2038.1456692913387,89.82062956250543,6.159685039370078,2.2322848278348393,-4.9015748031496065,1.7211175821356666,6.2921259842519675,L
663465,FF,495,0.38342370255615804,90.0189898989899,0.8827422021430275,2022.7212121212121,87.59013318705577,16.03830303030303,1.507006157853581,5.78739393939394,2.1913062204505005,6.350505050505051,L
663465,SI,112,0.08675445391169635,90.56160714285714,0.7385456289726754,1998.857142857143,72.68578025461825,12.683571428571428,1.780240320421824,13.314642857142859,1.4045536808791048,6.400892857142857,L
663474,CU,18,0.125,79.63888888888889,1.1423087503147955,2297.1666666666665,96.35549985829132,-9.053333333333333,1.7890122151294419,8.066666666666668,2.3047776465420693,6.655555555555556,R
663474,FF,118,0.8194444444444444,93.90508474576271,1.143905998291692,2353.728813559322,107.6292036924422,20.799661016949155,1.4534462036877533,-3.607118644067797,1.774714182691883,6.848305084745763,R
663485,CU,245,0.17857142857142858,81.53510204081634,1.0338098456302531,2925.794238683128,92.18338065589376,-5.540081632653061,2.322547003501271,16.630530612244897,3.2865630753789428,5.70530612244898,R
663485,FC,334,0.2434402332361516,89.16736526946109,1.2465860664761617,2425.957957957958,75.86384862599328,7.926826347305389,2.0421707492650034,2.095688622754491,2.1024882953020647,5.772155688622755,R
663485,FF,387,0.2820699708454811,94.65503875968992,1.1043457191503534,2335.3678756476684,89.05853556820551,13.842790697674419,1.7685626801129704,-11.290232558139536,1.8378830742137169,5.817312661498708,R
663485,FS,281,0.20481049562682216,88.09110320284697,0.9328293328959665,1523.1032028469751,135.79561857961184,0.5158718861209963,2.5842711126211615,-14.497366548042706,2.9226221416768583,5.812099644128114,R
663485,SI,121,0.08819241982507289,93.73471074380167,1.019616818859063,2229.603305785124,68.14463531573156,6.923305785123966,1.8645649128012642,-16.44495867768595,2.060857881226061,5.863636363636362,R
663494,EP,18,1.0,43.73888888888889,6.569639518169381,1003.6111111111111,145.6046778857816,20.299999999999997,4.773500380470597,3.826666666666666,7.53018084307487,3.8055555555555554,R
663542,FC,27,0.02547169811320755,84.8148148148148,1.6721022474495768,2111.296296296296,124.30663538661001,3.9466666666666668,1.5070296817045317,1.2177777777777778,2.7317018270292373,7.233333333333333,L
663542,FF,706,0.6660377358490566,91.50963172804533,1.6247267110071122,2206.483641536273,107.037147490232,12.620736543909349,1.8421943502544613,9.75926345609065,2.0708279828966374,7.364305949008498,L
663542,SI,68,0.06415094339622641,89.60000000000001,1.2133584820530783,2139.0882352941176,112.91784562028228,4.178823529411764,2.6306979548377187,16.04470588235294,1.9264881594812873,7.27910447761194,L
663542,ST,256,0.24150943396226415,80.542578125,1.8887135350290578,2096.2578125,102.76954962868307,-4.69125,2.509251587508069,-14.875781250000001,2.4462910250850705,7.210546875,L
663546,FC,36,0.14173228346456693,89.58333333333334,1.1397994811118555,2238.3611111111113,60.844604304867275,5.633333333333332,1.407912334933231,-1.3299999999999998,2.2722047191470853,6.766666666666667,R
663546,KC,91,0.35826771653543305,85.76263736263736,1.1112203853470046,2043.2857142857142,118.47384012367792,-2.0386813186813186,2.015817015941239,3.7898901098901097,2.362308425862529,6.743956043956045,R
663546,SI,127,0.5,93.58740157480315,0.8751409977993525,2307.1889763779527,86.24473595930313,4.876535433070866,1.871266601840343,-14.179842519685039,2.337166234299383,6.801574803149607,R
663554,FF,1316,0.3389132114344579,94.24118541033434,1.398610867250896,2254.093536121673,96.809190692986,17.41404255319149,1.463870512468675,-8.61063829787234,2.16575459743167,6.884638783269962,R
663554,FS,939,0.24182333247489055,88.36474973375933,1.2611224635235312,1468.8807241746538,165.3758097969577,4.650862619808307,2.7070870427871294,-14.618402555910544,2.2343307989699888,6.852289669861555,R
663554,SI,470,0.12104043265516354,94.43276595744682,1.3784631938009053,2243.6297872340424,120.54706132277985,13.843148936170213,1.8447089898107012,-13.868680851063827,1.7874190646997565,6.8938297872340435,R
663554,SL,754,0.1941797579191347,87.9888594164456,1.8302701993930783,2207.0106100795756,90.7756740258448,4.850132625994695,2.5073421499711164,2.867586206896552,2.0776600277951345,6.856972111553785,R
663554,SV,402,0.1035281998454803,83.27462686567165,1.4915566138246368,2322.6567164179105,159.36590863505432,-1.7116417910447759,3.6486687752475024,8.107761194029852,3.521645141327131,6.861940298507464,R
663556,CH,455,0.29260450160771706,86.92967032967033,1.0485667274079336,1534.6747252747252,195.33742329947682,4.057054945054945,3.3748650009307677,15.89986813186813,2.2003553938453844,6.625274725274726,L
663556,CU,214,0.13762057877813505,81.96308411214955,1.2772446217846634,2487.107476635514,245.40244352198388,-9.680186915887848,2.4134194397428046,-4.237009345794393,1.8624045313545332,6.628971962616824,L
663556,FF,598,0.38456591639871385,95.48628762541807,1.3218734221810815,2220.9414715719063,115.31094769854847,15.990702341137125,1.7858799917930201,9.265484949832777,1.969990098251841,6.632441471571907,L
663556,SL,288,0.18520900321543407,88.18506944444444,1.2938420200553908,2355.1458333333335,130.8123090218869,2.0316666666666667,2.4867453506590476,-2.9987499999999994,1.5143682920748875,6.656944444444445,L
663558,CH,266,0.3643835616438356,83.12443609022556,1.0189731520405103,1771.3533834586467,140.63764199886023,7.641654135338347,2.285722768462058,14.550676691729326,2.1157558783060844,6.321052631578948,L
663558,FC,109,0.14931506849315068,85.02935779816515,1.3217764948267876,2558.853211009174,81.05711585826762,4.944220183486238,2.390245723296457,-3.9985321100917433,2.2629114423058305,6.618348623853213,L
663558,FF,282,0.3863013698630137,92.40921985815602,1.135258335735492,2333.723404255319,99.7065521023671,16.84,2.1567551744605313,2.912340425531915,1.862908084523998,6.690070921985815,L
663558,SI,32,0.043835616438356165,92.63125,1.021838160280995,2352.21875,89.47687910941737,12.24375,2.1052158727711854,12.348749999999999,1.675115306575216,6.503125000000001,L
663558,ST,38,0.052054794520547946,79.36842105263158,1.230272495229322,2710.657894736842,68.33869400384222,-1.932631578947368,3.0124657084158195,-13.730526315789474,3.4769938455498393,6.447368421052633,L
663559,CU,276,0.12371134020618557,77.75652173913043,1.6187967033566688,1852.713768115942,93.30887880740569,-2.34304347826087,2.2142144459487705,-3.322173913043478,1.8075271864191336,6.965579710144928,L
663559,FF,1141,0.5114298520842672,92.18562664329536,1.0451660981696624,2123.1638913234005,95.09732019912467,18.43740578439965,1.4904802949908413,3.9216126205083257,2.356227774855071,7.248203330411918,L
663559,FS,173,0.07754370237561632,85.3092485549133,1.3260914817967235,961.8034682080925,239.65077933195465,10.155606936416184,3.742642908109993,4.304739884393063,3.7475707738750326,7.270520231213874,L
663559,SI,203,0.09099058718063649,92.18620689655174,1.1626220351368994,2025.4532019704434,85.49032443136356,18.23408866995074,1.3281165596660234,7.660492610837438,2.1818308584184773,7.216748768472907,L
663559,SL,421,0.18870461676378306,84.87363420427555,1.681366606625367,2055.6318289786223,91.96181833849884,5.907933491686461,2.8747999939282596,-4.7777672209026125,2.2579805037264356,7.134916864608076,L
663559,SV,17,0.00761990138951143,80.21176470588235,0.8922460093362552,2128.6470588235293,79.00865551987847,0.4305882352941177,2.4622156449736368,-6.437647058823529,1.0572105361029367,7.011764705882352,L
663562,FC,62,0.19135802469135801,88.21774193548389,1.3337392516257964,2183.3870967741937,81.56529212819441,6.31741935483871,2.283889359873599,1.198064516129032,2.255850563814287,5.562903225806452,R
663562,FF,46,0.1419753086419753,93.95434782608697,0.933501537638233,2177.4565217391305,105.94877305602597,12.52695652173913,1.4959097857011705,-10.552173913043479,2.289230742259143,5.5978260869565215,R
663562,SC,15,0.046296296296296294,84.17999999999999,1.7497754958034706,1388.3333333333333,327.5815420115527,3.584,4.459155589506669,-7.592,5.224080506927239,5.746666666666667,R
663562,SI,100,0.30864197530864196,94.28499999999998,1.1074016361909462,2220.29,100.90902943851071,7.324799999999999,1.6494115755185381,-17.9388,1.587083775070147,5.643000000000001,R
663562,ST,87,0.26851851851851855,79.76206896551726,1.0695838551022676,2733.1494252873563,77.8826679730227,-0.6427586206896552,2.659713522628685,17.159999999999997,1.9556858072666443,5.6367816091954035,R
663567,CH,350,0.22095959595959597,87.14885714285714,1.3849110559268742,1576.5228571428572,84.06845547952608,8.6544,2.126841574517142,-13.139657142857143,1.4338766245307744,6.203999999999999,R
663567,FC,151,0.09532828282828283,91.55894039735101,1.350667564486974,2333.264900662252,77.87371845809128,12.701721854304637,2.239760630540506,0.4688741721854304,2.333574809327628,6.163576158940398,R
663567,FF,492,0.3106060606060606,93.98516260162602,1.1937734649099707,2302.412601626016,75.92899515490805,17.548292682926828,1.4200724041763415,-8.247560975609757,1.668887133115013,6.1067073170731705,R
663567,SI,145,0.09154040404040405,93.3503448275862,1.3925957047667734,2153.4758620689654,97.02455894418782,12.673655172413792,2.6657901720464254,-14.464551724137932,3.26144203350773,6.212413793103448,R
663567,SL,257,0.16224747474747475,85.69027237354086,1.1631813878960835,2635.5058365758755,69.97165277713407,1.5585992217898834,2.010629075726212,3.0536964980544745,1.8781404828052004,6.109338521400778,R
663567,ST,122,0.07702020202020202,82.39672131147539,1.598963219163056,2736.344262295082,115.67629174095657,-3.3531147540983604,4.597901620199884,16.26983606557377,3.075970580845291,6.049180327868854,R
663567,SV,57,0.03598484848484849,79.79473684210525,1.312089534814001,2662.438596491228,143.84714326870179,-11.957894736842105,1.5504915543628015,15.14105263157895,2.2618968684732343,6.028070175438597,R
663568,CH,300,0.11489850631941785,87.346,0.9619607901951669,1471.3566666666666,121.8169419527155,0.5896000000000001,3.527509259887962,-12.985600000000002,3.0265103982367965,6.335,R
663568,FC,374,0.14324013787820758,90.43315508021391,0.9827314304312752,2367.085561497326,92.19845802552454,7.342459893048128,2.002177994312001,0.5066310160427808,2.0552113549101905,6.25855614973262,R
663568,FF,687,0.26311757947146686,94.09621542940322,0.8752926708507093,2198.3333333333335,85.08211319892423,12.995458515283845,1.6242155453799132,-7.622183406113538,2.0456388670721988,6.241339155749636,R
663568,SI,617,0.23630792799693603,93.64635332252837,0.8873884555618413,2165.585089141005,102.59615210453072,4.5697244732577,2.1565987730956397,-15.659124797406808,2.120461818492858,6.2952998379254455,R
663568,SL,426,0.16315587897357334,85.48098591549294,1.1859927446613638,2517.323943661972,84.44360869172708,-0.3811267605633803,2.0483107870546746,2.87887323943662,1.3389227093230627,6.315023474178403,R
663568,ST,206,0.07889697433933358,81.58300970873786,1.617602160954539,2556.5825242718447,101.44223628679161,-2.0755339805825246,4.114980064713076,14.140194174757282,2.911032665846338,6.309708737864077,R
663574,FF,1162,0.6451971127151582,95.75886402753873,1.226071118672015,2339.1247848537005,71.32462036065748,13.447641996557659,1.5975690347853144,-11.717142857142857,2.064806722082489,5.960929432013769,R
663574,SL,180,0.09994447529150471,86.44888888888889,1.0644844997251877,2214.777777777778,138.18821896585803,2.1513333333333335,2.7860378947239735,7.085333333333334,2.774370812963045,5.823333333333332,R
663574,SV,458,0.2543031649083842,85.49868995633186,1.3120041745325381,2205.174672489083,114.58182007971817,-5.769694323144105,2.4955299017648085,10.757292576419214,2.60417096968994,5.841484716157206,R
663623,CH,295,0.0728035538005923,85.38067796610169,2.1587662327454793,2184.752542372881,101.66345933816531,4.847593220338983,2.310034154109233,-15.536949152542375,2.0408828740447125,6.928231292517006,R
663623,CU,1140,0.2813425468904245,77.71035087719298,2.0087031576268704,2492.119298245614,83.33038097137555,-4.028947368421052,3.362156580482051,15.125052631578946,2.4444642620409027,7.018421052631579,R
663623,FC,258,0.06367226061204344,87.71124031007751,1.9483380157812515,2429.4496124031007,103.51461568941743,7.55860465116279,2.5590741103444214,2.8683720930232557,2.616255913510168,7.0705426356589145,R
663623,FF,1252,0.3089832181638697,92.43362619808306,1.481032310344759,2331.1869009584666,73.8435610932235,14.64776357827476,1.6041017911498756,-9.143865814696484,2.1965505421314995,7.157987220447284,R
663623,SI,904,0.22309970384995065,91.88705752212388,1.563806644535616,2287.3030973451328,76.76707482880434,6.885265486725664,2.261711475823262,-16.203849557522123,1.948738696359422,7.112278761061947,R
663623,SL,122,0.030108588351431393,83.57295081967213,2.2084374972770884,2484.2377049180327,83.7929417014738,0.21442622950819668,3.1298343232840864,7.421311475409837,1.7975203079668325,6.981967213114753,R
663623,ST,80,0.019743336623889437,81.21000000000001,1.9798094781115316,2517.05,80.5121108902257,5.85,3.5739054268405033,12.7395,3.5669594540498273,7.094999999999999,R
663671,CU,43,0.08082706766917293,82.65813953488372,0.913713656860349,2426.953488372093,274.93825744011724,-5.874418604651163,1.7663431451199656,5.760000000000001,3.2404232527777688,6.295348837209303,R
663671,FF,353,0.6635338345864662,93.17025495750708,0.9095104781210609,2514.7393767705385,67.99519582508974,19.827875354107647,1.350135627147136,-4.644985835694051,1.864513726004154,6.481303116147307,R
663671,SL,135,0.25375939849624063,85.02148148148147,1.0896655097606647,2467.274074074074,63.63039610048738,4.179555555555556,2.8499379062800196,2.751111111111111,2.8808815676742374,6.470370370370371,R
663687,CH,193,0.0978205778003041,82.47461139896372,1.8320150504506558,2116.165803108808,176.26469640708504,13.861554404145076,2.300666495006072,16.16518134715026,2.0726749255853556,6.690673575129534,L
663687,CU,471,0.2387227572225038,73.66326963906582,1.185941196163243,2639.0658174097666,99.21036064268539,-17.30012738853503,1.7514626060334197,-7.804076433121018,2.295304445225776,6.456050955414013,L
663687,FC,42,0.021287379624936646,90.0,1.7228733798299944,2234.785714285714,57.158545320327114,13.19142857142857,2.531804110856353,0.7714285714285716,3.2396360616351165,6.590476190476192,L
663687,FF,1133,0.5742524075012672,94.15516328331861,1.329544109674223,2309.218005295675,82.59557667835706,17.660441306266552,1.6270405452289094,8.251509267431597,2.083531996944219,6.589673433362754,L
663687,SL,97,0.0491637100861632,85.35567010309278,1.430178388652164,2097.020618556701,91.10078889402332,12.441649484536082,3.203898237698222,-3.9971134020618555,4.228665066829327,6.607216494845361,L
663687,ST,35,0.017739483020780537,78.18,1.019746219870991,2436.0285714285715,104.54621429956107,-5.886857142857143,2.8009659798305417,-11.790857142857144,2.883136947053016,6.591428571428571,L
663738,CH,390,0.2127659574468085,85.93282051282053,1.0473861423551867,1616.1641025641027,163.72939535536733,2.274153846153846,2.835022009847883,14.903692307692308,2.019471464283751,6.520256410256409,L
663738,FF,377,0.20567375886524822,94.32254641909816,1.1450615000644997,2259.73474801061,107.48366371173081,15.28106100795756,1.6396778805970378,9.599045092838196,2.375806053716532,6.568700265251988,L
663738,KC,154,0.08401527550463721,82.20909090909092,1.4814479596128234,2257.396103896104,63.55137069133367,-2.607272727272727,1.8889784467252435,-3.0677922077922073,1.5124223079503765,6.23051948051948,L
663738,SI,411,0.22422258592471359,94.06812652068126,1.011317008296878,2145.9221411192216,108.79427339345257,9.292554744525546,2.1168964959191445,16.424817518248176,1.8548654946395864,6.549391727493917,L
663738,SL,498,0.27168576104746317,86.8991967871486,1.207887957276552,2296.5401606425703,68.25454925894351,3.3161445783132533,1.9736186609611512,-2.1390361445783133,1.4733541698306416,6.480522088353414,L
663765,FC,225,0.20215633423180593,89.88533333333332,1.36705758056178,2236.951111111111,93.3122269927645,7.722133333333334,2.3719692843108837,0.6570666666666667,2.138495866591416,6.581777777777778,R
663765,FF,126,0.11320754716981132,93.11507936507935,0.8401016567361314,2172.9841269841268,94.9331540929287,13.081904761904763,1.999128495834408,-6.290476190476191,1.8437469922493628,6.519047619047617,R
663765,FS,191,0.17160826594788858,86.09424083769632,1.0197617495780336,1218.544502617801,170.5211728129808,-0.11623036649214662,2.3405555861622105,-8.727329842931937,2.7776803444410563,6.607329842931936,R
663765,SI,337,0.302785265049416,93.41988130563799,1.0691518601935992,2056.652818991098,74.83291666196622,5.5776854599406525,2.13250481120623,-15.286646884272995,2.0636452887825394,6.613056379821958,R
663765,ST,223,0.20035938903863432,81.152466367713,1.0413006063056927,2562.1614349775787,89.79632078632393,-0.5569506726457399,2.636278709562551,14.944573991031387,2.860581222463624,6.437668161434978,R
663767,CH,90,0.07036747458952307,88.30333333333333,1.1875240979222557,1760.7222222222222,91.32126618662046,6.418666666666666,3.1429018295378492,-14.842666666666666,2.3959951604685608,6.161111111111111,R
663767,FC,343,0.26817826426896013,90.56239067055394,1.6843316821075662,2439.661807580175,86.95230879574294,7.100291545189504,2.1489012361995616,3.3715451895043733,2.2898018767238018,6.184256559766763,R
663767,FF,207,0.16184519155590305,95.39420289855073,1.2222314533764163,2105.8883495145633,72.52916762439095,15.24695652173913,1.3473937132437623,-7.606956521739131,2.0523209482923215,6.269082125603865,R
663767,SI,306,0.23924941360437843,94.63823529411765,1.3543889155700783,2087.5620915032678,82.28194870580295,9.235686274509803,2.0928423733320844,-15.305882352941177,2.105719776294492,6.26078431372549,R
663767,ST,333,0.26035965598123534,81.31531531531532,1.5446096437228412,2678.578313253012,104.85280956311671,0.08576576576576583,2.775279064297517,16.917117117117115,2.703586435784944,6.103303303303304,R
663773,FS,51,0.3893129770992366,86.47058823529412,1.2985059287730742,1151.8039215686274,131.918765853512,0.9952941176470588,3.467505358577648,-9.505882352941176,2.9041302839029712,6.352941176470588,R
663773,SI,61,0.46564885496183206,92.54918032786887,0.7107796073841905,1837.27868852459,72.54817506263016,4.329836065573771,1.8048328563455016,-17.2544262295082,2.0050075017234255,6.3459016393442615,R
663776,CH,32,0.22695035460992907,84.384375,0.8854047279397513,1790.78125,111.16124132349658,9.161249999999999,1.4980584208428138,14.98125,1.8399715109996466,6.2375,L
663776,FF,31,0.2198581560283688,93.80322580645161,1.3380293646423311,2109.8709677419356,94.48306442090876,14.790967741935482,1.2095491028718364,7.25806451612903,1.6406450344398873,6.206451612903225,L
663776,SI,18,0.1276595744680851,94.31666666666666,1.0777154486390603,2069.0555555555557,79.9576889745057,11.76,1.5400534750073949,13.066666666666666,1.2758757084957033,6.222222222222221,L
663776,SL,50,0.3546099290780142,87.03599999999999,1.2812239046620826,2617.58,99.01681778405946,4.1088000000000005,2.1119220764845603,-7.2576,1.9224841073093797,6.1659999999999995,L
663795,CH,88,0.2297650130548303,86.84318181818182,0.9728256573845188,1768.8636363636363,101.23288069471947,0.06409090909090914,2.600261983424967,-16.01590909090909,1.9026760563870535,6.380681818181818,R
663795,FC,125,0.3263707571801567,86.7296,1.1559121520365672,2375.76,62.19718902475132,9.7968,2.002331544201216,0.18144,1.8920720439123977,6.3208,R
663795,SI,96,0.2506527415143603,93.02291666666667,1.314412349516469,2228.2916666666665,79.23275726971391,14.725,1.4759632002258907,-12.087499999999999,1.9571004331058635,6.389583333333333,R
663795,SL,74,0.19321148825065274,84.3837837837838,1.2629631419070098,2514.5405405405404,64.42776334868977,2.695135135135135,2.030957155577071,3.9940540540540534,1.350874824533599,6.356756756756757,R
663804,CH,24,0.07523510971786834,87.27916666666665,0.650069672966017,2431.4166666666665,71.62153955016767,3.985,2.437527257372681,-15.745,1.8509245633278613,6.054166666666667,R
663804,FF,182,0.5705329153605015,97.33241758241758,0.8734219748829818,2181.71978021978,130.3146788285321,15.188571428571429,1.6178210374557538,-11.016263736263738,1.97250473091557,6.16923076923077,R
663804,SL,109,0.34169278996865204,86.04678899082569,1.2305199749563454,2507.669724770642,66.28251194499468,-2.6025688073394497,2.7089332339603804,3.183853211009174,2.32983941119494,6.058715596330276,R
663855,FF,175,0.09562841530054644,97.86228571428572,1.6047900383924,2160.0,116.45743142167156,13.060114285714288,2.143272282939742,-10.878171428571427,2.3213623314535856,6.47542857142857,R
663855,FS,102,0.05573770491803279,89.0980392156863,1.6640628077539241,893.5196078431372,191.61356172637795,1.2258823529411766,4.925477582099497,-8.614117647058823,4.263479347251253,6.521568627450978,R
663855,SI,984,0.5377049180327869,97.83150406504065,1.6770497317099524,1914.2286585365853,124.86581832426222,7.444999999999999,2.3567101662553744,-16.28731707317073,2.01214181070868,6.458444216990788,R
663855,SL,92,0.05027322404371585,84.34456521739129,1.6465324289718668,2293.9347826086955,173.70575122213003,-3.9104347826086956,2.1862979462977292,3.6234782608695646,2.3576419746943973,6.352173913043477,R
663855,ST,477,0.260655737704918,84.32557651991615,2.828519212933673,2285.119496855346,128.52999019520016,1.3499371069182389,3.116950573619847,8.842012578616353,3.3175919141879313,6.350733752620545,R
663878,CU,54,0.08626198083067092,81.84444444444443,1.7305977445550782,2650.703703703704,101.43380211960337,-10.85333333333333,2.8323095449633615,11.044444444444444,2.405649535060041,6.822222222222223,R
663878,FF,286,0.45686900958466453,97.64335664335664,1.3015542363858512,2300.3391608391607,96.2371723308655,16.640979020979024,1.840934665234918,-6.766993006993006,1.951066297745041,6.845454545454545,R
663878,SI,40,0.06389776357827476,96.99,1.4045347801738304,2229.65,84.14534129432515,12.372,1.3932938284180016,-14.649000000000001,1.4493000963329745,6.952500000000001,R
663878,SL,238,0.3801916932907348,89.36470588235295,1.4364212582920335,2510.0714285714284,84.5111478855773,1.84436974789916,2.258425065907978,5.821008403361345,1.14218932195432,6.742857142857142,R
663893,FC,133,0.08813783962889331,93.5375939849624,0.9852396650253697,2218.781954887218,101.51603383925367,6.429473684210526,1.7165002783983543,1.4472180451127818,2.1440705245437615,5.68796992481203,L
663893,KC,656,0.4347249834327369,87.00655487804879,0.764040898573974,1819.0442073170732,224.9989235529392,-7.862012195121951,2.1634975019797054,-2.4325609756097557,2.135719517837424,5.742530487804878,L
663893,SI,677,0.4486414844267727,93.48552437223043,0.8214200963130921,2030.3633677991138,104.26077209058627,-1.5839290989660268,2.4863264971815164,14.495184638109306,2.6148874815758565,5.595125553914328,L
663893,SL,33,0.02186878727634195,89.11212121212121,0.8978298752260833,2466.878787878788,62.37976313264462,-0.8909090909090908,1.9393625944436672,-2.0472727272727274,1.1439167166124702,6.012121212121213,L
663897,EP,52,0.7323943661971831,59.43076923076922,2.1682683487003787,1514.6346153846155,74.48358915083475,18.46153846153846,1.739676986713208,-9.950769230769232,1.9448169893776497,4.540384615384616,R
663897,FA,19,0.2676056338028169,73.1263157894737,6.08539618953653,1845.3157894736842,136.00859965931033,18.170526315789473,1.864753405455503,-9.991578947368419,2.2086528401768017,4.705263157894737,R
663903,FC,398,0.08391313514653173,87.38366834170854,1.2545171220931786,2345.448362720403,88.45395126010294,7.572361809045225,2.2860990389455464,1.672462311557789,2.0352330998232873,6.866834170854271,R
663903,FF,372,0.0784313725490196,91.18844086021505,1.0441213896273869,2435.8844086021504,94.34444019160374,14.346774193548388,2.0530183742068373,-6.347419354838709,2.496135839842282,6.918548387096774,R
663903,SI,2060,0.43432426734134516,91.80592233009709,1.0108223868718336,2351.159786304031,87.07383915205153,9.655456310679613,2.21596913755262,-15.774058252427183,2.2794799378981363,6.937815533980582,R
663903,SL,1355,0.2856841661395741,82.51047970479705,1.1085711418344053,2423.573431734317,64.84648069669055,-1.3084870848708487,2.264788393786324,4.78529889298893,1.714928103524246,6.815055350553506,R
663903,ST,558,0.11764705882352941,81.64086021505376,1.1948485981602968,2422.1935483870966,68.5026974894339,2.5243010752688173,3.341990526257233,8.532688172043011,2.681376883014526,6.8084229390681,R
663941,CU,152,0.1451766953199618,80.69342105263158,1.790655326141046,2366.2236842105262,92.31060419726357,-14.35578947368421,1.599073625164398,8.104736842105263,1.793013279100582,6.880921052631578,R
663941,FF,354,0.33810888252148996,94.58531073446326,1.1356988785900157,2122.638418079096,116.74520957608293,15.65694915254237,1.9130213596872556,-9.37864406779661,2.2487386134690976,6.723728813559322,R
663941,SL,225,0.2148997134670487,89.46933333333332,1.6096228484603823,2474.862222222222,101.37198843705562,5.590933333333333,3.14422309277552,3.7488,2.541224901499275,6.752444444444445,R
663941,ST,315,0.3008595988538682,82.99746031746031,1.5501571404359256,2790.457142857143,122.69765247039994,-1.3893333333333333,2.8362993742070652,18.537142857142857,2.9157382239074323,6.760634920634922,R
663947,CH,306,0.15369161225514816,84.14901960784313,1.104810206803365,1539.9311475409836,231.53350014871071,3.734509803921568,3.2696171011952084,14.280000000000001,2.609492884595415,6.489869281045752,L
663947,CU,80,0.04018081366147665,79.73125,1.4498881449654641,2791.3670886075947,103.76788412003233,-14.8275,1.5258991953698577,-10.7775,2.5915761784303375,6.522500000000001,L
663947,FC,606,0.30436966348568556,88.246699669967,1.2227515369947533,2373.8923841059604,90.49455060847033,7.517623762376238,2.6350837577347312,-3.9653465346534653,1.7354974885051855,6.4910891089108915,L
663947,FF,234,0.11752887995981919,91.78803418803419,0.9145614951657957,2229.220779220779,90.66272279982071,16.153846153846153,1.8469479969041915,5.811794871794872,2.325098222258482,6.508974358974359,L
663947,SI,416,0.20894023103967854,91.27788461538464,0.8388697767335286,2136.306569343066,91.83327114094212,9.32826923076923,1.7698674334987372,15.62769230769231,1.8720504734052525,6.495913461538462,L
663947,ST,349,0.17528879959819185,80.81547277936963,1.3387853121558606,2760.657060518732,98.37782820080899,-0.22521489971346711,3.080033824304178,-15.468653295128941,3.944577489665915,6.40945558739255,L
663967,EP,21,1.0,54.92380952380952,4.088631159924401,1548.0,133.70938635712903,20.02857142857143,3.4787386876773105,-7.411428571428571,6.412751582366407,4.7,R
663969,CU,472,0.19576939029448362,83.81716101694914,1.0362546840409654,2563.9088983050847,71.26951749853308,-10.934491525423729,2.5810329232878373,4.4346610169491525,2.437114712654793,6.490466101694915,R
663969,FF,214,0.08875985068436333,95.47383177570093,1.2850776961657797,2222.154929577465,86.34829338438578,12.19233644859813,3.1957990557262446,-7.159065420560747,3.1785630357483674,6.325700934579441,R
663969,FS,445,0.18457071754458731,87.20921348314606,0.8787432476629854,1258.6808988764044,123.48788728250439,2.313707865168539,3.042541012930792,-11.943370786516855,2.502674670047948,6.620224719101124,R
663969,SI,693,0.28743260058067194,95.57012987012988,0.804711279419509,2065.4213564213564,74.29529197934544,7.063203463203464,2.4075463273568576,-17.0212987012987,1.8905059539193918,6.339538239538238,R
663969,ST,570,0.23641642472003319,84.3640350877193,1.024628801831907,2474.805263157895,90.69816475541788,0.9378947368421053,3.2910743310537036,11.143578947368422,3.4669885584222624,6.426491228070176,R
663978,CH,919,0.2433792372881356,84.58204570184984,1.214712708927229,1774.9390642002177,174.3894128287282,4.974972796517954,2.946008631446561,-15.020239390642002,1.919733876384255,6.9437431991294885,R
663978,CU,448,0.11864406779661017,77.90111607142856,1.468162834055764,2123.5379464285716,93.60055252937735,-13.569374999999999,2.1907010232239275,5.862053571428571,2.2783744110341533,6.711607142857142,R
663978,FC,526,0.1393008474576271,86.95570342205323,1.943211818336231,2011.3460076045628,93.21071905062838,7.710114068441063,3.5854137818337795,1.890570342205323,2.201115746895884,6.89467680608365,R
663978,FF,1540,0.4078389830508475,93.55305194805196,1.374386426003221,2237.3266233766235,88.05267011872355,18.319012987012986,1.6466541380579998,-8.487974025974026,2.005669883663783,6.981428571428571,R
663978,SI,201,0.05323093220338983,93.25522388059701,1.071673959106437,2113.6019900497513,74.10209710946042,14.257910447761194,1.7463646846922605,-13.284776119402984,1.7071593582987108,6.959701492537314,R
663978,SL,59,0.015625,84.7101694915254,1.414542074709039,2000.1694915254238,57.894717924264036,4.498983050847458,2.630613993436968,3.28271186440678,1.845058480064198,6.883050847457626,R
663978,ST,83,0.02198093220338983,79.35662650602411,1.299924272755385,2319.710843373494,76.13779711339204,-4.33012048192771,2.326599892219935,11.165783132530121,2.52458840909202,6.731325301204821,R
663989,FC,18,0.5625,88.23888888888888,0.7293340144098337,2191.3888888888887,105.34712307352906,6.86,1.3646460433128482,-2.0466666666666664,1.4189474143554024,5.738888888888889,L
663992,FF,154,0.1927409261576971,91.50909090909092,0.835046367650303,2388.961038961039,96.52158708169749,12.285974025974026,2.3592699988397925,4.320779220779221,3.033196621023376,7.347402597402597,L
663992,SI,244,0.3053817271589487,91.28975409836066,0.8960920763193888,2244.372950819672,104.7707876674528,4.52016393442623,2.5583340720171233,14.180655737704917,3.0764941132958303,7.348770491803278,L
663992,SL,67,0.08385481852315395,86.5268656716418,1.526392269526538,2400.3432835820895,140.60211992871467,4.5868656716417915,2.702549979329412,-2.9247761194029853,2.3353880724877496,7.2208955223880595,L
663992,ST,334,0.41802252816020025,82.34760479041917,1.3296041134847625,2482.859281437126,93.02878863124485,0.5285029940119759,3.4465709343776334,-13.309221556886229,3.0595057391975184,7.241616766467066,L
664062,CU,103,0.16912972085385877,81.71941747572816,1.4634808259512315,2749.4271844660193,88.38514225483159,-12.424077669902916,1.9797907578551415,7.245436893203883,2.055245215415497,5.829126213592234,R
664062,FF,245,0.40229885057471265,93.50122448979592,1.2517031555291882,2235.7632653061223,85.20804504337457,16.575673469387755,1.4928383872066766,-10.1294693877551,2.477693625310303,5.919183673469387,R
664062,FS,163,0.2676518883415435,84.16871165644172,0.9377884064953642,1510.9754601226994,174.68705531696295,-1.2117791411042944,2.7253612106834617,-13.131533742331289,2.7465038568301376,5.842944785276074,R
664062,SL,98,0.16091954022988506,88.09795918367347,1.0866556650564738,2507.530612244898,83.05236257637827,5.686530612244899,2.4199970614452706,2.0730612244897957,2.5867610636347202,5.895918367346939,R
664068,EP,36,0.972972972972973,38.736111111111114,3.6317766433663827,,,23.86666666666666,2.8466320952512083,2.97,9.635948763428985,3.2888888888888888,R
664074,CH,26,0.23214285714285715,87.83076923076922,0.8753372976261123,797.4615384615385,116.45127075965492,4.6476923076923065,2.4977434739257074,-4.44,2.8378921755415587,6.6269230769230765,R
664074,FF,44,0.39285714285714285,95.0,1.073355962975849,2478.2727272727275,90.79810561397568,17.69727272727273,1.5732507652633418,-10.423636363636364,2.15698873961664,6.672727272727275,R
664074,SL,25,0.22321428571428573,88.47200000000001,1.069470273858356,2334.32,76.3428232819999,6.105600000000001,2.2211672606987523,1.2816,1.7145448375589363,6.627999999999999,R
664076,FC,15,0.0104675505931612,90.72000000000001,1.3805795884337848,2569.0,87.36295390087102,5.16,1.9264178451949918,-3.504,1.8463740528010955,6.1000000000000005,L
664076,FF,189,0.13189113747383113,96.84708994708994,1.015913014241271,2364.8518518518517,86.69467859727216,15.817142857142857,1.5778959481221517,7.932063492063493,1.8427080200105348,6.071957671957671,L
664076,SI,479,0.3342637822749477,95.95052192066807,1.0409978411464729,2403.164210526316,91.19575078443633,9.076158663883088,2.047039771021924,16.521419624217117,2.1344830906177057,6.018789144050104,L
664076,SL,576,0.4019539427773901,87.19479166666666,1.4650385808838826,2625.0262237762236,95.50386800139717,0.4010416666666667,2.6132923678762006,-5.942916666666666,1.6434051076426917,6.019270833333334,L
664076,ST,174,0.12142358688066993,80.80977011494252,0.9720171232482724,2800.3294797687863,83.41024348911728,-0.5089655172413793,2.7243466775748852,-17.565517241379307,2.5044269514586257,5.99655172413793,L
664123,CH,19,0.12179487179487179,82.0,0.6708203932499363,1958.6315789473683,96.34844779140381,-7.477894736842105,2.0669020805365492,-14.722105263157896,1.687152693305,5.86842105263158,R
664123,SI,74,0.47435897435897434,89.18108108108109,0.5656068811645887,2212.824324324324,59.69772215385714,-3.7589189189189183,1.641168617690445,-17.459999999999997,1.436330942137802,5.878378378378377,R
664123,ST,52,0.3333333333333333,78.78846153846153,0.6853234090283884,2517.576923076923,71.3171173121815,2.536153846153846,3.141826715960346,8.240769230769232,4.484874731524401,5.661538461538462,R
664126,CH,63,0.03915475450590429,94.14761904761905,1.0002994943220824,1972.7166666666667,213.8764170062058,8.592380952380951,2.393947822137151,-11.251428571428573,3.176050934599523,6.330158730158731,R
664126,FC,190,0.11808576755748912,89.67578947368422,1.3126745418414507,2482.5263157894738,86.2013567584043,2.932421052631579,3.7016623509446402,5.392421052631579,3.0019833711066757,6.177894736842105,R
664126,FF,822,0.5108763206960846,97.29598540145986,0.7989005476581542,2418.5791411042946,91.70972691893923,17.52802919708029,1.6218507222569367,-0.8416058394160584,2.1941548638913546,6.400729927007299,R
664126,SL,534,0.3318831572405221,84.74157303370787,1.5363861246198378,2529.0264650283552,101.70571433591523,-6.1379775280898885,2.825755644751822,5.576404494382023,2.4014687096976846,6.27565543071161,R
664129,FC,28,0.08433734939759036,91.06071428571428,1.381716400583062,2443.1428571428573,99.98322610640997,10.624285714285715,2.096977416596155,0.4371428571428572,1.694292941444475,6.157142857142857,R
664129,FF,104,0.3132530120481928,94.7298076923077,1.0750371235578944,2327.5865384615386,95.77224303248951,14.524615384615384,2.2103467737763545,-6.1049999999999995,2.331909089137053,6.3076923076923075,R
664129,SI,41,0.12349397590361445,93.70487804878047,0.8452665909380872,2321.0731707317073,97.41005857813207,8.414634146341463,2.0203515752969525,-14.555121951219512,2.193940657756289,6.251219512195123,R
664129,SL,159,0.4789156626506024,84.65094339622641,1.2418783203673862,2469.9622641509436,96.63102777585671,1.5562264150943397,2.4180996511920876,1.9954716981132075,2.8959858071268254,6.201886792452831,R
664139,FC,59,0.1378504672897196,90.64067796610172,0.9428713745728496,2330.728813559322,77.32462482120752,10.004745762711863,2.029494039148337,4.8386440677966105,1.7615818299306418,6.994915254237288,R
664139,FF,223,0.5210280373831776,94.10179372197308,0.882153595620805,2128.6995515695066,94.50684874260418,17.02224215246637,1.4540333449151281,-5.407533632286996,2.2964572631994726,7.067713004484305,R
664139,SL,57,0.13317757009345793,87.31929824561404,1.4332080145717094,2331.561403508772,98.77590393408197,1.1494736842105262,2.3382353091385513,6.149473684210526,1.4180978470329186,6.952631578947369,R
664139,ST,75,0.17523364485981308,83.77866666666667,1.6059259628632314,2654.8,86.75485810838148,-0.47200000000000025,2.7127327400462655,15.675200000000002,2.441859814025234,6.877333333333333,R
664141,CH,164,0.13183279742765272,88.3280487804878,0.9140719105894054,1980.2345679012346,138.90072164915793,5.161463414634146,2.319584859171722,-15.832682926829268,2.272206056920343,5.754320987654321,R
664141,CU,107,0.0860128617363344,81.89065420560745,1.1400540131428378,2732.0,87.57875367483882,-6.7401869158878505,2.3580572357338996,10.923364485981306,3.8560440046628965,5.541509433962264,R
664141,FF,47,0.03778135048231511,93.1744680851064,0.7417570459817993,2112.851063829787,88.51258292356056,13.820425531914893,2.0727779694502493,-7.99659574468085,2.689856369687184,5.638297872340425,R
664141,SI,610,0.4903536977491961,93.58770491803278,0.9818197866246274,2236.8252911813643,81.10843210967694,9.234491803278688,1.7958290904939687,-15.407016393442621,2.110630988320918,5.699334442595674,R
664141,SL,316,0.2540192926045016,86.88607594936708,1.1248121313007424,2583.4426751592355,104.13804840253647,2.144050632911392,2.2139548863285383,0.19253164556962024,1.5289593667024395,5.680254777070063,R
664192,CU,210,0.2638190954773869,77.76095238095239,1.7511442732294102,2157.595238095238,145.0157984338175,-4.409714285714285,2.5852472352289744,-5.4159999999999995,2.707517657565451,5.915238095238097,L
664192,FF,195,0.2449748743718593,92.59282051282051,1.1648856160783025,2277.9179487179485,81.27878355120951,14.270153846153848,2.3201567394891636,6.241846153846153,2.440406565106208,6.119487179487178,L
664192,SI,382,0.4798994974874372,92.2871727748691,1.1723265185661744,2264.005235602094,85.529844517719,10.283560209424085,2.514863718496895,14.53476439790576,2.558374611546827,6.136387434554973,L
664199,CH,352,0.22636655948553056,89.75937499999999,0.7688542971197014,1728.9857954545455,163.00683334720654,1.3356818181818182,2.438444133091794,-14.67681818181818,1.8009554573727136,6.231818181818183,R
664199,FC,129,0.08295819935691319,94.11627906976744,0.9053478870089814,2224.3255813953488,119.77473405774964,11.856744186046512,2.6124590794614306,-3.4093023255813955,2.285746659342998,6.1434108527131785,R
664199,FF,209,0.13440514469453377,94.82105263157894,0.6696991589980927,2326.9808612440193,95.96057692747941,16.93952153110048,1.328846289935208,-6.643636363636364,1.9276356037848599,6.222488038277512,R
664199,SI,298,0.19163987138263666,94.8765100671141,0.6890572549300331,2248.731543624161,144.84140314710663,10.326040268456376,2.039277887244231,-13.84268456375839,1.769126410708776,6.2050335570469795,R
664199,SL,565,0.3633440514469453,87.80389380530973,1.0454150433278486,2271.1610619469025,100.69563316190708,3.272070796460177,1.9701343139078438,4.758796460176992,1.700343301586435,6.160530973451328,R
664208,CU,564,0.3483631871525633,75.78794326241135,1.099635022758013,3161.595744680851,88.89371215115752,-9.281063829787234,2.286396313522758,18.601063829787233,2.0594659336768255,6.9877659574468085,R
664208,FC,591,0.3650401482396541,90.19560067681896,1.1666615864165066,2580.3756345177667,71.74881572443839,12.071675126903553,2.7080091635501913,1.3143147208121828,2.2148993539753805,7.08595600676819,R
664208,SI,231,0.14268066707844348,89.85021645021645,1.2003214952986723,2320.160173160173,108.10407774139563,6.191688311688311,1.9171863912905667,-14.012467532467532,2.5612871199648426,6.9670995670995675,R
664208,ST,226,0.13959234095120446,83.41504424778759,1.2581977402574636,2699.1106194690265,94.88215461562538,6.306902654867256,3.349600594338513,12.350442477876108,3.6412794794944827,6.903097345132743,R
664238,EP,15,0.75,38.52666666666667,2.2448247359734115,951.9333333333333,65.52476812698568,21.688,2.761664094604659,-0.536,1.8310839880869942,4.046666666666667,R
664285,CH,899,0.18682460515378221,89.49555061179088,1.6047334639982067,1678.508342602892,110.69996311903225,1.3075862068965518,2.9329524529713793,14.369032258064516,2.317170212337647,5.885507246376812,L
664285,CU,1488,0.3092269326683292,79.12674731182796,1.3601286226681804,2914.5880376344085,112.62334482233695,-14.690645161290323,1.5781202758366784,-13.029435483870968,1.8819638624838126,5.821212121212121,L
664285,FF,43,0.008935993349958437,95.09302325581397,0.9592644376557763,2196.6511627906975,67.63448110490691,13.467906976744183,1.6224504661006345,6.507906976744185,1.610998741005589,5.741860465116279,L
664285,SI,2203,0.45781379883624274,94.09123921924648,1.410937700213406,2186.693599636859,91.32133825651285,5.913554244212438,2.5260207755165878,15.476731729459827,2.7389749659253066,5.837005006827493,L
664285,SL,179,0.03719866999168745,85.07877094972068,1.799499508460364,2486.0670391061453,142.82332126962748,-1.4011173184357544,3.4698170276341926,-3.2513966480446927,1.7758693880349106,5.867597765363129,L
664294,FF,121,0.4245614035087719,94.55619834710745,1.0222436567002564,2313.608695652174,56.782703020539984,17.01719008264463,1.696724895762665,-10.223801652892561,1.5888576903960212,6.5611570247933875,R
664294,SL,162,0.5684210526315789,83.52037037037037,1.1888268077158928,1989.090322580645,101.56933322215897,1.597777777777778,1.921232782285038,-2.7,1.6102050330461661,6.409876543209877,R
664299,CH,185,0.1733833177132146,84.28486486486487,1.5407818837074203,2291.9675675675676,117.71760159393912,7.184432432432433,2.7238782747149624,-13.26291891891892,1.9771153006004456,6.105945945945946,R
664299,FF,475,0.4451733833177132,92.73915789473685,1.1386123606952663,2268.9135021097045,117.37375885445917,17.8272,1.6232834984856144,-5.1190736842105276,2.220111180751256,6.051368421052631,R
664299,KC,87,0.08153701968134958,76.43448275862067,1.3081877742152515,3011.9310344827586,85.33406216275229,-11.664827586206894,2.419119512160132,11.633103448275861,2.4274262905700685,5.822988505747126,R
664299,SI,81,0.07591377694470477,92.57654320987655,1.259788832001049,2241.9506172839506,74.82728466852313,13.576296296296297,2.451846469726665,-13.98074074074074,1.9287105652337897,6.017283950617284,R
664299,ST,239,0.22399250234301782,79.15146443514647,1.5262093805601047,2627.6987447698743,102.33825749932237,0.9605020920502092,2.8348882417977257,15.467447698744769,3.115326670689645,5.9167364016736395,R
664351,CH,39,0.1517509727626459,83.61538461538463,1.0222623160984563,1552.2820512820513,98.4693242957443,8.163076923076924,1.8868494401293918,-11.344615384615386,2.892321819243646,6.882051282051283,R
664351,FF,134,0.5214007782101168,91.08731343283583,1.2961725983759287,2532.1641791044776,92.22359181720763,19.032537313432837,1.3705049212603153,-0.12447761194029856,2.342856866410641,7.016417910447761,R
664351,SL,50,0.19455252918287938,85.376,1.355195595491962,2386.62,73.40407873892434,6.8064,2.1606856054767167,5.443199999999999,1.829675381044408,6.93,R
664351,ST,31,0.12062256809338522,78.98064516129033,1.4849061372892027,2468.032258064516,91.85658527326451,2.6941935483870965,2.286902962805882,16.42064516129032,2.805040624166753,6.777419354838709,R
664353,CH,82,0.30036630036630035,84.03292682926828,1.3503593374576106,2028.2682926829268,112.37910363075312,9.348292682926829,1.96652969069634,-16.737073170731705,2.2093317730637096,5.851219512195122,R
664353,CU,50,0.18315018315018314,79.242,1.6843929446054842,2748.2,104.69820574257368,-11.892000000000001,2.573285044134704,9.374400000000001,2.7974537693832824,5.6419999999999995,R
664353,FF,80,0.29304029304029305,92.56875,1.1623409105787617,2305.4875,70.24928374786897,18.7395,1.7977650682184059,-9.087,2.014235665570366,5.782500000000001,R
664353,SI,33,0.12087912087912088,92.4090909090909,1.1361567993579367,2202.090909090909,82.21517638047568,14.003636363636364,1.899614793487449,-13.989090909090908,2.532829894155404,5.887878787878789,R
664353,ST,19,0.0695970695970696,81.57894736842105,1.1650364550178096,2605.1052631578946,83.02669901024616,2.9810526315789474,2.674999262174025,10.269473684210524,2.451877905434505,5.8842105263157904,R
664702,EP,27,0.9,42.922222222222224,2.1756225162774294,1063.7777777777778,51.453738245993165,17.813333333333336,2.1552083604429244,-3.3911111111111114,2.507351243126949,3.8222222222222224,R
664744,FF,38,0.4935064935064935,93.36052631578947,1.3694622092383602,2222.5526315789475,88.20360272363122,18.404210526315794,1.6295325669998835,-5.463157894736843,1.7529498000292179,6.1315789473684195,R
664744,SL,25,0.3246753246753247,82.544,1.1072036849649665,2396.56,84.5212399341136,-4.2288,2.4566513794187403,-0.7967999999999997,3.0874999595141692,6.316,R
664747,FF,224,0.5879265091863517,93.55535714285715,1.4291544294049412,2608.34375,101.48901575789729,15.227142857142857,1.515709917329616,-10.89,2.0968958479880246,7.643749999999999,R
664747,SL,157,0.4120734908136483,87.49617834394905,1.3272240816310343,2616.5732484076434,125.94434077032805,5.194394904458599,1.7742283760075193,2.8608917197452226,1.5892238775805076,7.582802547770702,R
664849,SI,153,0.53125,93.15620915032679,0.9187255235092252,2350.3071895424837,69.94201367502785,2.4847058823529413,2.1651203500108163,18.191372549019608,2.0777515234476076,6.3202614379084965,L
664849,ST,126,0.4375,82.62857142857142,1.1024958697687461,2775.277777777778,111.14578814432072,0.3523809523809524,2.0646554883840276,-18.455238095238098,2.839650038800053,6.165079365079366,L
664854,CU,74,0.055639097744360905,80.80540540540541,1.9113139632911584,2513.837837837838,115.16813522239336,-11.714594594594594,2.932918126628261,3.016216216216216,2.1017088303103892,6.577027027027027,R
664854,FC,16,0.012030075187969926,93.65625,1.2489829195522784,2430.0,90.8060203584175,11.265,1.620592484247659,4.515,1.5937126466210902,6.71875,R
664854,FF,604,0.45413533834586467,99.13211920529803,1.5453438799049117,2546.5397350993376,95.5383111606658,18.13132450331126,1.8374389760502818,-2.139933774834437,2.1159133290782024,6.578631051752922,R
664854,FS,35,0.02631578947368421,90.05142857142856,1.2192985998639758,1447.6285714285714,179.64230566098087,8.976,3.2080516352012864,-12.342857142857142,3.0742082399409787,6.75142857142857,R
664854,SL,601,0.4518796992481203,88.64392678868552,1.7774983979264711,2404.0299500831948,89.43179394468262,0.5153410981697172,2.8045314983299425,3.9056905158069877,2.078893350814298,6.595507487520799,R
664875,FF,134,0.13124387855044076,95.48283582089553,1.0895626576166373,2495.731343283582,80.81810674986856,10.983582089552238,1.9436897718774113,-12.21223880597015,2.7806516361260165,6.584328358208955,R
664875,SI,423,0.41429970617042117,95.3562647754137,1.143952674369463,2402.0402843601896,109.40613082090786,0.7977304964539007,2.549565998415474,-16.626382978723406,2.244132088198698,6.517021276595744,R
664875,ST,464,0.4544564152791381,82.40237068965517,1.2123797994271985,2979.88120950324,90.95522977620452,2.6630172413793107,3.1203086516842413,16.931379310344827,3.500596653013199,6.42521551724138,R
664918,CU,16,0.2318840579710145,77.25,0.8648699324175868,2434.3125,51.4972086622178,-11.805,2.969888886810413,5.977500000000001,2.1382095313602925,6.4375,R
664918,FF,32,0.463768115942029,93.86875,0.9690159624505024,2299.65625,84.2230561395386,18.3075,1.2596543304645385,-5.54625,2.069891301493873,6.359375,R
664948,CH,25,0.176056338028169,86.41999999999999,1.2662279942148387,1883.32,160.98905759916315,7.728000000000001,2.646129248543994,13.08,3.225151159248199,6.044,L
664948,CU,20,0.14084507042253522,78.205,1.1445408180622159,2890.35,53.174266629441604,-14.285999999999998,1.8079718209261886,-6.156,2.4534366873729123,5.8950000000000005,L
664948,FC,81,0.5704225352112676,87.48641975308641,1.2502752783307114,2403.8271604938273,93.69722382806451,4.371851851851851,2.7556882584533717,-4.207407407407407,1.8936959746602526,5.998765432098765,L
664954,EP,42,0.5454545454545454,55.16904761904762,2.8027415233049244,1353.7142857142858,71.09090220489975,16.008571428571425,2.9672230356941505,1.2942857142857143,7.70198996866082,3.7190476190476187,R
664954,FA,35,0.45454545454545453,68.11714285714284,3.3024487985776383,1734.3428571428572,82.80947049318299,13.728,2.225516199208888,-11.245714285714286,2.0966335561818052,4.1971428571428575,R
664991,CU,152,0.1470019342359768,84.77960526315789,1.080552888635109,2434.4473684210525,89.79223918688348,-7.181842105263159,2.612028574291903,-2.3376315789473687,2.236694503157085,6.1947368421052635,L
664991,FF,185,0.17891682785299806,95.36864864864866,1.051495214284841,2335.7027027027025,97.91835132019122,14.233297297297296,1.9031319847428743,4.537945945945946,2.417249177064458,6.1778378378378385,L
664991,SI,421,0.4071566731141199,95.89762470308789,1.0036571515535049,2257.4465558194775,76.00980587595164,12.48997624703088,1.9485738984010053,14.343847980997625,1.8771177033082649,6.24750593824228,L
664991,SL,183,0.1769825918762089,86.84207650273223,1.0903825594640195,2347.245901639344,110.83285937224409,1.6911475409836068,1.7809413164440726,-2.3862295081967217,1.6509399559782183,6.262295081967213,L
664991,ST,83,0.08027079303675048,85.83132530120481,1.2170463757365642,2509.759036144578,83.53275834146041,-3.137349397590361,2.6374133134927216,-8.094939759036142,3.1311415254543085,6.186746987951807,L
665019,EP,18,0.9,59.75,6.416178998529925,1387.4444444444443,141.6205461257911,19.15333333333333,1.5445235320889317,-2.0466666666666664,7.0066355104622495,4.277777777777779,R
665152,CU,418,0.13042121684867394,78.06459330143541,1.429155123341664,2773.4617224880385,90.19725103830852,-11.738181818181816,3.0677089062180802,6.514162679425837,2.475148110742997,6.003827751196173,R
665152,FC,603,0.18814352574102963,86.89535655058043,1.1307297781221946,2399.6733001658376,70.95689862172954,5.850945273631841,2.0686823775998278,4.847562189054727,1.7621690407758712,5.994029850746268,R
665152,FF,836,0.2608424336973479,93.27846889952151,1.0429187739663535,2282.543062200957,93.38362990933065,18.1322009569378,1.3752781973284487,-7.313397129186603,2.0060312509589884,6.113277511961722,R
665152,FS,729,0.22745709828393135,81.9912208504801,1.1914437482646616,1156.2455418381344,159.49340752511097,9.797695473251029,2.473840978590955,-10.593744855967078,2.614156797990976,6.158984910836764,R
665152,SI,607,0.18939157566302653,92.69291598023064,1.3120409231491745,2154.304777594728,99.79725830861187,12.256803953871497,1.8762661290219558,-14.669060955518944,1.7938601576642452,6.187149917627677,R
665622,CH,100,0.12531328320802004,89.65000000000002,1.3945420304700298,1535.32,164.44660058646528,2.2044,2.9374400728896894,-10.1532,2.583297118025722,6.206999999999999,R
665622,CU,90,0.11278195488721804,80.52222222222223,1.5669176625778325,2570.2444444444445,86.40098718629632,-11.917333333333334,2.941074022273901,7.9426666666666685,2.489211237374133,5.993333333333333,R
665622,FF,236,0.2957393483709273,97.35,1.6413927661489063,2387.487288135593,176.93293550808482,15.426610169491523,1.6748178537172882,-7.001694915254237,2.1457331455843107,6.161016949152543,R
665622,SI,248,0.3107769423558897,97.14999999999999,1.5026023310184853,2406.5967741935483,213.10929014054716,11.199193548387097,1.922769425069605,-14.855806451612903,2.156919792372317,6.161290322580645,R
665622,SL,124,0.15538847117794485,86.79112903225808,1.6601994246345158,2498.032258064516,140.93785377163226,1.6674193548387095,3.099173210219045,8.385483870967741,3.9011170705468095,6.12741935483871,R
665625,SI,102,0.5,95.07745098039216,0.8939739804777922,1886.8823529411766,90.4785182225891,3.3458823529411768,2.1527465086666817,-16.30470588235294,1.9452061948187123,7.114705882352941,R
665625,SL,101,0.4950980392156863,87.88613861386139,1.478176559343998,2614.980198019802,96.69053523463606,-2.7813861386138616,2.412172891690382,3.8245544554455444,2.0672530201949035,6.978217821782179,R
665645,FC,45,0.39823008849557523,92.20666666666665,1.467589241517592,2323.6046511627906,83.20403479653517,10.008000000000001,2.576941104205809,5.239999999999999,2.4555391927787933,6.628888888888888,R
665645,FF,44,0.3893805309734513,94.17727272727274,0.9444731855953711,2352.7906976744184,70.80373885054338,17.064545454545456,2.2739817087741323,-0.48272727272727267,1.8715077414255183,6.636363636363635,R
665660,CH,31,0.024294670846394983,89.47419354838709,1.5716165227636336,1916.6774193548388,91.09789133921602,4.614193548387097,2.0612630014848476,-15.92516129032258,1.186400356731071,6.067741935483871,R
665660,FF,638,0.5,98.78432601880877,1.1858951670506324,2448.266457680251,117.87243125744287,14.024388714733544,1.6422229600597729,-13.593855799373042,1.9093102121546148,5.871159874608151,R
665660,FS,19,0.014890282131661442,87.32105263157894,1.4136552099545268,940.8421052631579,173.131056061873,1.528421052631579,2.0367983131427256,-4.294736842105263,4.957027972060423,6.0210526315789465,R
665660,SI,211,0.16536050156739812,98.05355450236965,1.2305338255508749,2473.037914691943,87.88037585486698,9.246255924170617,2.1085365520506834,-17.038862559241704,1.660746428587972,5.889573459715639,R
665660,SL,377,0.29545454545454547,88.60848806366049,1.4234480520570525,2178.8381962864723,133.03126262287313,4.2827586206896555,2.695874079148287,-0.7919363395225464,1.6084043619939752,5.955172413793103,R
665665,CH,33,0.29464285714285715,87.36969696969696,0.7260702654034459,2171.6363636363635,121.41298792288919,0.02545454545454549,2.2513511094855505,17.792727272727273,1.8740452114464727,6.493939393939394,L
665665,FF,25,0.22321428571428573,91.90799999999999,0.7140961653260258,2295.12,72.50248271611117,11.131200000000002,1.821959384838202,13.953600000000002,1.9010060494380336,6.316000000000002,L
665665,SI,31,0.2767857142857143,91.90322580645163,0.8006180408358454,2290.483870967742,82.62762692455107,3.201290322580645,2.082933415379192,17.94967741935484,1.9935353585543574,6.46774193548387,L
665665,SL,23,0.20535714285714285,82.93913043478261,1.149600377378149,2526.1304347826085,90.15658315489783,0.8347826086956524,2.3735299173961772,-5.953043478260869,1.9597273344260018,6.47391304347826,L
665795,CH,998,0.2763012181616833,93.69268537074149,1.4909612670037842,1743.5380761523047,132.645189479235,4.204088176352705,2.306295626930093,-17.29202404809619,2.0196816216873863,6.533166332665331,R
665795,CU,787,0.21788482834994463,84.25133418043202,1.5947377280481694,2581.8386277001273,116.44660728523448,-9.902973316391359,2.8399385011170177,9.520864040660737,3.284569718345495,6.386912325285896,R
665795,FF,528,0.1461794019933555,96.5964015151515,1.3366552913490592,2289.6761363636365,100.0114378593321,14.059772727272728,1.9153453881321842,-11.357272727272726,2.1609679084128643,6.427651515151515,R
665795,SI,753,0.2084717607973422,96.73731739707837,1.3088189927465401,2276.2988047808767,91.64528757809471,9.377529880478088,2.043038714334166,-16.86613545816733,1.9322000104965467,6.478884462151395,R
665795,SL,546,0.1511627906976744,88.6492673992674,1.4914094724806353,2503.5274725274726,110.07448760660684,2.678241758241758,2.1952990275460866,1.4490109890109892,2.465887809651379,6.456776556776557,R
665871,CH,98,0.061946902654867256,85.73265306122448,1.432305869986127,1442.4285714285713,176.92021616140406,2.4428571428571426,2.2754213385747346,-12.165306122448978,2.68640648492185,6.532653061224489,R
665871,CU,105,0.06637168141592921,77.36476190476189,1.3704982917776907,2443.4095238095238,107.82515184298778,-8.32,2.559939903140757,12.040000000000001,2.4418467160359154,6.428571428571429,R
665871,FC,273,0.17256637168141592,88.64102564102564,1.2863544487125131,2110.157509157509,99.70202345994883,7.334065934065935,3.0527097333721316,4.13010989010989,2.1026000157222158,6.504029304029304,R
665871,FF,267,0.16877370417193427,92.93483146067415,1.17589522354284,2115.3220973782772,102.86812310172517,16.340674157303372,1.6581404099144614,-5.22247191011236,2.1137996011701867,6.5194756554307105,R
665871,SI,638,0.40328697850821743,92.77382445141065,1.1369717058362305,1977.5078369905957,119.27907108444354,10.937680250783698,1.9098602966863736,-14.099059561128527,2.0889489578276503,6.539811912225705,R
665871,SL,54,0.03413400758533502,84.97962962962964,1.4027438919044815,2206.8703703703704,288.4256580777724,0.3955555555555555,2.20600438483516,5.593333333333334,1.8144202255037227,6.53148148148148,R
665871,ST,147,0.09292035398230089,81.02448979591836,1.2098110254750185,2415.374149659864,105.66911465956528,0.9714285714285713,2.85182565894921,14.320816326530611,3.0849185753789223,6.504761904761905,R
666120,CH,71,0.3497536945812808,88.1774647887324,0.8789924724362539,1501.0704225352113,127.52527188686527,9.714929577464789,2.738482829826678,-10.576901408450706,1.9076706750449772,6.939436619718309,R
666120,CU,28,0.13793103448275862,80.94285714285714,0.9971918242703014,2296.535714285714,113.45270907196176,-5.365714285714286,1.9964921618631395,2.155714285714286,2.3423024895134597,6.8999999999999995,R
666120,FF,104,0.5123152709359606,93.74807692307692,0.8393225156562454,1950.4711538461538,70.39775436769938,15.039230769230768,1.8914953720125869,-7.88076923076923,1.9225062992095432,6.949999999999999,R
666126,CH,22,0.2222222222222222,72.13636363636364,5.114176883409998,1733.590909090909,155.62735072721725,14.710909090909087,3.0361612810711036,11.863636363636363,3.3071964035944483,4.831818181818182,L
666126,FA,68,0.6868686868686869,72.62647058823529,6.30999249348038,1718.75,172.6561914550451,12.852352941176472,3.002337456371538,7.676470588235294,5.270179629526895,5.250000000000001,L
666129,CH,17,0.13178294573643412,84.26470588235294,1.1973622971299203,1605.764705882353,133.63734948161232,-0.4023529411764707,2.880918971031129,14.534117647058823,2.9939586228426935,6.523529411764706,L
666129,FF,28,0.21705426356589147,91.74285714285713,0.6443075935702416,2357.6428571428573,62.599381304311144,14.370000000000001,1.7905306476014318,4.902857142857143,2.357335057099133,6.721428571428571,L
666129,SI,37,0.2868217054263566,91.08378378378377,0.6576530297257884,2185.6486486486488,68.62831300086974,7.096216216216217,2.43000611722064,15.522162162162164,1.613992866456656,6.705405405405403,L
666129,SL,21,0.16279069767441862,86.9047619047619,1.0022355962927036,2417.5714285714284,90.8876072017365,0.5314285714285715,1.5033904539882037,-1.7885714285714287,1.3988648459171662,6.604761904761904,L
666129,ST,26,0.20155038759689922,83.46153846153847,0.8376523971562067,2483.230769230769,89.47102668118106,2.792307692307692,3.525722970050038,-10.176923076923078,2.9717426123145585,6.503846153846154,L
666142,CH,340,0.1821103374397429,84.27441176470589,1.1037979250968923,2064.4794117647057,108.08394061072184,11.679176470588235,1.7335677480005967,15.674823529411766,2.2538680546350363,6.227058823529411,L
666142,FC,88,0.04713444027852169,89.83409090909092,1.2083889116321311,2583.9886363636365,107.01170784783284,7.967727272727274,2.479346283545404,0.33681818181818185,2.1102200928162427,6.112500000000001,L
666142,FF,978,0.5238350294590252,95.11952965235173,1.5056893073663575,2556.688139059305,97.06083880901825,17.20441717791411,1.4768868603074625,13.194355828220859,1.8815853972477319,6.096110542476971,L
666142,KC,202,0.10819496518478842,79.76039603960396,1.5998805432969234,2452.5643564356437,158.82033504157488,-13.29920792079208,1.7493763967338152,-11.253267326732672,1.9546678963182713,6.020792079207922,L
666142,SL,258,0.13818960899839314,84.88333333333334,1.4096089549822948,2618.9767441860463,179.21944747154072,-1.7013953488372093,2.8136301777140615,-1.3781395348837209,1.546679519769526,6.075193798449613,L
666151,SL,17,0.5,85.05882352941177,0.8031646963181119,2192.529411764706,82.32566249889736,-7.277647058823529,2.5942424939945488,12.769411764705882,3.5443343355774064,6.523529411764706,R
666155,FF,30,0.4838709677419355,94.88666666666668,0.621307483059514,2085.1,56.4705293906049,11.295999999999996,1.3144334035674046,-14.44,1.125405673983601,6.2333333333333325,R
666155,SL,23,0.3709677419354839,88.95217391304348,0.864380790044313,1973.9565217391305,72.74205877361808,5.812173913043478,1.5405045115797709,1.7269565217391303,1.5004315584724548,6.156521739130436,R
666157,CH,818,0.21895074946466808,87.95892420537896,0.8670917169802357,1852.5476772616137,84.20786951559772,1.5063080684596575,2.4613752239561024,17.15955990220049,1.854955400218294,6.326161369193154,L
666157,CU,1024,0.2740899357601713,81.94580078125,1.1273468812109804,2585.642578125,115.63223794087783,-0.17988281250000004,2.5071056762498394,-8.488125,2.699254377332449,6.070507812500001,L
666157,FF,1012,0.2708779443254818,93.91857707509882,0.8775419490781237,2282.5499505440157,94.59885199886149,8.887351778656127,1.787442653383962,16.83616600790514,1.752196395899398,6.28201581027668,L
666157,SI,882,0.2360813704496788,93.72539682539683,0.9205628682772025,2308.6485260770974,72.89258686793566,5.4523809523809526,1.9370227690242834,18.675782312925172,1.6876358515809988,6.275056689342404,L
666159,CU,15,0.20833333333333334,79.7,1.09870053114707,2257.5333333333333,68.15828915805018,-12.056000000000001,1.2361969329936298,10.456,1.6320924343571093,6.373333333333334,R
666159,FF,31,0.4305555555555556,92.67096774193546,1.1457729700620154,2026.9032258064517,121.8445334127906,16.540645161290318,1.8293859361069236,-3.948387096774194,1.9476397626771977,6.66774193548387,R
666159,ST,18,0.25,80.79444444444444,1.9755780158556189,2278.6666666666665,46.24487252976396,6.313333333333333,2.1655375640187984,12.48,3.1990881053641447,6.455555555555555,R
666168,FF,57,0.2235294117647059,94.86842105263158,0.8152908978519877,2217.0701754385964,108.24638886242064,17.054736842105264,1.7944299783966,-7.486315789473684,3.0312730892074673,6.852631578947369,R
666168,SI,96,0.3764705882352941,94.97916666666667,0.8709240907965664,2191.0104166666665,105.70749062654643,11.719999999999999,1.9544798742753453,-15.895000000000001,1.6621229291418091,6.955208333333334,R
666168,SL,80,0.3137254901960784,84.90374999999999,1.2338520262919743,2187.55,73.391425015616,-1.863,1.8890841662937552,4.4985,2.0143278553554183,6.766249999999999,R
666171,CU,36,0.017937219730941704,83.40833333333333,2.2136427637977825,2741.8333333333335,89.69073849304938,-8.893333333333333,2.190222428365276,11.496666666666668,2.325970150895566,6.533333333333333,R
666171,FC,269,0.1340308918784255,90.94200743494424,1.6762112083117355,2393.059479553903,107.11280579557128,4.622899628252788,2.630325825604719,4.451598513011152,1.8806340355104096,6.394423791821561,R
666171,FF,630,0.31390134529147984,97.39603174603175,1.2143681938680484,2245.536507936508,108.67603773130162,15.918857142857142,1.5514866849104643,-3.988571428571429,2.3896291941782226,6.655714285714287,R
666171,SI,166,0.08271051320378675,96.06024096385542,1.0858807076661274,2009.644578313253,171.7341149659975,8.535903614457832,2.2545195207496875,-13.810120481927711,1.9381600108918695,6.725903614457831,R
666171,SL,283,0.1410064773293473,88.15265017667843,1.748236712845271,2517.3180212014136,133.0335554387171,-0.8370318021201413,2.72018297433806,6.52452296819788,1.9019637207470512,6.541342756183745,R
666171,ST,622,0.30991529646238164,84.5805466237942,1.6702640471960513,2679.7636655948554,131.71383768759313,4.1070096463022505,3.3627128066780627,14.97009646302251,3.099428183253109,6.530707395498392,R
666200,CH,972,0.18353474320241692,87.12047325102881,1.4709275264815738,1820.780638516993,163.23006430430564,5.08925925925926,3.4521808905081386,16.124814814814815,2.1323928689975165,5.7407407407407405,L
666200,FF,1567,0.29588368580060426,96.68889597957882,1.1900038072759296,2243.316730523627,79.55303614675127,14.072776005105297,1.5878593959442695,12.018761965539248,1.9980972427415944,5.791123882503194,L
666200,SI,741,0.13991691842900303,95.8379217273954,1.4050124552012078,2238.379918588874,94.25806982229054,7.329878542510122,2.651811336352291,17.4034008097166,1.7450108920745462,5.772998643147897,L
666200,SL,225,0.04248489425981873,86.4271111111111,1.4549555439671116,2383.88,86.40280873410804,1.2314666666666665,2.650735423559712,0.33066666666666666,1.7550742760025044,5.733333333333333,L
666200,ST,1791,0.3381797583081571,86.20357342266891,1.6094617459836909,2346.752658086178,140.00346475250768,-0.5088107202680068,3.8402396170899458,-8.48361809045226,3.1049551814228527,5.66217123670957,L
666201,CH,102,0.4146341463414634,84.23039215686275,1.7382014840477493,1904.7450980392157,164.98896970478881,9.048235294117646,2.957726385220767,-14.476470588235296,2.30458589182303,7.019607843137255,R
666201,FF,42,0.17073170731707318,89.39999999999999,2.2237081752740147,2270.9761904761904,66.5657526005671,17.72,1.098433474344703,-4.988571428571428,2.386225278581084,6.919047619047619,R
666201,SI,70,0.2845528455284553,88.01714285714289,1.794352770041063,2097.342857142857,109.78699874378432,13.397142857142859,2.0823768073290343,-12.684,2.3876508374842267,7.024285714285713,R
666201,SL,32,0.13008130081300814,77.371875,1.6196842334631272,2152.0,74.09584029071468,-0.7987500000000001,4.364566822536585,11.07375,3.1565944797641365,6.940625,R
666214,CH,63,0.03436988543371522,86.04444444444445,0.9540706976201225,1925.3968253968253,86.21345222526503,9.163809523809524,1.9621543694585433,13.651428571428571,1.7881824049475645,7.173015873015874,L
666214,CU,327,0.1783960720130933,79.2737003058104,1.5073783997288908,2537.2966360856267,88.78629865660673,-7.253577981651376,2.3905286743368275,-5.632293577981652,2.264620243233493,7.129969418960244,L
666214,FC,174,0.09492635024549918,86.8896551724138,1.4835151571342569,2450.6609195402298,82.50160251562795,6.398620689655173,2.058905468476971,-1.9786206896551726,3.1615219765001106,6.977586206896551,L
666214,FF,807,0.4402618657937807,93.43952912019826,1.219460189053723,2316.1363073110283,81.49028322928335,17.97323420074349,1.4506667666665367,5.065724907063197,1.9274664682594933,7.036926889714994,L
666214,SL,462,0.2520458265139116,84.90627705627705,1.4237616277070442,2521.9805194805194,86.8871512942693,2.0264935064935066,2.152932379262235,-4.546493506493507,1.241681491884948,7.116883116883117,L
666215,CU,30,0.1171875,81.60666666666665,1.1431756534814068,2907.4,95.76537420462431,-16.14,1.3264731563370435,11.136,2.064654266791249,6.6099999999999985,R
666215,FC,68,0.265625,89.43088235294117,1.518174213052136,2647.985294117647,113.44319278592454,4.660588235294117,2.9307183584534258,5.675294117647059,1.8283803048242888,6.644117647058825,R
666215,FF,86,0.3359375,96.27790697674418,0.8040194851005427,2419.639534883721,108.91636432880345,16.73023255813954,1.537021548124191,-10.215348837209302,2.321769455887632,6.663953488372095,R
666215,SI,45,0.17578125,96.11777777777777,1.2651426238119778,2433.288888888889,101.54994790344267,12.533333333333333,2.375955310262303,-15.277333333333333,1.3696024638890327,6.673333333333332,R
666215,SV,24,0.09375,83.60416666666667,1.6535808749936995,2796.9166666666665,93.85739259604189,-7.3950000000000005,2.873430006107683,14.895000000000001,2.197162201370312,6.545833333333334,R
666277,CH,424,0.2855218855218855,89.1254716981132,1.7290214409905815,1604.375,164.84745706760188,-1.2543396226415093,3.035534551284725,-11.61,3.1779425968598254,6.6198113207547165,R
666277,FF,334,0.2249158249158249,96.29610778443114,1.0241600090236704,2198.314371257485,117.42420711876815,12.952455089820361,2.020240067519069,-8.305868263473053,2.1438684816652014,6.355255255255256,R
666277,SI,225,0.15151515151515152,95.61288888888889,1.1817674078892202,2183.3955555555553,92.28338041915946,5.914133333333334,3.033517712868299,-15.671466666666666,2.2058554544018256,6.373214285714286,R
666277,SL,307,0.20673400673400674,87.36644951140065,1.9033548211137483,2663.087947882736,147.0114777588263,1.4509446254071658,3.1298896522858,1.797654723127036,3.5008562497911098,6.3927868852459016,R
666277,ST,195,0.13131313131313133,85.34717948717949,1.3822250639501905,2820.702564102564,94.61263261913521,-0.9396923076923076,3.1526297168620285,8.454153846153845,3.37065637661258,6.329230769230768,R
666374,CH,164,0.1262509622786759,90.00975609756098,0.9532778138892084,1747.06875,141.89699168763235,-2.673658536585366,2.674990057751203,-12.910975609756095,3.4380200500334697,6.378048780487805,R
666374,FF,61,0.04695919938414165,96.05409836065574,0.9985946408981975,2197.0491803278687,210.43696017489484,13.335737704918035,2.230028743474243,-10.76655737704918,2.034478545185393,6.468852459016393,R
666374,SI,280,0.2155504234026174,96.6025,0.9547997031410721,2254.978494623656,102.03014561879189,7.93457142857143,2.0525467601896374,-17.221714285714285,1.5169058976430105,6.41892857142857,R
666374,SL,788,0.6066204772902233,86.23388324873096,1.1982119870963788,2927.026992287918,129.90616568543356,-0.6625888324873096,2.472589534748244,15.211675126903552,3.3956865883639087,6.419035532994924,R
666619,FF,18,0.06206896551724138,97.46666666666667,2.198930221186443,2430.0,61.14110968994304,10.813333333333333,1.9318263227258474,-4.213333333333334,4.06958301086892,6.538888888888889,R
666619,SI,114,0.3931034482758621,97.69122807017543,1.5967090825902917,2345.2894736842104,89.94046444650641,7.339999999999999,2.5716287322012845,-11.047368421052632,4.297234560960607,6.497368421052632,R
666619,SL,155,0.5344827586206896,89.16516129032259,2.049535694913752,2493.2,69.79984370912432,1.9966451612903224,2.377880557282148,6.411870967741935,2.217714626605674,6.483225806451612,R
666659,FF,55,0.2972972972972973,92.78181818181818,1.598041730912361,2232.890909090909,97.90805829342075,11.897454545454544,1.902478128731847,-6.093818181818182,3.2617125080007403,6.256363636363636,R
666659,SI,27,0.14594594594594595,93.12962962962962,0.9968468807714177,2198.8888888888887,65.07057312779324,6.431111111111109,1.8126507010735864,-14.52888888888889,1.9985635867433416,6.325925925925925,R
666659,SL,89,0.4810810810810811,86.85168539325844,1.3000972305903757,2246.123595505618,79.42718509666561,6.862921348314607,2.0136704401343555,2.5968539325842697,1.969330525091769,6.238202247191012,R
666661,CH,212,0.15797317436661698,92.29009433962264,0.9223635364798001,2216.693396226415,150.20512153179914,8.032075471698114,2.2386483383735416,-15.602264150943395,1.8206385437930213,6.2419811320754715,R
666661,FF,629,0.46870342771982115,98.79618441971382,0.8101769510729503,2234.3783783783783,87.19983954020498,16.341558028616852,1.5747516602980272,-5.162289348171701,2.0807310937017274,6.376788553259141,R
666661,SI,236,0.17585692995529062,98.79745762711865,0.8267302283921424,2196.5296610169494,77.32932592745937,12.817627118644069,1.9260828633623333,-13.696271186440677,2.034957387440376,6.377966101694916,R
666661,SL,265,0.19746646795827125,87.3588679245283,2.87615698747146,2628.788679245283,131.2639915491513,-3.8146415094339616,3.9647228450954746,7.061886792452831,2.451314626119302,6.42188679245283,R
666711,FF,176,0.35772357723577236,99.95113636363637,1.2115156333577084,2257.0170454545455,95.59811560795646,13.251136363636363,1.8743071447143536,-7.553181818181818,2.560658640921252,5.332386363636363,R
666711,SI,170,0.34552845528455284,99.56235294117646,1.2844059221758095,2322.2176470588233,84.2605478466939,8.839058823529411,1.9001087627103839,-14.565882352941179,2.1396705459600245,5.37235294117647,R
666711,SL,146,0.2967479674796748,92.04383561643836,1.5026400951493037,2635.7876712328766,102.65813429343244,1.6306849315068492,2.502686186544989,6.226849315068493,2.0811408520575863,5.546575342465753,R
666745,CH,23,0.2948717948717949,88.18260869565218,0.8488774265908444,1555.1304347826087,61.85783139059941,7.111304347826087,2.269415832619459,-15.18260869565217,1.569566290387554,6.391304347826088,R
666745,SI,17,0.21794871794871795,94.40588235294118,0.874978991344431,2008.7058823529412,89.68330718832404,9.494117647058822,1.5136671481188053,-16.341176470588234,1.1464831134437892,6.199999999999999,R
666745,ST,18,0.23076923076923078,82.63333333333333,1.2653760194456969,2220.222222222222,85.47827763655758,-1.7066666666666668,2.26511134643856,7.62,3.2990051976493833,6.455555555555556,R
666768,FC,18,0.5454545454545454,92.54444444444442,0.8759681851745018,2521.722222222222,84.02857046025935,8.653333333333334,1.0395474128337832,-0.3399999999999999,2.1479073262952806,6.444444444444445,R
666808,CH,21,0.011627906976744186,94.46666666666667,1.1315181542217214,1786.2380952380952,235.48840836905427,1.9314285714285715,3.3872972791213436,-13.788571428571428,3.4036249583558496,6.257142857142857,R
666808,FC,655,0.36267995570321154,98.33557251908397,1.451921199191817,2542.6290076335877,112.40565768226757,10.601587786259541,1.8914874285084045,-3.351206106870229,3.0345477994856602,6.375658914728683,R
666808,SI,411,0.22757475083056478,97.88248175182481,1.9017154442144473,2490.7761557177614,117.3712829622725,4.094306569343065,2.657391659619499,-8.964379562043796,3.5733441728348097,6.282926829268293,R
666808,SL,718,0.39756367663344405,88.95543175487465,1.3108781092202657,2636.8537604456824,109.44437870021022,-0.9650139275766019,2.543227270809915,7.086016713091922,2.6804440835570387,6.35572625698324,R
666974,CH,125,0.08261731658955718,91.83039999999998,0.7957775665874667,1849.592,73.75516340590845,1.9871999999999999,1.905818594758964,-17.854080000000003,1.8170536661877799,6.0368,R
666974,FC,28,0.018506278916060808,92.02499999999999,0.8583468175855604,2146.0,68.21425939776218,2.6142857142857143,3.5503775788472063,-6.351428571428571,2.2690799478034727,5.821428571428572,R
666974,FF,135,0.08922670191672175,94.86222222222223,0.8085242375996338,2193.0666666666666,89.73112406999965,7.37688888888889,2.0369861651017467,-13.42577777777778,2.0973527972706227,5.931111111111112,R
666974,FS,204,0.1348314606741573,90.94019607843137,0.8965461701750119,1523.9068627450981,121.49315759265329,-4.7688235294117645,2.1469099316037945,-13.135882352941177,3.389791499448942,5.885714285714287,R
666974,SI,733,0.48446794448116326,95.02414733969988,0.8536026129788419,2064.769440654843,83.6386649700089,-1.80343792633015,2.270906795250002,-16.50417462482947,1.992693355986958,5.954931506849316,R
666974,SL,20,0.013218770654329148,87.00000000000001,1.061280259626872,2384.15,70.56782851308826,0.984,3.488722281565951,4.565999999999999,3.319943563248914,5.86,R
666974,ST,268,0.17713152676801058,85.93805970149255,1.2655501550409824,2475.313432835821,82.17455777930257,0.2395522388059701,3.044913205326631,12.588805970149252,3.2028302195706435,5.76231343283582,R
667280,SL,17,0.6538461538461539,83.74705882352941,1.0747776787892127,2394.0588235294117,72.41155863209555,2.3011764705882354,1.8712091089484801,-1.072941176470588,2.0099868305099737,5.752941176470588,L
667297,CU,338,0.3197729422894986,84.76804733727812,0.9389919957480696,2903.98224852071,149.93749334128944,-14.772426035502958,1.9207273370822566,11.731242603550296,2.5401701373580363,5.984911242603551,R
667297,SI,301,0.2847682119205298,94.58239202657808,0.8801073376599471,2318.594684385382,128.92143022651456,9.194950166112958,2.3308289828960653,-15.663388704318939,2.31170596711721,6.220265780730897,R
667297,SL,415,0.3926206244087039,88.57325301204818,1.0282637545268998,2701.734939759036,168.51656581775111,-0.04163855421686739,2.7768736486102013,0.6798072289156627,1.269172183110865,6.101927710843374,R
667463,CH,264,0.1951219512195122,84.76325757575758,1.6783497218743693,1636.2613636363637,124.67342839877215,0.8922727272727273,3.0731335714789076,14.545,2.487773753971725,5.895075757575757,L
667463,CU,102,0.07538802660753881,79.34901960784315,1.2730057280979306,2885.901960784314,111.92788606636674,-12.131764705882352,2.6271972083974395,-10.407058823529411,2.5131821130071725,5.879411764705883,L
667463,FF,23,0.016999260901699925,91.92608695652174,1.9473098906637034,2127.9565217391305,111.19821706421767,10.627826086956523,1.9331908538657934,5.373913043478261,2.008621732637117,5.9,L
667463,SI,653,0.4826311899482631,92.29418070444103,1.5354991028662908,2224.2756508422663,106.14805020654363,2.563920367534456,2.1567743054598663,13.88416539050536,2.3673520289652203,6.013016845329248,L
667463,SL,234,0.1729490022172949,83.29102564102564,1.5419612307408888,2837.5128205128203,101.24767705783243,-1.4538461538461536,2.3763714707064882,-5.854871794871794,2.6362603945007166,5.966666666666667,L
667463,ST,77,0.056910569105691054,81.56753246753247,0.9868132600022156,2835.4155844155844,90.00531426552293,-1.3776623376623376,2.5849971475622544,-15.50025974025974,2.587033443330499,5.941558441558442,L
667755,FF,708,0.14594928880643165,97.52641242937852,1.2117039375224399,2201.671942446043,115.71523729602367,13.293050847457629,1.7390313396370214,-9.18271186440678,1.9940731109315488,6.687853107344632,R
667755,FS,638,0.13151927437641722,92.28965517241379,1.2344681668020505,1553.0522151898733,182.84406282528724,0.12752351097178685,2.6921780666914414,-12.244326018808776,3.360935631717223,6.760188087774295,R
667755,KC,1250,0.25767882910740053,85.24432,1.1607625223561646,2440.755216693419,155.5929462816474,-8.636351999999999,2.507087689539884,12.364512000000001,3.001575694060328,6.693040000000001,R
667755,SI,1963,0.4046588332302618,96.97738155883852,1.1480284347786693,1922.2821833161688,109.95804399510122,3.183209373408049,2.3564509870365584,-13.672969943963322,2.1895100417324986,6.662404482934284,R
667755,SL,282,0.05813234384662956,89.48794326241135,1.7061944992782199,2388.8156028368794,101.41220650183703,0.8770212765957447,2.8040717076948036,1.68468085106383,1.3550866622449986,6.742198581560283,R
668390,FC,307,0.24979658258746948,91.08241042345279,1.2274169384549116,2481.936454849498,97.87304803854929,8.035309446254072,2.2604687795403167,1.8551140065146579,2.508453857445637,6.812703583061889,R
668390,FF,353,0.2872253864930838,95.66742209631725,0.9849656115761801,2396.0526315789475,87.70289509647758,16.5814164305949,1.7006172774579116,-6.351161473087819,2.3079809799835886,6.923512747875354,R
668390,FS,164,0.13344182262001628,87.39512195121951,1.3228434181576596,1701.6687116564417,127.62720864050488,2.8734146341463416,2.5905549158064707,-14.751219512195126,1.94507677407352,6.902439024390244,R
668390,SI,148,0.12042310821806347,95.14932432432433,0.911714884244302,2355.4714285714285,85.56199677957808,8.619729729729729,1.976336177972217,-15.574864864864864,1.5969718310707033,6.895945945945945,R
668390,SL,250,0.20341741253051263,85.9044,1.0815078719586066,2653.3541666666665,104.98477466488434,-4.373279999999999,3.1239429765093227,2.46048,1.5115649785362681,6.854800000000001,R
668470,SL,20,0.5882352941176471,88.45500000000001,1.1245934938082247,2275.75,190.4700211250275,1.7520000000000002,1.5010228091818627,6.084,1.5996262721418137,6.45,R
668670,EP,32,0.463768115942029,52.63125,3.2440951320524576,1209.4375,93.88803816076582,18.255,3.691325489707964,2.4150000000000005,7.176396795589129,4.578125,R
668670,FA,31,0.4492753623188406,75.9516129032258,3.2687276798719846,1869.516129032258,107.32842772466883,15.240000000000004,2.119622607918683,-7.5522580645161295,2.1318016006458316,5.0129032258064505,R
668674,CH,273,0.15441176470588236,89.78095238095239,0.9573649351462683,1904.014652014652,110.36973192730727,6.5516483516483515,1.8374008158923185,-16.928791208791207,1.8592389543397039,6.538095238095239,R
668674,FF,534,0.3020361990950226,97.33483146067417,0.9451487021110372,2120.8670411985017,91.15030532702734,14.414831460674156,1.6209885888902207,-10.290337078651685,1.8842882210661098,6.535767790262173,R
668674,SI,439,0.24830316742081449,97.14305239179956,0.9790689708903291,1889.749430523918,83.77506354820632,10.486742596810934,1.9086685466070163,-14.839271070615036,1.5812922918289678,6.599772209567199,R
668674,SL,522,0.29524886877828055,84.73716475095786,1.093585383076921,2031.565134099617,116.70965899104239,-1.7988505747126438,1.7721449479635574,0.44850574712643676,2.3613453964934488,6.426628352490421,R
668678,CH,808,0.16452860924455304,86.40297029702971,1.4190039926690892,1527.3267326732673,89.39937087297422,4.173415841584158,2.361253571536098,-12.406633663366335,2.654734062240467,6.560891089108912,R
668678,FF,2076,0.42272449602932194,93.48651252408477,1.0849823385768982,2319.35838150289,82.62628119535809,17.0106936416185,1.7908435652663628,-4.045664739884393,2.2371600524049695,6.5667148362235075,R
668678,KC,1068,0.21747098350641417,81.21395131086142,1.2799228704606291,2438.3333333333335,79.38835613793931,-10.961123595505617,2.32474102954244,4.616067415730337,2.3169526173947044,6.459269662921348,R
668678,SI,173,0.03522704133577683,93.00115606936414,1.0212844420372076,2167.0867052023123,84.47869207820388,13.746589595375722,2.4376018617491133,-10.666127167630057,2.82603048215336,6.634104046242775,R
668678,SL,782,0.15923437181836694,88.67531969309464,1.2977443595074698,2357.5089514066494,97.43497412907814,5.369002557544758,3.5498214093677647,4.635652173913043,1.9028307026531333,6.566112531969309,R
668716,FC,103,0.2325056433408578,89.33203883495148,1.3067857282865958,2355.359223300971,118.44779228601115,4.866407766990291,2.0701391704513785,3.270291262135922,2.284992580032866,6.595145631067961,R
668716,SI,248,0.5598194130925508,94.52459677419354,1.143118753465258,2091.6370967741937,165.2301711808719,2.3840322580645164,2.933358031861225,-12.822096774193547,3.851047972243914,6.641129032258065,R
668716,ST,86,0.19413092550790068,82.21627906976745,0.9495336892844739,2600.9302325581393,145.90011012354626,2.151627906976744,2.7927847626528894,14.30651162790698,2.6459868691336896,6.647674418604649,R
668820,CU,71,0.1243432574430823,79.1338028169014,1.2289302737365686,2455.43661971831,106.43961834826706,-8.378028169014085,2.8180705758770026,12.11323943661972,2.6686667482620754,6.584507042253521,R
668820,FF,237,0.415061295971979,95.59915611814345,1.1587907037145995,2276.7130801687763,88.99796439900899,17.140759493670885,1.8050422119238265,-3.3969620253164554,2.6409533883427914,6.740928270042195,R
668820,SL,221,0.38704028021015763,89.87466063348414,1.4571424394520682,2178.8506787330316,99.55323090501953,7.979185520361991,2.686271032654802,3.148235294117647,2.565635675054488,6.68235294117647,R
668820,ST,42,0.07355516637478109,82.59285714285713,1.728723320996594,2236.4761904761904,98.05032010625179,6.279999999999999,3.121538082420267,12.142857142857142,3.0069855951331026,6.726190476190477,R
668831,CH,23,0.32857142857142857,81.38695652173914,1.370900284095384,1720.1739130434783,103.97143496430907,5.718260869565216,2.1330465881071548,-15.474782608695655,1.486291509291796,6.656521739130436,R
668831,FC,17,0.24285714285714285,87.2764705882353,1.252262658033802,2201.705882352941,58.42705356455427,6.832941176470589,1.3612667111273709,2.548235294117647,2.0734881097263305,6.564705882352941,R
668831,SI,18,0.2571428571428571,92.01666666666667,0.5586222547745594,1821.2777777777778,81.02490942736326,9.886666666666665,2.8079634654904986,-12.18,1.3101773566515158,6.683333333333334,R
668834,CU,94,0.29652996845425866,79.79148936170213,1.3314766299168168,2326.478723404255,96.44216370596558,-9.432765957446808,1.684438200754773,11.371914893617022,2.34091300844545,6.715957446808511,R
668834,FC,40,0.12618296529968454,87.5925,1.176127391495343,2389.725,73.36350923435633,8.484,1.6216686562825438,0.372,3.623696370367609,6.68,R
668834,FF,63,0.19873817034700317,92.8031746031746,0.5855706491543529,2495.1746031746034,88.28062653842807,15.836190476190476,1.275793780195394,-8.436190476190477,2.0317443868400917,6.707936507936508,R
668834,SI,97,0.305993690851735,93.33814432989692,0.8415565066897706,2364.144329896907,75.62338010533978,7.216082474226805,1.8971000658356993,-17.059793814432993,1.4356894245314131,6.719587628865979,R
668834,ST,19,0.05993690851735016,81.76842105263158,0.7203800166724861,2364.4210526315787,81.30417222414009,1.7621052631578946,4.029898784154053,13.49684210526316,1.8296965523507474,6.689473684210526,R
668873,FF,334,0.481962481962482,96.86377245508982,1.031910742215459,2381.129518072289,74.5202061189362,15.730778443113772,2.1234475322542368,-1.9749700598802398,2.034012550639242,6.643202416918429,R
668873,KC,169,0.24386724386724387,80.72603550295858,1.2820775638331785,2694.5119047619046,115.8529414777405,-14.837396449704144,1.7122591148584643,10.458461538461538,2.2658583993079278,6.485714285714287,R
668873,SI,90,0.12987012987012986,95.98999999999998,0.9445348418220104,2411.2045454545455,73.99179188570635,11.24,1.6612111460949543,-13.238666666666667,1.9857691459793598,6.638888888888889,R
668873,SL,100,0.1443001443001443,88.47399999999999,1.7953711526471559,2517.343434343434,152.60086404228608,0.20879999999999996,2.6855909117835775,4.906799999999999,1.539104344032003,6.5360000000000005,R
668881,FF,1170,0.5384261389783709,99.39777777777778,0.9499062230164751,2432.9871794871797,75.57514181010202,16.792102564102564,1.915175501295719,-8.713641025641024,2.1968327557512115,6.633846153846154,R
668881,FS,231,0.1063046479521399,88.20952380952382,1.2533763923707761,1300.2813852813854,136.5053066329006,5.215064935064935,3.998338988840009,-10.009870129870128,3.4957971636162433,6.722510822510823,R
668881,SL,758,0.34882650713299584,89.58891820580475,1.592563179516384,2415.0158311345645,75.24102890499402,3.441213720316622,2.2873169584467368,5.539472295514512,1.9860040630868219,6.4821899736147754,R
668909,CU,1134,0.21959721146398142,82.1920634920635,1.437589115063773,2451.171957671958,83.96452760586388,-13.464656084656085,1.8026251857629418,10.28042328042328,2.321977996316906,6.738271604938272,R
668909,FC,602,0.11657629744384199,91.85033222591362,1.4649339587227126,2265.8430717863107,81.06429638507869,6.835215946843853,1.8728297354133494,-2.0958139534883724,2.172056024365627,6.851162790697674,R
668909,FF,1690,0.32726568551510454,96.68035502958581,1.2905146019408409,2299.2031990521327,86.80442660487435,14.976710059171598,1.8560861608631365,-11.01955029585799,1.8967529604326228,6.949940828402368,R
668909,SI,576,0.11154144074360961,96.39670138888889,1.3890401644669659,2051.6111111111113,136.4706108759327,9.232916666666666,1.962890459633889,-15.462291666666667,1.768244806482455,7.026041666666667,R
668909,ST,1159,0.22443841982958945,86.87187230371009,1.5207213078955395,2271.3844155844154,101.88785301629834,-0.605176876617774,2.8571542992562473,10.110129421915444,2.479792577365861,6.849698015530631,R
668933,FC,849,0.5366624525916561,97.27008244994111,1.2300100159837746,2578.7149587750296,96.35062138146188,10.39053003533569,2.6002508635969934,1.9519434628975265,1.9923194780105333,5.421790341578327,R
668933,SL,733,0.4633375474083439,90.062482946794,1.4725253766991582,2930.4221311475408,128.10538027807698,-1.6040381991814463,2.9039451323797705,9.410422919508868,2.767163125076918,5.504365620736698,R
668941,CH,359,0.20444191343963553,87.23871866295264,1.045917589959131,1353.6657381615598,172.75233255690947,-0.16278551532033425,3.007835769804201,13.496155988857938,3.151500084097854,5.3838440111420605,L
668941,FF,80,0.04555808656036447,94.2475,1.095442226174469,2311.1125,72.01705032820134,12.7545,1.6484775484816592,10.575,1.8738155752705714,5.3875,L
668941,SI,650,0.3701594533029613,93.784,1.045950147150224,2183.5938461538462,76.0171578169356,1.8158769230769234,2.364047921135816,16.860553846153845,2.2750679905231195,5.3721538461538465,L
668941,ST,649,0.3695899772209567,82.99969183359013,1.3165142541689858,2828.0677966101694,105.34204295441788,-0.579291217257319,2.5391191464879377,-14.337503852080125,3.663980741043996,5.3026194144838215,L
668941,SV,16,0.009111617312072893,82.75,1.3870832707519747,2740.8125,76.70134179617285,-4.7250000000000005,2.4910238858750433,-3.6225,1.2940865504285253,5.34375,L
668964,FC,261,0.16022099447513813,87.4448275862069,1.677756649221008,2164.6666666666665,100.65229562898512,12.027586206896551,2.856172653765299,4.572413793103449,2.3807947762413812,6.703831417624521,R
668964,FF,753,0.4622467771639042,93.06547144754316,1.6972922183631551,2259.4820717131474,82.46311238495025,19.75808764940239,1.3230656525776678,-4.910438247011952,1.8702423168246418,6.722443559096946,R
668964,FS,311,0.19091467157765502,81.40707395498391,2.2464627660010628,1488.379421221865,145.1965434172215,9.550225080385852,2.2812169108475167,-9.159742765273311,2.5002441038382903,6.786495176848873,R
668964,SL,270,0.16574585635359115,83.32000000000001,2.0066543573912208,2113.8185185185184,98.34254880193137,1.5902222222222224,2.579581092375997,4.854222222222223,1.9098646156369194,6.6003703703703716,R
668970,FF,157,0.41424802110817943,94.34458598726115,1.1979359869278252,2702.0897435897436,92.07454005524785,11.827261146496815,2.2539539649773546,-10.551592356687898,2.3469173752169143,6.662420382165605,R
668970,SI,80,0.21108179419525067,95.09124999999999,0.9597195990812946,2614.8,93.0174068370192,2.9955000000000003,2.572682144712308,-18.489,1.6462182207653233,6.60125,R
668970,ST,130,0.34300791556728233,84.6,1.3994461806025629,2570.6769230769232,108.67020125877168,3.504,3.0011123519184033,12.66369230769231,3.6373316607119963,6.478461538461539,R
668984,CH,174,0.11153846153846154,87.4155172413793,1.3006181354967712,1546.8597560975609,128.4550904882044,0.9806896551724137,2.357393384199855,-15.293793103448275,2.196626547267481,6.818390804597701,R
668984,FF,724,0.4641025641025641,93.95662983425416,1.088032584835906,2406.2955523672886,128.6516900428432,13.731712707182318,1.7864527375394215,-14.352430939226519,2.125268161925129,6.75828729281768,R
668984,SI,330,0.21153846153846154,93.63484848484849,1.1389608157839823,2298.8496932515336,128.16541757215197,8.814545454545454,1.8515986535735671,-18.02109090909091,1.4855089364325802,6.795151515151516,R
668984,SL,82,0.052564102564102565,85.42926829268293,1.1604051873097256,2615.817073170732,90.7456257557192,4.789756097560976,1.7329436710227109,3.547317073170732,2.1208046742037943,6.73170731707317,R
668984,ST,250,0.16025641025641027,80.542,1.3135821222778084,2698.3388429752067,104.14851777472562,5.84784,3.9961550966681094,10.986720000000002,3.9279514830267503,6.7172,R
669020,CH,31,0.024879614767255216,87.68387096774194,1.17561240046583,1696.5806451612902,72.77443424424469,4.8270967741935475,1.9348698380828053,6.24774193548387,2.60852794972876,6.338709677419356,L
669020,CU,337,0.27046548956661315,79.59169139465875,0.9615475124844397,2657.635014836795,99.96026155107788,-12.145637982195847,2.509934124440172,-8.493649851632048,2.4320163657388707,6.459347181008901,L
669020,FF,571,0.4582664526484751,93.57005253940456,1.2833740470350758,2305.033274956217,107.17644386200247,13.146199649737301,2.698337387134325,1.5541155866900176,2.3494283845192427,6.587740805604204,L
669020,SI,31,0.024879614767255216,95.14193548387098,0.8628534806282331,2247.032258064516,89.52596787933199,10.04516129032258,2.3560360367472337,11.605161290322583,2.433406214846098,6.654838709677421,L
669020,SL,219,0.17576243980738362,86.09908675799086,1.3083356914146114,2527.018264840183,111.30093776529525,-1.9912328767123288,2.3697102047917125,-4.2843835616438355,1.3579784486082627,6.468949771689498,L
669020,ST,57,0.045746388443017656,85.29122807017544,0.9838482573464823,2590.0877192982457,116.49421823509317,-0.06105263157894736,2.764758891716113,-13.32842105263158,2.930789623898118,6.464912280701754,L
669022,CH,519,0.10600490196078431,86.35086705202313,0.972515257621266,2046.7683397683397,135.9449072104748,9.093641618497111,2.43540845017652,13.890404624277457,2.073241085942948,6.974324324324324,L
669022,CU,1106,0.22589869281045752,81.64077757685352,1.474664140390537,2316.6361990950227,83.97796549356615,-12.357830018083183,2.635023623245511,-4.066220614828209,2.9684306383091505,6.833092224231464,L
669022,FC,309,0.06311274509803921,90.08349514563106,0.9463289035241338,1941.8608414239482,68.64923586613322,7.754951456310679,1.5482744105077957,-1.0877669902912621,1.6826792944194269,6.831715210355987,L
669022,FF,2334,0.47671568627450983,95.33967437874894,0.9051470084775103,2253.46157148991,68.38793857129397,16.72287917737789,1.4980456838663885,6.640616966580977,2.2157968412013718,6.858636948135448,L
669022,SI,99,0.02022058823529412,95.22323232323231,0.9805067705568452,2120.838383838384,78.96585506881517,13.814545454545453,1.5967973512866518,13.539393939393937,1.603204583035158,6.915151515151514,L
669022,SL,529,0.10804738562091504,86.32514177693761,1.35093655390039,2093.453686200378,83.069716924454,2.3652930056710777,2.760379166555157,-2.1257466918714556,3.588222773262824,6.837429111531191,L
669060,CH,175,0.16355140186915887,85.89142857142858,1.0161261315756698,1672.1314285714286,155.25018698311536,4.321371428571428,2.086686410877279,-17.24914285714286,3.2804048770899406,6.4474285714285715,R
669060,CU,163,0.15233644859813084,80.7957055214724,1.5237765662518292,2441.6728395061727,86.67665551786652,-1.0829447852760734,3.3941636422343944,14.964662576687115,3.26279859467196,6.561728395061729,R
669060,FC,273,0.25514018691588786,88.0941391941392,1.0689993649757077,2094.6153846153848,117.94173248873122,8.647912087912088,2.2215830586229943,1.9085714285714284,2.0363053542625478,6.456410256410256,R
669060,FF,200,0.18691588785046728,92.83149999999999,1.0895841952749519,2185.876923076923,88.93519725098366,15.6426,1.4732295361998613,-7.7118,2.3281447657418677,6.457948717948717,R
669060,SI,259,0.24205607476635513,92.06254826254826,1.0134879487562254,2122.0,70.93478124771711,7.933899613899614,2.015399205833876,-16.549343629343632,2.268600111683968,6.453281853281854,R
669062,CH,163,0.14737793851717904,87.18957055214723,1.1334756717224812,1924.644171779141,105.05334805728175,2.2667484662576687,2.4033312486341147,16.919263803680984,1.822891326437955,6.707361963190184,L
669062,FF,240,0.21699819168173598,97.04791666666667,0.9796228424902063,2319.5416666666665,72.64775978235461,14.889,1.6170014089311597,10.102500000000001,1.9735812657583425,6.682500000000001,L
669062,SI,350,0.31645569620253167,96.94685714285714,1.0180766501070762,2333.8371428571427,78.69016746707764,8.799085714285715,1.5920429896470003,17.30434285714286,1.778340715029341,6.68,L
669062,SL,353,0.3191681735985534,86.08441926345608,1.1398817546692572,2580.8498583569403,76.2063034722216,-0.48101983002832865,2.9264365318888834,-4.446118980169972,3.499676439184817,6.605099150141644,L
669084,CH,213,0.17809364548494983,84.9300469483568,1.337075976748059,2085.7934272300467,101.81454910485586,7.988169014084507,2.7669591867446863,15.547042253521129,1.6226292381294727,6.87887323943662,L
669084,CU,148,0.12374581939799331,80.37432432432433,1.6391519966884827,2677.277027027027,107.39550028868885,-11.743783783783783,2.0866290901200544,-9.911351351351351,2.428517828161622,6.78581081081081,L
669084,FC,118,0.09866220735785954,92.17203389830512,1.0568365626758964,2342.906779661017,86.76325852897884,9.840000000000002,2.005592181875468,-0.15762711864406778,2.424830482388021,6.927966101694914,L
669084,FF,244,0.2040133779264214,94.3106557377049,0.9560125846795681,2208.5204918032787,103.79797760308071,15.595081967213114,1.6140051891042273,7.284590163934427,2.0734477152923345,6.91844262295082,L
669084,SI,262,0.21906354515050167,94.81641221374046,1.1584099081294807,2122.2519083969464,131.96094531450618,10.420763358778627,1.7476883992065755,15.545038167938932,1.702461312221345,6.986259541984733,L
669084,SL,149,0.1245819397993311,86.0718120805369,1.2106554253966166,2478.1543624161072,85.7367691181194,-0.7280536912751678,1.915315116918824,-6.777986577181209,1.5400135923697151,6.843624161073825,L
669084,ST,62,0.051839464882943144,84.13225806451614,1.6272046022417854,2642.8225806451615,89.38928020843392,0.7064516129032257,2.5213677635877816,-16.747741935483873,3.0822141388756097,6.896774193548388,L
669093,FF,930,0.5588942307692307,97.38967741935483,1.2729701769040773,2177.0408602150537,142.5782524451165,19.566580645161288,1.7324827181313847,-1.8668387096774197,2.3222569164529157,6.870215053763441,R
669093,FS,429,0.2578125,83.17435897435897,1.4198344222916204,1387.088578088578,112.13731396069392,9.0993006993007,2.952745036089929,-11.375384615384615,2.4785642048599885,7.129603729603728,R
669093,SL,305,0.18329326923076922,88.04098360655738,1.7885212438945055,2201.0163934426228,112.27241480037672,2.7399344262295084,2.22499231125854,4.735081967213114,2.0221323286183535,6.894098360655737,R
669145,CU,21,0.12883435582822086,79.66666666666667,1.5631165450257805,2403.2380952380954,125.24771645100152,-8.291428571428574,2.964001156737773,-8.891428571428571,2.0143939180663883,6.080952380952381,L
669145,FC,15,0.09202453987730061,85.96000000000001,0.6467501173449565,2415.4666666666667,84.85017608085667,6.080000000000001,3.5625672925975334,1.5680000000000003,2.355647317769425,6.1466666666666665,L
669145,FF,17,0.10429447852760736,90.11176470588235,0.6688444820557848,2415.294117647059,95.58161741797058,13.623529411764707,1.9525910387753709,6.2047058823529415,2.3360600314607147,6.088235294117648,L
669145,FS,30,0.18404907975460122,83.10333333333332,0.854393648002563,1601.5333333333333,121.13364899787439,2.6719999999999997,1.657065124726909,11.115999999999998,1.815377988568582,6.203333333333334,L
669145,SI,52,0.31901840490797545,89.65961538461536,0.8007985268111995,2321.1346153846152,76.25422620140252,6.618461538461539,2.6484767243221183,14.00076923076923,3.012137438049824,6.107692307692307,L
669145,SL,28,0.17177914110429449,82.95000000000002,1.0075639856531122,2376.214285714286,114.20817806316646,-2.7171428571428575,1.6340426059608233,0.13285714285714287,1.46836481778039,6.15,L
669160,CH,134,0.034271099744245526,90.34104477611939,1.2256170878787247,1607.2462686567164,270.78378125172105,3.414626865671642,3.5328049425321484,-15.647462686567163,2.593410587631825,6.752238805970149,R
669160,CU,116,0.029667519181585677,83.31293103448277,1.298998287806469,3113.1293103448274,87.35300997003245,-15.63103448275862,1.8135573398400053,9.756206896551724,2.3263599688456806,6.486206896551724,R
669160,FC,584,0.1493606138107417,92.60873287671232,1.5333376314951381,2475.5222602739727,109.06868900119713,8.28945205479452,2.5441983322426944,0.5342465753424658,2.2058633345220175,6.71541095890411,R
669160,FF,814,0.2081841432225064,96.22727272727273,1.3616765521001732,2334.6265356265358,89.0671931962073,14.000933660933661,1.9933619516115133,-10.484520884520887,2.058061807830939,6.721253071253072,R
669160,SI,1060,0.2710997442455243,95.14443396226416,1.3984671091283634,2397.4462264150943,82.84680980638332,5.557471698113208,2.3117239527588826,-18.1582641509434,1.7912050390754244,6.630188679245283,R
669160,ST,1201,0.3071611253196931,85.41090757701915,1.1009265456654562,3176.7485428809327,103.50712559992364,-2.742514571190674,2.387460995492039,16.759933388842633,1.8776616651816134,6.488509575353872,R
669165,CH,183,0.3446327683615819,88.51803278688526,0.8905810296360936,1341.9781420765028,125.11704218403183,3.3645901639344262,3.1172946712454452,-13.956721311475409,2.772454413845432,6.426775956284153,R
669165,FF,295,0.5555555555555556,96.42881355932204,1.025566186326659,2086.159322033898,107.76337001925165,16.72149152542373,1.7611693546267027,-8.73477966101695,1.6846432843493266,6.512881355932203,R
669165,SL,53,0.09981167608286252,87.87547169811319,1.1974180011073434,2168.9056603773583,111.44492674910421,1.428679245283019,1.6844880958730106,1.048301886792453,1.1935559924493515,6.41320754716981,R
669169,CH,18,0.21176470588235294,84.25,1.003083481365452,1356.611111111111,110.6090831760473,-1.7733333333333334,2.1746777989881085,-11.353333333333333,1.7809052555966494,6.311111111111111,R
669169,FF,33,0.38823529411764707,91.39090909090909,1.1130935597366802,2067.5757575757575,79.9054246840563,17.578181818181815,1.4828381877025867,-8.323636363636364,2.2698758476261127,6.3151515151515145,R
669169,SL,27,0.3176470588235294,83.4962962962963,1.3554679809178258,2010.6296296296296,96.88778130002856,0.43111111111111106,2.2588311023000256,3.484444444444445,1.324390522621729,6.2629629629629635,R
669193,FF,42,0.56,93.89761904761906,0.8309524641500984,2216.0714285714284,90.0328917828782,14.748571428571424,2.1970496529892873,-9.205714285714286,1.6950446326336688,6.295238095238095,R
669193,SL,23,0.30666666666666664,85.7695652173913,1.451467840939177,2378.8695652173915,62.7928081781129,1.9043478260869564,3.6697433971315374,3.7565217391304344,2.518554074167543,6.3,R
669194,CH,70,0.0177349885989359,87.04000000000002,1.7788125008115605,1799.2714285714285,121.03980916924277,12.663428571428572,2.174993510377982,-13.105714285714285,1.7401520601793925,6.881428571428572,R
669194,CU,410,0.10387636179376741,80.27390243902438,1.5503850425586656,2599.4268292682927,157.852739279337,-8.073073170731707,2.9292359576118905,7.850341463414635,2.3921522836463263,6.653414634146341,R
669194,FC,394,0.09982265011401065,91.52385786802031,1.6367097075443764,2211.931472081218,116.63565363601185,9.225989847715736,3.939998664431708,2.377766497461929,2.722079187046937,6.758883248730965,R
669194,FF,2383,0.603749683303775,95.87868233319347,1.212687798699354,2279.4259336970204,108.74792464950357,19.103365505665128,1.76735066784782,-3.108317247167436,2.036448847721825,6.818128409567771,R
669194,SI,48,0.012161135039270332,95.31458333333335,1.2146253398937708,2115.8541666666665,117.7603028122793,17.8025,1.6469371960276973,-8.595,1.9096997647508265,6.710416666666667,R
669194,SL,642,0.1626551811502407,87.49922118380063,1.7233052497345662,2402.0856697819313,101.55686900174881,2.301869158878505,3.4937380481593845,4.4749532710280375,2.032550578531136,6.659345794392525,R
669199,CU,116,0.056640625,86.19310344827586,1.156661172282647,2891.6206896551726,86.8970060196116,-7.225862068965518,2.933537430998702,2.4196551724137927,1.7900555886605178,5.81293103448276,R
669199,FF,707,0.34521484375,94.73635077793494,1.0302065203221469,2712.807637906648,64.70514775151786,18.48,1.633837658933931,-9.363903818953323,2.1577620690297317,6.027581329561528,R
669199,FS,238,0.1162109375,83.92352941176472,1.3197433507275294,1428.6344537815125,252.96269131260027,6.545546218487395,3.21327932903102,-13.971932773109247,2.757130311871913,6.102941176470588,R
669199,SI,37,0.01806640625,93.3945945945946,0.9740938655277823,2696.2972972972975,48.54886705673463,8.464864864864863,1.693185068347721,-15.989189189189187,1.930265350754741,5.835135135135137,R
669199,SL,473,0.23095703125,89.60655391120507,1.467840050165999,2665.3509513742074,72.58848694244129,2.4723044397463005,2.407217602354673,1.8233403805496828,1.5989985757768188,5.9797040169133195,R
669199,ST,477,0.23291015625,86.45324947589098,1.3030567354103406,2935.1006289308175,138.29525692459197,-0.08301886792452828,3.0345491174607653,10.589937106918239,3.0124747978698276,5.977568134171908,R
669203,CH,73,0.07234886025768088,88.34931506849314,1.3689131219563326,2176.027397260274,113.86065711634107,7.745753424657535,2.291029558595036,-15.391232876712328,2.3994188794172873,6.657534246575343,R
669203,CU,194,0.19226957383548068,80.03350515463917,1.1678602205709148,2810.855670103093,76.35708173715075,-11.502680412371134,2.3073078386078834,9.708247422680413,1.8747611994718518,6.459278350515465,R
669203,FC,555,0.5500495540138751,94.08468468468469,1.1212420747940577,2662.07027027027,100.79519804277771,12.182486486486487,2.238690053671008,2.4365405405405407,2.0253810791929445,6.520540540540541,R
669203,SI,97,0.09613478691774034,95.61443298969073,0.9786246397710457,2495.8453608247423,73.22046335755826,10.908865979381442,1.9706660656407624,-12.644536082474227,2.1527182528813795,6.560824742268041,R
669203,SL,90,0.08919722497522299,87.84555555555555,1.7660443395448624,2847.9666666666667,86.65033049723988,1.4080000000000001,3.1711179753334857,6.242666666666667,1.5354835274014984,6.536666666666666,R
669211,CH,328,0.21707478491065518,86.61036585365854,1.1471341182763428,2083.4298780487807,130.7932793305065,8.955731707317074,2.288841984083812,16.986951219512196,1.9540208300683533,5.76859756097561,L
669211,FF,766,0.5069490403706155,93.71984334203654,1.055937696964478,2362.9334203655353,80.23711269835275,17.211697127937338,1.5943537604237528,11.482558746736292,2.089050128101473,5.712010443864229,L
669211,SL,417,0.2759761747187293,85.86067146282974,1.7603915457101327,2549.9640287769785,106.32622221203849,3.544172661870504,2.6943771309826636,-3.250359712230216,2.192218781874602,5.630455635491607,L
669212,CH,175,0.35860655737704916,77.70514285714286,1.627926845041841,2196.9942857142855,96.39308275981678,3.409371428571429,2.1404165332851903,-18.043885714285715,1.688662256565465,6.3348571428571425,R
669212,FF,173,0.35450819672131145,91.31618497109827,1.0132686060035385,2265.6127167630057,90.49704646417517,17.737803468208096,1.5058791091529395,-10.752138728323699,2.074943132690237,6.438728323699422,R
669212,SL,140,0.28688524590163933,85.72642857142857,1.4513506839530177,2454.1214285714286,116.17008541851875,2.700857142857143,3.0281156107564464,2.866285714285714,1.408878498244626,6.303571428571429,R
669270,CH,39,0.06141732283464567,90.08974358974359,1.6584385287300367,1427.974358974359,150.62911705305697,4.596923076923078,2.519120725723408,-11.501538461538464,2.1096838606537314,6.502564102564102,R
669270,CU,26,0.04094488188976378,81.28846153846153,2.2318291911482695,2404.423076923077,86.74384039315902,-0.8907692307692309,2.041036840582596,6.327692307692307,2.443892481583112,6.426923076923076,R
669270,FC,196,0.30866141732283464,90.53367346938775,1.5969486209515895,2475.454081632653,107.5925501837823,2.4991836734693873,2.5341595171572653,2.85,1.3338504125564168,6.577551020408164,R
669270,FF,36,0.05669291338582677,95.07499999999999,1.7178682803321759,2271.722222222222,66.26553127320896,12.763333333333332,2.191044108573418,-4.44,2.2930453861311038,6.638888888888889,R
669270,SI,327,0.5149606299212598,95.15229357798167,1.690006515956976,2262.9051987767584,60.826971262857676,6.608440366972477,1.850809062504874,-14.544587155963303,1.9268352889848863,6.688379204892966,R
669276,CH,262,0.14587973273942093,86.03625954198473,1.346494717529144,1700.4618320610687,148.63588050806732,12.75480916030534,1.9637536779092162,11.352366412213739,2.5131567461551088,6.409541984732823,L
669276,FF,549,0.3056792873051225,93.72732240437158,1.2546920434783713,2361.16029143898,100.90851799672052,19.51737704918033,1.4570860224837632,7.946448087431695,1.7573960361991097,6.2260473588342435,L
669276,SL,985,0.5484409799554566,84.802538071066,1.987241739323755,2138.7451776649746,76.56549775676886,5.595898477157361,2.380140271761283,-0.8646091370558375,2.1990527049860975,6.269137055837564,L
669298,CH,31,0.2246376811594203,85.57419354838711,1.0321394421089571,1714.3870967741937,107.05845052099806,2.91483870967742,3.1653918882899177,-14.098064516129035,2.60096061658616,6.5677419354838715,R
669298,FC,15,0.10869565217391304,88.34666666666666,1.3125039682479702,2245.0,64.42492862682448,8.344000000000001,3.4737480787019823,2.2319999999999998,1.8383346500880315,6.539999999999998,R
669298,FF,54,0.391304347826087,92.32222222222218,0.9971027211265585,2128.1296296296296,95.55538674354939,13.193333333333332,1.8684228037531831,-11.022222222222224,1.8379260940103181,6.6611111111111105,R
669298,ST,27,0.1956521739130435,81.4962962962963,0.7890995264718281,2261.925925925926,90.29563662936317,1.9511111111111115,3.308605717650835,13.924444444444443,2.846435467702521,6.6000000000000005,R
669302,CH,135,0.030927835051546393,85.43111111111111,1.3235223620272036,1494.9398496240601,178.85921157895078,2.022222222222222,3.110877081934526,-15.111111111111114,2.3725578698466228,7.3570370370370375,R
669302,CU,336,0.07697594501718213,81.53244047619049,1.7843234420082226,2269.747747747748,195.9587552713643,-3.416428571428572,2.8202282718479528,14.079642857142858,2.7977688110044805,7.386011904761904,R
669302,FC,136,0.03115693012600229,91.06102941176471,1.4437180803137557,2340.313432835821,188.38567933657927,11.125588235294119,2.6545420933732045,3.922941176470588,2.1995158112460955,7.441481481481482,R
669302,FF,1644,0.3766323024054983,95.68862530413625,1.155298807084229,2145.8557336621457,152.90098371663834,16.817445255474453,1.610247250642037,-7.259051094890512,2.6563972003918317,7.577250608272506,R
669302,FS,760,0.17411225658648338,81.63802631578947,1.5714309749156927,707.5209176788125,160.71514554579284,-1.446157894736842,4.244994445302496,-4.601210526315789,4.153221979938625,7.399210526315789,R
669302,SI,31,0.007101947308132875,94.30322580645162,1.5858717625684073,2102.1153846153848,144.4424665873792,10.923870967741937,4.695408876352412,-14.129032258064518,2.253736682103316,7.538709677419354,R
669302,SL,1320,0.3024054982817869,87.10196969696969,1.4211163053349163,1911.0974477958237,193.187980370765,-0.1743636363636364,2.4899455230383394,0.8004545454545455,1.528692605492347,7.477424242424243,R
669308,CH,28,0.05668016194331984,88.00714285714287,1.3589016729012293,1485.2142857142858,157.51480991930677,5.567142857142859,3.294494686305509,-14.121428571428568,1.7417396886036507,6.810714285714285,R
669308,FF,256,0.5182186234817814,95.953125,1.1374162326406765,2442.42578125,76.39019005502053,16.868906250000002,1.6948018494276933,-10.13953125,2.0602592105620796,6.73046875,R
669308,SL,158,0.31983805668016196,87.13860759493672,1.243260798029308,2408.9303797468356,70.32156504716671,0.0022784810126581343,2.6550861894761013,5.748607594936709,1.625604627683818,6.598101265822785,R
669308,ST,52,0.10526315789473684,82.78653846153846,1.180898435996408,2455.3076923076924,89.67950308181635,1.2346153846153844,2.0175703321690843,17.037692307692307,2.8727841352567385,6.626923076923077,R
669330,CH,247,0.22870370370370371,86.89311740890687,0.8838163266014283,2169.923076923077,128.77315938933836,13.751417004048584,1.6689797819004921,-14.790121457489878,1.5749831543250308,6.2377049180327875,R
669330,CU,62,0.05740740740740741,78.33064516129033,1.2640798778554903,2577.9193548387098,71.13167157614312,-8.97677419354839,3.7726369323836884,5.2219354838709675,2.256295265172155,6.0596774193548395,R
669330,FC,244,0.22592592592592592,90.25245901639343,1.1125703835693885,2451.967213114754,73.06729909006172,11.992131147540983,3.142171467322343,4.429672131147542,2.0979452751814915,6.132510288065844,R
669330,FF,344,0.31851851851851853,93.23052325581395,0.8757329388664152,2405.718023255814,63.15088249525486,18.300697674418608,1.5259204864845655,-3.7831395348837207,2.331516485751365,6.17325581395349,R
669330,SL,183,0.16944444444444445,86.82786885245902,1.1187411215252314,2459.6448087431695,63.80524594197539,4.939016393442622,2.406393753178015,5.172459016393442,2.1109640439239334,6.145901639344264,R
669358,CH,470,0.10131493856434576,88.92255319148936,1.6240863832691543,2036.2478632478633,187.32283420298748,9.067404255319149,1.9620740044985496,-15.720510638297874,2.5890330774260084,6.50063829787234,R
669358,FC,732,0.1577926277214917,89.92090163934427,1.7437675632163112,2334.6322314049585,80.18742532587808,7.176393442622951,2.020432454517467,2.875737704918033,1.8123683221716114,6.377049180327869,R
669358,FF,1842,0.3970683336926062,96.64695982627579,1.4589453184289498,2439.4899292324444,71.41856684688793,16.64514657980456,1.5503094626195788,-9.635700325732898,2.015160080547812,6.475515743756786,R
669358,KC,1363,0.2938133218366027,85.12179016874542,1.5909811045939342,2673.9801470588236,88.50146631183881,-11.676184886280264,2.4922301816981705,6.619457079970653,2.837057170868727,6.384886280264122,R
669358,SI,149,0.032118991161888336,95.1261744966443,1.1612781851904548,2274.7449664429532,67.75224683243694,12.512214765100673,1.7717584964606545,-14.592483221476508,1.7603646374575845,6.590604026845638,R
669358,SL,82,0.01767622332399224,86.73902439024391,1.3467616484253535,2330.8414634146343,90.24581923385706,0.5970731707317074,1.9792681574320317,3.529756097560976,1.282352174822113,6.434146341463413,R
669371,CH,27,0.02094647013188518,87.29629629629629,0.8364216278893908,2250.8518518518517,103.76997628027087,3.3866666666666667,3.283187944197389,-18.613333333333333,1.8869266831788418,6.7555555555555555,R
669371,FC,62,0.04809930178432894,89.0548387096774,1.7759483653839105,2480.6612903225805,90.72927547278206,7.96258064516129,3.042551741539841,0.7354838709677419,2.8574100834464575,6.493548387096774,R
669371,FF,644,0.49961210240496506,94.30993788819876,1.0500658333175956,2531.1604361370714,77.36523661383676,13.996770186335407,1.8307753084831992,-14.215900621118013,1.8250036228429716,6.748442367601246,R
669371,SI,126,0.09775019394879751,94.4468253968254,0.8589003674873129,2348.1111111111113,90.87223754016159,6.942857142857142,2.220834746537565,-18.09809523809524,1.6185611952771954,6.746031746031746,R
669371,ST,428,0.33204034134988364,81.17827102803739,1.361590818252075,2627.1658878504672,100.50769509219765,0.6824299065420562,3.0496631951700337,14.546635514018691,3.052127432161869,6.386682242990654,R
669372,CH,510,0.1514251781472684,88.01392156862745,1.3248650869986822,1506.7156862745098,112.07750418361002,2.034823529411764,3.646454890628203,-12.198823529411763,2.9222488091181136,6.721372549019608,R
669372,FC,530,0.15736342042755344,90.99811320754716,1.6494703928691432,2102.5075471698115,102.75980463030498,7.822867924528303,2.54191257673046,-0.49403773584905647,2.292381546661272,6.663773584905661,R
669372,FF,222,0.06591448931116389,93.58243243243243,1.2308652853247533,2040.6216216216217,92.13054421552575,11.404324324324325,1.9493633357329176,-4.565405405405405,2.225691121005899,6.738288288288289,R
669372,SI,1421,0.42191211401425177,93.43905700211118,1.276737241317958,1929.9035890218156,98.07936493033598,3.6721182266009853,2.3060984251709655,-14.50429275158339,2.5093247807091905,6.713581984517947,R
669372,SL,685,0.20338479809976248,85.85605839416057,1.3734253916855688,2253.7226277372265,105.0728882302096,-2.0033868613138686,2.9647019273863227,5.102715328467154,3.3835356757161055,6.630364963503649,R
669373,CH,1309,0.29264475743348983,87.89281894576013,1.5971669533356017,1834.249809014515,112.9479505591578,5.988724216959511,2.8207737418360486,14.666951871657755,2.374474275946453,6.3951871657754005,L
669373,CU,136,0.03040465012295998,80.96764705882353,1.705237350827723,2516.470588235294,98.02145956854403,-5.3876470588235295,2.6777215951581805,-6.262941176470588,3.2215777403711523,6.414705882352941,L
669373,FF,1429,0.3194723898949251,97.35654303708887,1.3287468355873842,2349.15255423373,87.48309457808814,17.080475857242828,1.3921874039794613,3.493435969209237,1.9860541143060046,6.4349195241427575,L
669373,SI,1000,0.22356360384529397,97.19319999999999,1.242262845366059,2237.653,93.00344203969674,13.19592,1.987684039640466,13.284,1.7847643496506151,6.477600000000001,L
669373,SL,596,0.13324390789179522,89.92013422818792,1.6031787694535073,2235.8859060402683,82.77705444265892,4.4397986577181205,2.021503881417602,-3.167718120805369,1.3493730238097137,6.455704697986578,L
669387,CU,316,0.10326797385620914,84.29525316455697,1.0697913752213044,2600.5361842105262,97.88114301707449,-9.742784810126581,2.762678680204097,7.290759493670887,2.3264564086477435,6.2215189873417724,R
669387,FC,22,0.00718954248366013,92.35909090909091,0.5836331944189825,2401.6363636363635,47.62206916820679,11.159999999999998,1.357645019878171,-2.7981818181818183,1.8540037405921996,6.468181818181819,R
669387,FF,995,0.32516339869281047,95.63738693467336,1.1357237412898116,2121.413863404689,95.01851576520303,11.864804020100502,1.9341107889798375,-9.787417085427135,1.937272466527863,6.4110552763819095,R
669387,FS,617,0.20163398692810458,86.41588330632091,1.357581132682325,1693.0579470198675,136.6561151845652,-0.6725445705024311,2.410969285944294,-9.508589951377633,2.4520332383639745,6.376337115072933,R
669387,SI,488,0.15947712418300652,95.13237704918032,1.3357110885824512,2061.121338912134,99.244176804738,6.409426229508197,1.9669682105104416,-16.801721311475408,1.788909567775971,6.47889344262295,R
669387,SL,301,0.09836601307189542,89.12624584717608,1.526545837075006,2441.7433333333333,91.7160668145372,3.68531561461794,3.0046991502293046,2.3234551495016618,1.6837889878134158,6.33421926910299,R
669387,ST,321,0.10490196078431373,83.77227414330218,1.0484262609313981,2548.931464174455,85.42193973542157,1.311775700934579,4.454249897517281,9.94766355140187,3.8244270598938868,6.371651090342678,R
669391,FC,26,0.2184873949579832,88.57692307692308,0.6860365543075334,2532.4615384615386,77.05334815268225,6.798461538461539,2.6523946799942006,3.733846153846154,1.5462136383387048,6.596153846153846,R
669391,FF,38,0.31932773109243695,92.3157894736842,0.8747281634234724,2374.0526315789475,88.69868440123138,16.582105263157896,1.472036937504272,-7.443157894736841,2.130882452987377,6.581578947368421,R
669391,ST,33,0.2773109243697479,81.66363636363637,0.9065105424849513,2736.818181818182,78.44044498274413,-3.4327272727272726,2.7398623057638236,18.494545454545456,2.174691200649375,6.46969696969697,R
669395,FF,17,0.6538461538461539,96.37058823529412,0.7363463059953108,2321.823529411765,96.32512347131825,13.312941176470588,1.676498451780833,-5.336470588235294,1.4097559238059196,6.3,R
669416,FC,15,0.6521739130434783,90.16666666666666,1.2970662868107194,2379.0,78.27698074329206,10.856000000000002,2.5684592379757274,0.6960000000000001,1.9957554960465473,6.659999999999999,R
669422,FC,163,0.318359375,89.95092024539878,1.4137057553592056,2533.1411042944787,81.18564895536569,7.6115337423312885,2.9106385500292125,4.638036809815951,2.1722915188991365,6.487116564417178,R
669422,FF,112,0.21875,94.15,0.9613241618435189,2183.4910714285716,76.6748129869871,16.367142857142856,2.1351943298573146,-5.263928571428571,2.329087265507132,6.544642857142857,R
669422,FS,46,0.08984375,87.31086956521739,1.6993107440462196,1557.1739130434783,229.35458277017523,6.803478260869566,3.0967202847107664,-12.388695652173915,4.339746336005086,6.615217391304349,R
669422,SI,90,0.17578125,94.31333333333335,1.0244428466573503,2101.5555555555557,96.16303000413168,12.881333333333336,1.593215390616999,-14.288,1.809350991719394,6.622222222222222,R
669422,SL,96,0.1875,83.76666666666667,1.3021170346515807,2468.1666666666665,89.68079846898716,-5.07875,2.1533578429977682,5.921250000000001,1.9135017500301434,6.404166666666666,R
669432,CH,776,0.23444108761329305,86.69291237113401,1.5674474907256835,1526.7098445595855,195.23948181563733,1.4679896907216496,3.208720067187383,13.934072164948454,2.7174184931739105,6.825747724317295,L
669432,FC,369,0.11148036253776435,82.0531165311653,1.9761477924984836,2201.655737704918,120.49867415800833,3.379512195121951,1.8470401647217747,-4.590243902439025,1.7081518728686655,6.674450549450549,L
669432,FF,1414,0.427190332326284,93.27680339462519,1.300421607104184,2438.6335227272725,95.92091661518874,15.131881188118811,1.5461186698593867,10.962347949080623,1.9427288001539653,6.624928774928776,L
669432,SI,419,0.12658610271903323,92.94176610978518,1.1686485601438175,2338.787081339713,148.22586344932495,8.142529832935562,1.734046432368597,17.712744630071597,1.6594923012138625,6.706987951807228,L
669432,ST,332,0.10030211480362537,78.25572289156626,1.3831737296823765,2085.472891566265,86.75942979689914,5.733253012048193,3.2212313452933286,-8.893012048192773,4.374411099925737,6.6490909090909085,L
669434,FF,16,0.64,93.60625,1.0009786877518083,2314.0,73.63513654046778,16.215,0.901066035315947,-8.19,2.250759871687782,6.456250000000001,R
669438,CH,420,0.3160270880361174,87.09761904761905,1.143057929287891,2094.0508474576272,118.48843633107404,0.836,2.2920460578410977,-13.085714285714287,2.7886160867909076,6.367857142857142,R
669438,CU,161,0.12114371708051166,75.64223602484472,1.417949212399407,2745.5403726708073,100.03061992390253,-14.243478260869564,2.1701446555672175,12.26086956521739,1.934316866268408,6.200621118012424,R
669438,FC,201,0.15124153498871332,87.24875621890547,1.2739352202029859,2256.587064676617,143.30172236173854,3.454328358208955,2.5293797009626275,2.7008955223880604,2.0122149969697203,6.235820895522388,R
669438,FF,250,0.18811136192626035,93.46839999999999,0.9689151802433609,2321.3709677419356,93.85969956428876,16.96704,1.6833286129799814,-8.363520000000001,2.1162216295894365,6.248399999999999,R
669438,SI,241,0.18133935289691497,92.30165975103733,1.047137638397298,2201.4579831932774,95.13568103082055,9.98838174273859,3.2676185702024574,-14.836680497925313,1.8444770537091943,6.289626556016598,R
669438,SL,37,0.02784048156508653,81.7027027027027,1.9237530573921975,2351.3783783783783,162.6897783020309,-3.635675675675676,4.128327977752239,3.113513513513514,2.566857369772765,6.327027027027028,R
669449,CH,20,0.28169014084507044,84.61,1.126662514266199,1812.5,117.30190468234207,6.612000000000002,3.0914237905262327,15.168000000000001,1.9561336731850463,5.725,L
669449,FF,24,0.3380281690140845,90.92916666666667,1.0419376459131398,2168.2083333333335,95.72514056522395,12.095,1.6680240849058765,7.609999999999999,1.2923991845300402,5.770833333333333,L
669450,FA,17,1.0,77.63529411764705,3.2861339702739194,1883.4705882352941,85.75919604265395,17.27294117647059,1.4930663276705194,-7.0588235294117645,2.7931386520206556,5.0470588235294125,R
669456,CH,230,0.16570605187319884,88.61521739130434,0.8410243783246691,1484.9565217391305,275.3219121439958,0.194608695652174,2.9530696890812353,-13.340869565217393,2.861370351525529,6.58391304347826,R
669456,FC,180,0.12968299711815562,87.48388888888888,0.8893638357152198,2564.811111111111,57.20977656896926,7.531333333333334,2.4844050803667175,1.5373333333333334,1.9285197380084727,6.5761111111111115,R
669456,FF,470,0.33861671469740634,92.49382978723405,0.7432024670303204,2401.6382978723404,63.01640410926382,17.638212765957444,1.5545770503196015,-10.276851063829787,2.076038615179227,6.668510638297872,R
669456,KC,255,0.18371757925072046,82.74509803921569,0.7162659420908476,2523.635294117647,122.6326227671245,-12.007529411764706,2.228684813549751,6.964235294117647,2.2169740904320596,6.558039215686275,R
669456,SL,248,0.1786743515850144,85.32983870967743,0.7695605601000394,2615.4758064516127,72.43117226682303,-0.9798387096774195,2.2674775026209755,0.9856451612903225,1.1088369673393992,6.662903225806451,R
669459,FF,23,0.3026315789473684,89.92608695652173,0.48168019502225695,2177.913043478261,63.52444986952107,16.909565217391304,0.9761681964836216,7.168695652173913,1.6310601804510354,6.217391304347827,L
669459,SL,43,0.5657894736842105,83.56279069767442,1.486290245290178,2769.4883720930234,93.68700984636817,3.0083720930232563,1.3224380987089501,-2.486511627906977,1.7041781760760681,6.044186046511629,L
669461,CH,538,0.13166911404796866,88.54312267657993,1.2052334311892186,1804.921933085502,103.69959767110997,9.715985130111525,2.0785602952721898,15.046394052044608,1.8833483813744167,6.271401869158878,L
669461,CU,651,0.1593245227606461,78.32857142857142,1.7883247732180791,2998.3717357910905,110.7453214149026,-17.724239631336406,1.3651645708724653,-9.88811059907834,2.0034353480716245,6.330246913580247,L
669461,FC,329,0.08051884483602545,90.34650455927051,1.2664027220437746,2492.8201219512193,92.04028481116102,10.676352583586624,2.7232954072788,-1.8660182370820668,2.1278235788225546,6.367477203647415,L
669461,FF,1222,0.2990699951052374,94.14738134206219,1.2220358077375608,2111.541734860884,92.50988114441995,16.503535188216038,1.5269507677066485,6.779116202945989,1.9416331443923944,6.342434210526315,L
669461,SI,443,0.10841899167890358,94.15101580135439,1.187707631659319,2102.726862302483,86.23305722944713,14.016433408577875,1.7788798427634,12.824288939051918,1.683316761349531,6.392760180995475,L
669461,SL,892,0.21830641213901125,86.45011210762331,1.2801734190836946,2674.548206278027,88.97922762374692,1.0701793721973096,2.520359204108293,-4.162331838565023,1.4623855293104,6.350618672665917,L
669467,FF,1736,0.3896745230078563,94.68744239631336,1.148101112196516,2287.9988479262674,98.27911788920972,10.581428571428571,2.473419881843336,-0.42670506912442396,2.6272723007637517,6.526958525345622,R
669467,FS,48,0.010774410774410775,88.33750000000002,2.021756661915574,994.6666666666666,184.67882797859124,6.835,4.083749841255883,-8.535,5.1528178616067555,6.570833333333333,R
669467,KC,690,0.15488215488215487,78.19898550724638,1.6270523669274886,2790.81884057971,89.61035112715912,-16.309565217391302,1.9337791982948662,4.395478260869566,2.3182793191726905,6.553623188405797,R
669467,SI,684,0.15353535353535352,95.19181286549708,1.0908471542694336,2155.0672514619882,119.20106730113102,14.22438596491228,1.9890480672716107,-10.68859649122807,2.8141276751304236,6.515789473684212,R
669467,SL,1294,0.29046015712682377,87.49119010819165,1.6121732310340082,2371.6700154559508,96.84829230317655,-0.2501081916537867,2.713340732575669,4.765873261205564,1.3986059137940332,6.630680061823803,R
669620,CH,23,0.06824925816023739,86.34347826086957,1.4355316047173226,1798.0869565217392,81.7295501491898,4.904347826086956,1.8943644318848776,15.151304347826086,1.4273156761998,6.339130434782608,L
669620,CU,56,0.1661721068249258,77.72142857142858,0.8949787779534288,2277.410714285714,68.89643790388699,-12.360000000000001,1.9914873381926927,-1.9135714285714285,2.0077779925909307,6.385714285714286,L
669620,FC,87,0.258160237388724,87.64827586206897,2.5168669185727586,2179.137931034483,84.56388426066415,6.7558620689655156,2.79964140217168,-1.9944827586206901,2.6611777243380854,6.382758620689654,L
669620,FF,160,0.47477744807121663,92.91875,1.0021478506016004,2314.65625,73.54030656892567,15.628499999999999,2.484566246643922,4.22175,2.249261388201209,6.359374999999999,L
669622,CH,43,0.031781226903178125,89.06046511627908,1.5585615368763412,1666.2325581395348,234.86306417725348,-1.5990697674418604,3.2184171012896625,-16.230697674418604,2.5542023219903958,5.897674418604652,R
669622,FF,19,0.014042867701404288,96.04736842105264,1.345101574459726,2396.3684210526317,81.02414628184461,12.802105263157893,1.7366877124360367,-12.650526315789474,1.9358990839291943,5.747368421052631,R
669622,SI,388,0.286770140428677,96.4729381443299,0.9876836505582192,2317.036082474227,87.17862346803426,2.794639175257732,2.650140286611207,-18.311134020618557,1.9531790167308645,5.728608247422681,R
669622,SL,252,0.18625277161862527,87.09841269841272,1.214060004095056,2688.4126984126983,106.52835844435472,-1.3452380952380953,2.343149620124159,5.088095238095238,2.1881632728893554,5.816666666666667,R
669622,ST,651,0.4811529933481153,83.74592933947774,1.1062457042069507,2813.7619047619046,104.87278810531207,2.6011059907834104,2.4461740310712017,18.223225806451612,3.713056386861089,5.565898617511521,R
669674,CU,150,0.17878426698450536,76.72066666666667,1.683568304862165,2589.3133333333335,80.38866465442563,-13.664000000000003,2.8631610634345717,-4.6496,2.6701820765909674,5.8613333333333335,L
669674,FF,293,0.3492252681764005,93.19385665529012,1.0679787303233252,2310.156996587031,72.4603051029055,16.30484641638225,1.7049757139723138,6.837133105802049,2.115953096407095,6.098976109215018,L
669674,FS,80,0.09535160905840286,86.40375000000002,1.114852973220565,1593.775,98.35559034390843,4.6290000000000004,2.229087115186082,9.877500000000001,2.236012216628387,5.9875,L
669674,SI,93,0.11084624553039332,92.66881720430106,1.0470433003196544,2193.043010752688,92.10508105449031,8.839999999999998,4.89219076026095,15.125161290322577,2.536832847787908,5.960215053763439,L
669674,SL,215,0.2562574493444577,84.87023255813956,1.2784144099656853,2260.8697674418604,77.04041764476776,2.742697674418605,1.8812061592977025,-1.816186046511628,1.4323884904783541,6.011627906976744,L
669684,CH,46,0.04660587639311044,84.56086956521737,1.6014546527550881,1737.9130434782608,131.03058609635244,3.939130434782609,2.7928255911547173,16.83130434782609,1.9849731133870712,6.3804347826086945,L
669684,CU,270,0.2735562310030395,77.15518518518518,1.6947850701432465,2541.537037037037,63.6860074513355,-12.601777777777778,1.933889455545517,-14.433333333333334,2.068212956325764,6.171851851851852,L
669684,FF,308,0.3120567375886525,95.12272727272727,1.510377683304564,2368.2305194805194,85.28302436405735,16.636753246753248,1.3999143217695906,6.457402597402597,2.421471489848597,6.253896103896103,L
669684,SI,52,0.05268490374873354,92.94999999999999,1.3273148480606822,2269.1346153846152,100.41736996180117,10.133076923076924,2.348916761988626,14.496923076923078,2.837235286753319,6.213461538461536,L
669684,SL,241,0.24417426545086118,88.4643153526971,1.687000681724317,2290.780082987552,95.05619707131014,4.9399170124481335,2.9235392351995273,-3.7249792531120334,2.183834953409813,6.186721991701244,L
669684,ST,61,0.06180344478216818,79.45737704918032,1.3332240392363968,2415.1967213114754,89.55125528100861,1.7272131147540983,3.053780242665114,-17.641967213114757,2.4927567200939946,6.162295081967215,L
669704,CU,68,0.13821138211382114,83.16029411764707,1.2632745539948353,2957.4477611940297,87.7137706582816,-12.935294117647059,1.6921808507386769,13.177058823529412,2.618112034148619,6.116176470588236,R
669704,FC,208,0.42276422764227645,91.62307692307692,1.0943624327209305,2584.6875,90.21270322782428,4.378846153846154,1.8722315124258542,5.106346153846153,1.9550677652079438,6.2206730769230765,R
669704,FF,92,0.18699186991869918,95.71739130434779,0.7738314402668913,2350.445652173913,74.5834386546237,15.77608695652174,2.3948814265638547,-1.1621739130434785,1.854423772998352,6.22717391304348,R
669704,SI,71,0.1443089430894309,96.143661971831,0.8006662215869619,2249.8285714285716,75.77253745726227,11.107605633802816,1.9134243534927728,-13.431549295774648,2.057203822034257,6.171428571428571,R
669704,ST,53,0.10772357723577236,84.58301886792454,1.0373293833865667,2813.867924528302,87.95279278721692,-2.397735849056603,3.035922519476914,16.55320754716981,2.4666231772209315,6.1113207547169806,R
669707,EP,17,0.7391304347826086,41.39411764705882,2.1246972102617625,978.8235294117648,62.199512954401065,13.983529411764707,2.0462188946214632,2.032941176470588,1.9037455341572123,4.041176470588235,R
669711,CH,170,0.09832272990167727,85.7305882352941,1.0071370789116842,1591.5117647058823,110.92906407800625,-2.736,3.104300967535432,-14.488235294117644,2.152077942579288,6.158823529411765,R
669711,CU,57,0.03296703296703297,81.14561403508772,1.2429903711037513,2754.7017543859647,112.68476334325022,-6.214736842105263,2.2142864904194615,16.652631578947368,2.5495227328685526,6.003508771929825,R
669711,FF,551,0.31868131868131866,94.02849364791288,0.9906312493719878,2332.402903811252,100.78894740409424,12.198402903811251,2.231981180498761,-8.844718693284936,2.395197213894907,5.866243194192378,R
669711,SI,536,0.3100057836899942,93.86212686567164,0.9678004499781045,2146.027985074627,70.54316078209672,2.775671641791045,2.742801473290748,-17.176567164179104,1.884168813786341,5.898880597014926,R
669711,SL,219,0.1266628108733372,85.47899543378996,0.9804590270117249,2570.735159817352,116.37227985901296,1.0493150684931507,2.5903634023510658,5.68986301369863,2.3081199862782116,5.908219178082192,R
669711,ST,196,0.11336032388663968,81.50357142857143,1.086154118544311,2911.765306122449,88.23840678065226,5.640000000000001,2.3342691163814653,19.58142857142857,2.8451059193477652,5.779081632653063,R
669713,CH,36,0.07086614173228346,85.73333333333333,1.563147008898577,1650.888888888889,127.93944500153808,4.243333333333333,2.703012076501747,-15.006666666666668,2.7786368703274014,6.944444444444445,R
669713,CU,47,0.09251968503937008,77.13191489361702,2.1594188412000763,2679.404255319149,113.89405060892035,-12.015319148936168,2.1354572375304075,10.63659574468085,1.7120103572875254,6.800000000000001,R
669713,FC,58,0.1141732283464567,88.29137931034482,1.112809701856918,2492.1206896551726,75.03755260714742,4.773103448275861,1.5758775966543286,4.651034482758621,2.466070593926434,6.844827586206896,R
669713,FF,186,0.3661417322834646,93.85483870967742,1.7007162960913735,2257.935483870968,89.64021858598396,13.799354838709677,1.6773800719697742,-6.486451612903226,2.3105963405574292,6.883333333333335,R
669713,SI,56,0.11023622047244094,91.90892857142856,1.775722827031729,2141.964285714286,107.78867612740542,8.517857142857142,1.9390632361442557,-12.998571428571427,2.145296274153317,6.869642857142857,R
669713,ST,125,0.24606299212598426,83.29759999999999,2.003926146343722,2740.28,100.00948342129135,0.4108800000000001,2.203606287649348,17.622719999999997,2.3567738254902886,6.773600000000001,R
669717,SL,15,0.5769230769230769,47.78666666666667,2.485922268255692,1220.5333333333333,65.10197129631841,19.384,1.6945492447424302,-8.040000000000001,2.292596780945136,3.44,R
669721,FF,93,0.5081967213114754,89.77311827956989,1.2988406021413559,2116.9247311827958,99.38541977739554,17.336774193548386,1.5868187763232464,-6.530322580645162,1.6703126833105386,6.83548387096774,R
669721,FS,41,0.22404371584699453,84.53414634146341,1.2319922394434064,859.6585365853658,67.70879180582739,1.586341463414634,2.4350705904527294,-6.875121951219514,2.9039310614675578,6.775609756097562,R
669721,SL,30,0.16393442622950818,80.02,1.2360671781766228,2321.5,71.11610225539643,0.19600000000000006,4.197751122060314,4.248,1.1068389285677946,6.643333333333332,R
669721,ST,19,0.10382513661202186,81.02105263157894,1.0804211870934715,2296.842105263158,108.3990893554896,5.88,3.375677709734743,12.884210526315792,3.0292469100595385,6.657894736842105,R
669724,CH,67,0.05377207062600321,89.6537313432836,0.8298098281970469,1677.2238805970148,138.90347868492498,0.9850746268656716,2.218258512365,-15.284776119402984,2.037628120685655,6.080597014925373,R
669724,FF,138,0.11075441412520064,96.06304347826088,1.068191464764212,2106.449275362319,95.20290068449144,10.931304347826087,2.054395972495511,-11.703478260869565,1.8020830008242483,6.12536231884058,R
669724,SI,776,0.622792937399679,95.15322164948452,0.9160165837886649,2042.9819587628865,117.80123087928422,3.922577319587629,1.9083932932589927,-16.137989690721646,1.7640423021471308,6.160051546391753,R
669724,SL,264,0.21187800963081863,87.80757575757575,1.2466912078068881,2231.689393939394,157.49066639376508,1.805,1.9177535574792541,2.1750000000000003,1.6110037491725178,6.067803030303031,R
669735,CU,18,0.47368421052631576,83.37777777777778,1.2369581074058755,2194.8888888888887,109.24332737134749,-6.46,2.8203379021587005,10.053333333333333,1.8009670604820003,5.805555555555555,R
669854,CH,99,0.12484237074401008,84.36262626262626,1.2954855569564754,1513.3939393939395,83.40188151621801,6.248484848484847,3.1628108022274204,-13.68606060606061,1.8150694697346694,6.841414141414142,R
669854,CU,161,0.2030264817150063,80.1608695652174,1.0105180548265504,2213.422360248447,75.83169190315095,-1.528695652173913,3.0611915838515364,10.236521739130435,2.353845327562318,6.698136645962734,R
669854,FF,283,0.35687263556116017,93.20459363957598,0.9539466885734512,2259.9328621908126,82.98687677979777,18.801413427561837,1.3765032203760317,-6.704310954063604,1.9814393549006455,6.892226148409893,R
669854,SL,250,0.31525851197982346,85.536,1.208663505645603,2134.48,80.78635615848422,6.39408,2.6317157644890603,2.9092800000000003,1.9567583126119341,6.8436,R
669920,CH,515,0.33204384268214054,80.326213592233,0.9761316056188548,1774.883495145631,119.8001822889938,1.4803106796116505,2.180350858091396,-17.310058252427186,1.817538581338654,6.609514563106796,R
669920,FC,35,0.02256608639587363,86.09142857142858,1.5305461210206721,2250.8285714285716,90.91058493806709,6.318857142857143,2.120410298016111,1.7931428571428574,3.938867985653157,6.605714285714285,R
669920,FF,196,0.12637008381689233,91.79183673469389,1.0252377804885449,2285.831632653061,76.99408714818505,12.050204081632652,1.8746114699492549,-14.252448979591835,2.166838207595664,6.425510204081633,R
669920,SI,570,0.36750483558994196,90.90087719298245,0.9952872794943248,2053.8859649122805,78.11052495323385,1.3562105263157895,2.031802603236391,-16.63663157894737,1.5707394364465415,6.488771929824561,R
669920,SL,17,0.01096067053513862,81.83529411764707,1.0653292780113746,2427.0588235294117,106.10105477105027,6.430588235294117,3.5471264260458693,8.329411764705881,2.8542785222106373,6.688235294117646,R
669920,ST,218,0.14055448098001289,78.51146788990826,1.2148113017930775,2620.908256880734,104.48888471164739,-0.23064220183486234,2.9188357868597534,16.283669724770643,2.5325692899480448,6.478440366972478,R
669923,CH,183,0.0435921867555979,88.52513661202187,1.0888151933136565,1566.120218579235,144.2351817896245,5.143606557377049,2.5434946320473073,-14.69967213114754,1.9261251604372982,6.727868852459016,R
669923,FC,55,0.013101476893758932,93.24909090909092,1.22502800077941,2352.927272727273,93.75378600660557,10.407272727272725,1.930036897119437,-0.9403636363636363,1.9443955203080314,6.6854545454545455,R
669923,FF,1178,0.2806098141972368,96.42826825127335,1.000071648763982,2270.2555178268253,106.0126236417007,13.363497453310694,1.8465194222181966,-9.63728353140917,2.084105016315605,6.547962648556876,R
669923,FS,59,0.0140543115769414,86.04406779661016,0.9590352887039891,931.2881355932203,120.53902656722593,1.5905084745762716,3.091508628334211,-11.676610169491523,2.234269617732467,6.630508474576273,R
669923,KC,429,0.10219151977131967,84.102331002331,1.1763217550865412,2370.2634032634032,178.641925275006,-13.06769230769231,1.7392891281955916,9.436083916083916,1.8679649460497405,6.571561771561771,R
669923,SI,1056,0.25154835636017153,96.57424242424241,1.0487362713128583,2281.372159090909,96.23400952406578,8.611818181818181,2.051232275360237,-16.625,1.5282983753739372,6.574621212121212,R
669923,ST,1238,0.2949023344449738,87.19353796445881,1.189956726900713,2379.479806138934,171.99819281249066,-3.250274636510501,2.923982913167314,11.01935379644588,2.4760207930657083,6.551130856219709,R
669947,FF,191,0.25298013245033113,93.73246073298431,1.4057377599558802,2224.434554973822,77.14937431738555,17.058219895287955,1.648270217314596,-5.14869109947644,2.611225536808006,6.69738219895288,R
669947,FS,74,0.09801324503311258,84.08243243243244,1.011896105461819,1039.5,176.06390885130318,0.8529729729729728,4.0065048922114554,-9.037297297297297,4.01213136310205,6.710810810810812,R
669947,SI,147,0.1947019867549669,92.0156462585034,0.9081594121328562,2172.408163265306,81.93237732088954,12.25061224489796,1.7236363378997577,-14.831020408163264,2.094568558148941,6.681632653061225,R
669947,SL,246,0.3258278145695364,88.07032520325203,1.2644808146215094,2379.182926829268,68.5197057397652,6.539512195121953,2.3704238331636525,4.425853658536585,1.7520231695557082,6.658130081300813,R
669947,ST,97,0.12847682119205298,80.5319587628866,1.2010018727220146,2490.4742268041236,110.77399032710562,-0.03835051546391746,2.8131590636730395,14.156288659793816,2.9997726717993527,6.594845360824743,R
670036,FC,177,0.11644736842105263,90.82316384180791,1.0003267314204134,2495.8192090395482,87.53493506131714,8.041355932203391,2.492150945031164,4.669152542372881,1.6207713737343694,6.371186440677967,R
670036,FF,622,0.40921052631578947,92.20836012861737,0.9615946626408172,2511.6221864951767,76.01851852766329,11.683601286173635,2.0873997929293977,0.7045659163987138,2.2281035576117,6.433440514469453,R
670036,SI,118,0.07763157894736843,92.99999999999999,0.9602350139686028,2408.0254237288136,94.54528710581761,9.296949152542371,2.2219443662304434,-10.479661016949152,2.5881174665885034,6.48050847457627,R
670036,ST,596,0.39210526315789473,82.99194630872482,1.1973509572215912,2670.761744966443,112.26708975321243,0.8313422818791945,2.516352210512689,15.827718120805368,2.9242514510523905,6.367617449664429,R
670059,CU,55,0.050551470588235295,83.0618181818182,1.4306811261942636,2737.9454545454546,95.66810261830146,-9.403636363636364,1.9123965608786808,13.996363636363636,2.893151788746535,6.519999999999997,R
670059,FC,123,0.1130514705882353,90.5609756097561,1.247268106266025,2325.8943089430895,105.3846827617231,6.048780487804878,1.7751622347312803,2.882926829268293,2.113681712048449,6.521951219512195,R
670059,FF,71,0.06525735294117647,97.2239436619718,1.0656272182190423,2360.8169014084506,116.19716124626343,13.575211267605631,1.7332692966554188,-10.418028169014086,1.9238864086740894,6.425352112676057,R
670059,FS,22,0.02022058823529412,90.2,1.374253043864711,1832.8181818181818,133.5278235188444,1.8763636363636365,2.181023231802526,-16.66363636363636,2.0446318691929557,6.595454545454545,R
670059,SI,472,0.4338235294117647,97.16779661016949,1.2122783978768081,2256.356687898089,75.00059682646392,6.829322033898304,2.106704585436468,-17.059830508474576,1.8244966652792292,6.496178343949045,R
670059,ST,341,0.3134191176470588,84.34017595307918,1.797121546057027,2558.0941176470587,95.47538236562463,5.274369501466276,2.8489892890197845,11.082932551319649,3.2353453618034624,6.438053097345133,R
670062,FF,60,0.2926829268292683,92.43499999999999,0.8779454058158859,2668.2166666666667,75.75363540343234,16.156000000000002,2.132018380052423,1.546,1.9677236267287235,6.572413793103449,R
670062,SL,36,0.17560975609756097,85.03333333333333,1.1664353512181591,2927.75,80.59222755859986,0.08333333333333327,2.1584412365011407,4.1466666666666665,1.6546937567330784,6.582857142857143,R
670062,ST,109,0.5317073170731708,82.1788990825688,0.9642761048517382,2928.0091743119265,73.28691654910097,-2.6388990825688072,3.3840604964192167,12.21798165137615,2.0601077730782067,6.578703703703703,R
670090,FF,20,0.20833333333333334,90.9,1.2091754476327639,2057.55,100.55973610902024,7.686,1.6788605158198662,-11.831999999999999,2.598156431415411,6.915000000000001,R
670090,SI,32,0.3333333333333333,90.15937500000001,1.3099764526324937,1921.75,89.14214817158694,0.20249999999999996,2.6346169458979998,-14.1525,2.0658935425215543,6.871874999999999,R
670090,SL,31,0.3229166666666667,82.67096774193547,1.1838337575822884,2382.1290322580644,110.56182039489155,5.639999999999999,1.6307053688511606,2.132903225806452,1.7711581776686633,6.8258064516129044,R
670102,CU,169,0.1380718954248366,73.75798816568046,1.2935087846820335,2198.147928994083,76.2917840929819,-7.228402366863905,1.6651520534013537,15.460828402366865,2.134024093930108,6.666272189349112,R
670102,FF,689,0.5629084967320261,92.46865021770682,1.2595927525132156,2257.8084179970974,126.37476974868966,18.315936139332365,1.6463369404521309,-7.392104499274311,2.2581537814533217,6.831059506531205,R
670102,FS,274,0.2238562091503268,82.2448905109489,1.271234073077935,1033.0401459854015,143.05121599290305,5.7201459854014605,3.518706885648244,-8.784525547445256,3.9666514551626797,6.941240875912408,R
670102,SI,21,0.01715686274509804,91.52857142857144,1.6090813705785232,2140.4761904761904,165.42841927783118,13.354285714285714,2.889519979907686,-13.234285714285715,1.5715615528148157,6.96190476190476,R
670102,SL,71,0.05800653594771242,82.5507042253521,1.5592006413027912,2439.8732394366198,193.15026937427797,-0.04732394366197186,3.5382404657628017,5.563943661971831,1.6849200734526077,6.805633802816902,R
670156,EP,22,0.9565217391304348,51.17727272727273,3.891496445937551,1163.909090909091,108.31915325111696,22.036363636363635,1.407999409681104,-4.919999999999998,2.832948993540124,4.304545454545455,R
670167,CH,88,0.04985835694050991,86.30568181818181,0.9980852881513895,1157.0689655172414,194.95269510316388,-4.336363636363637,3.88099589713839,-9.11590909090909,2.8265411364843507,6.511363636363637,R
670167,FC,295,0.1671388101983003,89.33966101694915,1.3566239184564797,2474.535593220339,77.27240833154987,5.391457627118644,2.1830011742094397,0.3990508474576271,2.1754859760751435,6.448135593220339,R
670167,FF,527,0.29858356940509917,93.70322580645163,1.1149558092225327,2264.0607210626185,79.53297683855594,10.387628083491462,1.7292531933358657,-10.824819734345352,2.0934125168110977,6.501707779886149,R
670167,SI,369,0.20906515580736543,93.08970189701898,1.1477540298631252,2237.2926829268295,83.51211169390834,-1.1785365853658536,2.24238009819299,-16.281300813008126,2.1933710502687287,6.536585365853658,R
670167,ST,486,0.2753541076487252,82.26995884773662,1.0693107898610714,2625.08024691358,127.81826556119799,1.188395061728395,2.5993941197894905,14.98172839506173,2.6038237339380066,6.3845679012345675,R
670174,CH,36,0.17391304347826086,91.87777777777778,1.00686532256195,1747.7777777777778,126.95220948082584,5.756666666666666,1.9643770368381785,-17.973333333333336,1.5717215311334802,6.400000000000001,R
670174,FC,55,0.26570048309178745,89.38000000000004,0.9794934442901636,2221.8727272727274,88.89278905585056,2.1316363636363636,1.9735536322567824,4.575272727272728,2.2969027894628944,6.592727272727272,R
670174,FF,61,0.2946859903381642,94.70983606557378,1.0671933467484989,2203.1803278688526,66.37557487427668,15.906885245901638,1.4106210700534316,-4.595409836065573,1.605691516419527,6.6000000000000005,R
670174,SI,36,0.17391304347826086,94.85555555555555,0.8216514535440866,2114.75,86.7477047864339,9.676666666666668,1.648892268853764,-17.19333333333334,1.561083872552291,6.522222222222222,R
670174,SL,19,0.09178743961352658,85.3157894736842,1.3229861668440894,2380.9473684210525,81.39783895862656,-3.416842105263158,3.1316113222563575,3.9473684210526323,1.795503154814095,6.6947368421052635,R
670183,FF,84,0.5915492957746479,94.22500000000001,0.7571148470121714,2483.809523809524,59.07142423554974,19.591428571428573,1.1517709181293543,-4.448571428571429,2.046901356565867,5.941666666666666,R
670183,SL,54,0.38028169014084506,86.03703703703704,0.9550849604204042,2487.222222222222,67.0569081513427,4.495555555555556,1.679953578274481,1.2711111111111109,2.1943827658980646,6.04074074074074,R
670245,CU,127,0.14205816554809844,82.83937007874016,1.0438145459798889,2221.527559055118,119.6424452719902,-11.488818897637797,1.7300842323622905,12.297637795275588,1.8844840381358372,6.9543307086614154,R
670245,FC,229,0.25615212527964204,90.06157205240174,1.1527652377004582,2090.1004366812226,134.03833390470362,7.371353711790393,2.4722296921311786,1.223056768558952,2.2642049263522024,7.037117903930131,R
670245,FF,185,0.20693512304250558,94.11621621621622,0.8643650325633345,2210.5297297297298,99.08620770314997,15.613621621621624,1.663395024708688,-7.097513513513515,1.9209995929093,7.085945945945946,R
670245,SI,147,0.1644295302013423,93.4421768707483,0.9151633711527846,2170.2517006802723,112.81593953356635,8.133877551020408,1.9497447844857998,-16.32,1.875617158704675,7.140816326530614,R
670245,ST,193,0.21588366890380314,84.86632124352332,0.9979956164391598,2119.647668393782,97.57214322006118,5.464041450777202,3.1603168087402596,11.562901554404144,3.5335357463122294,6.967357512953367,R
670280,CU,580,0.31016042780748665,77.35,1.3262918556470844,2441.7344827586207,86.15110144617017,-7.329517241379312,2.4719291288403977,8.100620689655171,2.0038738720059173,6.237413793103448,R
670280,FF,797,0.42620320855614974,96.62208281053951,0.9495908551206537,2407.718946047679,116.44917715119028,18.02258469259724,1.491186787290415,-8.561706398996234,2.100963430381574,6.645545796737767,R
670280,FS,493,0.2636363636363636,91.49614604462475,1.3387309528032396,1684.1176470588234,167.28126827712552,4.268884381338743,2.4390274811240493,-8.676511156186614,3.5203811921705714,6.577484787018256,R
670329,CH,308,0.25040650406504067,86.3788961038961,1.0563177772334558,2337.8766233766232,109.76850547298619,13.862337662337664,1.984095652905842,-15.37675324675325,1.9499255420903292,6.068831168831169,R
670329,CU,228,0.18536585365853658,85.63552631578948,1.3317575364413392,2532.6754385964914,127.04940213754342,-7.838421052631579,2.921785278559014,-0.14052631578947372,1.8948294320062002,5.825877192982456,R
670329,FF,446,0.36260162601626017,95.37735426008969,1.045548378266839,2500.042600896861,81.7973680324762,18.75121076233184,1.8130835030928063,-10.470941704035875,2.241181171566671,5.961210762331838,R
670329,SL,248,0.2016260162601626,87.97500000000001,1.4490329037931826,2400.7741935483873,88.27316259296943,4.509193548387096,2.7179784094896955,1.0040322580645162,1.4102516037926491,5.872580645161291,R
670766,FF,20,0.23255813953488372,88.915,1.3720039128377526,2343.5,66.42645319607638,14.16,2.792079021653559,-5.442,3.748368908429933,6.475000000000001,R
670766,SI,20,0.23255813953488372,90.08000000000001,0.9589467906867503,2206.65,95.65193205190975,7.2299999999999995,2.2476514058245916,-16.29,1.3686951142564487,6.544999999999999,R
670766,ST,36,0.4186046511627907,82.23888888888888,1.2572709169984646,2667.5833333333335,63.938083889248446,4.3900000000000015,3.197289923848455,11.293333333333333,3.514033905031977,6.438888888888889,R
670810,CH,48,0.20600858369098712,87.81666666666666,1.3159145890496686,1616.8333333333333,124.42520325751435,5.845,2.0814009193891603,-14.4325,1.9456383298645965,6.2770833333333345,R
670810,CU,23,0.09871244635193133,82.9913043478261,0.7988133491613784,2223.8695652173915,122.67929526275412,-8.780869565217392,2.1884945282991364,2.2173913043478257,2.5573516439531816,6.256521739130435,R
670810,FC,25,0.1072961373390558,91.804,0.7908223567907016,2246.68,91.57270335640419,10.2288,2.004179632667691,-1.0031999999999999,2.7736358809331843,6.296,R
670810,FF,64,0.27467811158798283,95.15625,1.0105593296438153,2223.28125,81.71154622031261,16.39125,1.5078793055148678,-5.416875,2.6346150437153866,6.303174603174604,R
670810,SI,22,0.0944206008583691,94.9090909090909,1.0532982623346676,2131.0,92.48577754238242,11.776363636363635,2.252098588416602,-13.505454545454546,1.9682255176457009,6.2681818181818185,R
670810,SL,38,0.1630901287553648,86.26842105263157,1.3986683363901837,2379.842105263158,91.14067721987108,1.2221052631578946,2.3580972149397663,3.236842105263158,1.9322219463796397,6.178947368421052,R
670871,FF,17,0.2982456140350877,97.24117647058824,1.1253104146908819,2328.294117647059,86.41742062938059,13.588235294117647,2.101083753965194,-8.901176470588235,2.1754593835352947,6.3,R
670871,SI,15,0.2631578947368421,97.56,1.1280830769812247,2372.5333333333333,65.30572788996456,9.711999999999998,2.500934682416613,-17.152,2.6568810930971574,6.286666666666665,R
670912,CH,39,0.047503045066991476,88.5769230769231,1.3277328398164763,1880.025641025641,156.24550303920114,7.015384615384614,2.274982760089503,-16.11692307692308,1.6460833160568789,7.28974358974359,R
670912,CU,140,0.1705237515225335,77.30142857142857,1.6152147868970537,2282.1714285714284,77.0099445000536,-2.2405714285714287,2.186809301909704,9.295714285714284,2.227316074605786,7.117857142857143,R
670912,FF,303,0.3690621193666261,95.01782178217822,1.4340972682338373,2316.3300330033003,96.58563432148527,14.921980198019805,1.8127879190191232,-5.521980198019802,2.5822483733866965,7.332013201320133,R
670912,SI,82,0.09987819732034105,94.33658536585367,1.7287340829808784,2264.5975609756097,86.633591944678,7.8219512195121945,2.3211589479802144,-13.649268292682924,3.0494479486175714,7.343902439024391,R
670912,SL,252,0.30694275274056027,86.14682539682539,1.948201193334764,2372.3849206349205,84.85468390883662,1.469047619047619,2.153139624997725,6.553809523809524,1.8232862311512552,7.302380952380951,R
670950,CH,216,0.2979310344827586,80.01759259259259,0.8954488237961439,2532.240740740741,103.29270852677641,-1.078888888888889,2.385640505221824,-11.47,2.748808452216477,6.374537037037038,R
670950,FF,450,0.6206896551724138,92.15244444444446,0.8283430090000565,2258.1444444444446,59.36748285292216,19.535733333333333,1.2648566632702511,-6.763733333333332,2.2815835394877544,6.483777777777777,R
670950,SL,59,0.08137931034482758,84.78644067796611,1.3927716879907115,2185.7457627118642,90.10254564514716,3.0752542372881355,2.277264962649504,4.057627118644068,1.9216124147068128,6.433898305084745,R
670955,CH,472,0.3881578947368421,88.42521186440678,1.1300094684359518,2150.9157667386607,110.45268633991229,-0.3005084745762711,2.3544985528074105,-15.588559322033896,1.9523446736453112,6.315042372881355,R
670955,FC,193,0.15871710526315788,89.38963730569947,1.2073543619284706,2554.0366492146595,71.07019300646581,9.198963730569949,1.9013040929546254,0.6764766839378239,1.8727909266445841,6.129533678756476,R
670955,FF,495,0.40707236842105265,93.95131313131311,0.8974961194018557,2410.564681724846,68.62265928493856,12.962666666666667,1.5312653072853006,-12.10909090909091,1.7219423942535692,6.108888888888889,R
670955,SI,20,0.01644736842105263,94.04,0.7542162191726978,2335.7,72.54987395251845,5.736000000000001,1.2468334629013316,-17.688000000000002,1.6551851542159395,6.25,R
670955,ST,36,0.029605263157894735,82.13888888888889,1.0797559983037905,2500.714285714286,55.18928467426573,2.8700000000000006,2.4127163115459718,13.07,3.5359298635578162,6.213888888888889,R
670970,CH,245,0.1253838280450358,91.62,1.0534720113455909,1153.8326530612244,194.43889573670558,0.5500408163265306,3.8586550041368235,12.157224489795917,3.2503516283003155,6.248571428571429,L
670970,FC,40,0.02047082906857728,94.095,0.9888999327146689,2574.8,101.34586629648304,12.471,3.0130041231557994,-1.068,2.184611917657054,6.2425,L
670970,FF,156,0.07983623336745138,98.56346153846154,1.4888872891530402,2455.474358974359,73.3536241572684,15.639230769230771,2.1316053433856776,5.46,1.9142090087114987,6.301923076923076,L
670970,SI,1064,0.5445240532241555,98.36992481203006,1.228922997872092,2411.2659774436092,96.67706584100988,9.997218045112781,2.1000770862108333,15.366992481203008,2.1056067195742707,6.305545112781954,L
670970,SL,441,0.22569089048106447,88.18503401360545,1.5044639822343522,2857.140589569161,105.48124869385674,-0.9014965986394556,2.18523277948977,-5.678367346938775,1.941492645369089,6.22108843537415,L
670990,CU,244,0.16245006657789615,84.09590163934426,1.542345898605045,2461.9549180327867,107.88403513700167,-6.690491803278688,2.8926598898964366,13.446885245901639,2.4648665710570934,6.984426229508196,R
670990,FF,492,0.32756324900133155,96.46890243902439,0.917108498820674,2345.0508130081303,79.21354429737592,13.258292682926829,1.7473178549011428,-10.64829268292683,1.891946145001992,7.023983739837399,R
670990,SI,266,0.17709720372836218,96.40526315789475,0.9591124662621293,2242.6090225563908,86.30694102579281,5.791127819548873,2.13147328058896,-17.095037593984962,2.0834230266595695,7.0,R
670990,SL,24,0.015978695073235686,86.9875,1.0723045073680044,2568.9166666666665,66.55949719361367,1.3650000000000002,2.474195521429313,3.765,1.6761991165314667,7.054166666666667,R
670990,ST,462,0.30758988015978694,83.95519480519481,1.271003610887222,2632.774891774892,88.47582103795179,2.2649350649350652,2.5139171618927483,16.22103896103896,2.879537916842007,7.0049783549783555,R
671083,FA,39,1.0,64.59230769230768,4.4432908984329575,1418.2820512820513,106.58995428076817,14.661538461538461,2.8595155445979956,-8.94769230769231,2.513042255219402,4.751282051282052,R
671096,CH,888,0.1884150222788033,85.25563063063063,1.185506160051766,1980.5529279279278,159.14935060346778,9.831216216216214,1.9642212000582213,14.877162162162163,1.795229318884615,6.395495495495497,L
671096,CU,568,0.12051771695310842,80.17588028169014,1.069737279931905,2794.7552816901407,91.23206242148164,-5.384366197183099,3.011168034321374,-8.813028169014085,2.3653911129812957,6.322887323943662,L
671096,FC,150,0.031826861871419476,88.71666666666667,1.335394100976075,2542.5533333333333,94.56509683360922,8.1424,1.838508178428274,-1.4504,3.396843161390771,6.342,L
671096,FF,2223,0.4716740929344367,92.68672964462436,0.9612563328301819,2301.8036036036037,86.27457130827104,16.36885290148448,1.5924776159180931,8.061214574898786,2.279280082846578,6.408277103013945,L
671096,ST,884,0.18756630596223212,82.43925339366515,1.112407074129269,2814.6617647058824,119.11576764444558,0.8341628959276016,3.6720067247757595,-12.83266968325792,3.4586065608328322,6.419004524886877,L
671106,CH,521,0.17613252197430695,82.39059500959694,1.1538430065413052,961.4184261036469,111.19003814597197,5.910863723608445,2.9628260000197497,9.778473581213307,3.5040695694906074,6.287332053742802,L
671106,FC,369,0.12474645030425964,85.5661246612466,1.7969528542797943,2273.021680216802,111.45648676382375,6.3343089430894315,2.9461299452493273,-4.198985915492957,2.320610451375393,6.305149051490513,L
671106,FF,971,0.328262339418526,91.16405767250257,1.1373126277173302,2229.3861997940267,89.37943082565924,16.224346035015447,1.7208021564315938,6.4675291622481454,2.1518523455223355,6.317507723995881,L
671106,SI,417,0.140973630831643,89.03309352517986,1.0761658585805076,1964.0551558752998,128.54733612017571,9.129784172661873,2.531780348322646,13.759511002444988,2.437873501901956,6.375779376498801,L
671106,ST,676,0.22853279242731575,78.08875739644971,1.6660508000849585,2299.335798816568,85.58674848681969,0.7899408284023669,3.0331022128392857,-14.228831562974202,2.962559734896843,6.269230769230769,L
671109,CH,54,0.15083798882681565,84.52592592592592,1.2920928153449767,1708.7222222222222,119.54290564189986,4.873333333333333,2.759696455826598,14.97777777777778,2.0277868469973233,6.805555555555556,L
671109,FF,169,0.4720670391061452,93.4562130177515,1.2858570801390858,2003.8047337278106,111.37694886897918,13.887337278106509,2.0936123114288274,9.187455621301774,1.9880700828363187,6.866272189349113,L
671109,SL,74,0.20670391061452514,87.33108108108108,1.4833251867928894,2285.8513513513512,100.50852651520877,5.083783783783784,3.302954552295256,-3.9032432432432436,2.0174146673458617,6.791891891891892,L
671109,ST,59,0.164804469273743,82.98474576271187,1.3461072303603037,2459.9661016949153,77.61286911191071,0.3986440677966102,2.8272268962451763,-10.141016949152542,3.351963755315554,6.757627118644068,L
671111,CH,26,0.11981566820276497,84.2923076923077,1.3664327504632146,1955.5,119.45651928630768,0.8723076923076925,2.108057509068114,16.652307692307694,2.9337597825211357,6.911538461538461,L
671111,FF,18,0.08294930875576037,89.06111111111112,0.6344417545128008,2202.1111111111113,53.76406944604075,8.206666666666667,1.57385999825831,10.380000000000003,2.0613758968793863,6.705555555555555,L
671111,SI,74,0.34101382488479265,89.15270270270271,0.7793961436649014,2168.3783783783783,71.87921808043595,4.247027027027027,1.8093257123873825,15.356756756756756,1.7570181060403791,6.805405405405404,L
671111,SL,83,0.3824884792626728,80.83493975903615,0.8725395699937167,2469.0722891566265,88.22114440600743,4.639518072289157,2.2334092410671276,-5.024096385542168,2.9611595603438943,6.585542168674699,L
671131,FC,206,0.1446629213483146,88.8373786407767,1.1639340029610252,2159.247572815534,112.97753659275742,6.717669902912622,2.0857468470590037,1.796504854368932,1.7471826568970075,6.384466019417476,R
671131,FF,258,0.18117977528089887,95.58255813953487,0.9073232355699291,2377.686046511628,83.66357425237493,15.398604651162792,1.6282117588959601,-10.44186046511628,2.1394343655692665,6.337209302325581,R
671131,FS,145,0.10182584269662921,85.25448275862068,1.0605933422136369,1379.393103448276,182.9542405050343,2.1674482758620686,2.672909302226889,-13.528551724137932,3.070082106056943,6.424137931034482,R
671131,SI,454,0.3188202247191011,95.22092511013217,0.8432712654005287,2264.9735682819382,78.49938741931909,9.326167400881056,2.253797938216295,-16.904933920704845,1.7683831979231017,6.345154185022027,R
671131,SL,361,0.2535112359550562,85.23573407202217,0.9740366044783173,2046.3047091412743,117.24343717707922,0.10105263157894734,1.7460355093754538,1.5294182825484766,1.264856577112528,6.318282548476454,R
671162,CH,39,0.17410714285714285,84.73076923076923,1.1069526320284258,1373.8461538461538,83.96601394597523,-2.507692307692308,3.0388800408759153,11.547692307692307,2.5007477424272646,5.841025641025642,L
671162,FC,55,0.24553571428571427,87.05272727272728,0.9435658420674717,2649.072727272727,91.36067201248244,3.5825454545454543,2.241953693463887,-0.6850909090909091,1.6735866040370069,5.932727272727271,L
671162,FF,21,0.09375,91.32857142857141,1.0129870962370937,2465.3809523809523,144.26381257629242,12.142857142857142,1.7458325889304012,6.279999999999999,3.0005599477430875,6.119047619047619,L
671162,SI,72,0.32142857142857145,89.93888888888888,0.9028211738697093,2267.1111111111113,71.02143210655748,1.6766666666666667,2.686527681955928,15.18333333333333,2.0923657343297286,5.930555555555555,L
671162,ST,37,0.16517857142857142,83.20270270270271,0.7391761504414102,2656.7027027027025,155.20593217200616,-4.193513513513513,1.6494716598828718,-12.39891891891892,2.075968025583064,5.91081081081081,L
671212,FF,533,0.41935483870967744,98.29024390243903,1.0569758146384463,2578.124293785311,83.38421863957468,14.680975609756096,1.7625568260891538,-8.113846153846154,2.469965988390461,6.541996233521656,R
671212,FS,201,0.15814319433516916,92.87363184079601,0.8653041336900535,2013.3383084577115,148.22508213903737,2.416716417910448,2.7601578150857797,-16.007164179104475,2.422840567992547,6.612437810945274,R
671212,SI,54,0.042486231313926044,97.1148148148148,0.9647381905885927,2438.259259259259,100.99489715956516,5.78,2.142666298779287,-15.764444444444447,3.5065839242217014,6.684615384615384,R
671212,SL,446,0.35090479937057434,90.3627802690583,1.4428297356208868,2622.860045146727,96.060069380621,1.870493273542601,2.0392471024617085,3.644394618834081,2.09044535147933,6.531081081081082,R
671212,ST,37,0.029110936270653028,85.04054054054055,0.6913993296446215,2634.810810810811,80.42416643364446,1.255135135135135,2.508002327685458,16.04432432432433,3.9818452872872765,6.508333333333334,R
671305,FF,51,0.4214876033057851,97.38823529411765,0.9809479209057991,2376.372549019608,86.81519700704796,15.635294117647058,1.1178163586943546,-12.211764705882352,2.4010303670569044,6.258823529411766,R
671305,SI,27,0.2231404958677686,96.57777777777777,1.1968976992893332,2237.8888888888887,72.25879415914255,12.239999999999998,1.9332236927354907,-15.84888888888889,1.478308111252479,6.2370370370370365,R
671305,SL,43,0.35537190082644626,85.15348837209302,0.9480176905143906,1929.3023255813953,64.61112055385516,2.821395348837209,1.5466177866794013,1.8362790697674418,1.6454685586205036,6.176744186046511,R
671382,FC,38,0.20105820105820105,89.86315789473686,1.17391031763713,2510.184210526316,105.75567335446918,7.8852631578947365,2.781687934818369,1.1936842105263157,2.5033344476999577,6.681578947368422,R
671382,FF,110,0.582010582010582,96.11999999999999,1.1973824663165078,2478.672727272727,86.63178528606889,18.223636363636366,1.7799972823774364,-7.87309090909091,2.0289997289099366,6.725454545454544,R
671382,SL,41,0.21693121693121692,84.0219512195122,1.5802708937270782,2575.0,112.65411665802542,-5.446829268292682,2.0834567898379728,2.2770731707317076,1.1467655468805273,6.607317073170731,R
671737,CU,510,0.11929824561403508,81.83235294117647,1.4211676322793465,2502.2627450980394,151.99351651044827,-14.458117647058824,2.1527933117478875,3.9054117647058826,2.1853681421126123,6.33313725490196,R
671737,FC,990,0.23157894736842105,89.66232323232323,1.339213605236526,2179.822222222222,82.07688762012472,4.980484848484849,2.561480030507026,4.3329696969696965,2.1002224999107484,6.387777777777777,R
671737,FF,1842,0.43087719298245614,96.55119435396308,1.3116083008389332,2316.630293159609,77.33616043502542,18.496938110749188,1.526795668743097,-5.9214332247557,2.101660838842586,6.419001085776331,R
671737,FS,731,0.17099415204678362,91.2563611491108,1.327650061511318,1710.1108071135432,194.35631740677488,7.559835841313269,3.009863233660921,-11.635896032831738,3.0537394296574347,6.489192886456909,R
671737,SI,202,0.04725146198830409,96.04108910891091,1.261305018712386,2150.19801980198,150.1349654702589,15.362970297029701,2.7276215814607894,-10.463168316831682,1.8150706471417473,6.371287128712871,R
671922,FF,1392,0.6653919694072657,96.55129310344827,1.2200274809263614,2316.8081896551726,92.75748466252583,16.512068965517244,1.506157894828689,-8.277672413793104,1.9571896360532506,7.397413793103449,R
671922,FS,487,0.23279158699808794,87.0577002053388,1.6799401225305695,655.7063655030801,181.3988909400885,-3.5149897330595485,3.903778209708379,-7.080492813141683,4.063904314222223,7.326694045174539,R
671922,ST,213,0.10181644359464627,85.15774647887324,1.4369118457320185,2074.4413145539907,122.6843340945618,3.332394366197183,2.7320205381915024,13.16,2.906871494716004,7.212206572769953,R
671936,CH,43,0.11497326203208556,84.43720930232558,2.0054714747664404,1486.3023255813953,69.59971773469067,2.935813953488372,2.381838258230834,15.089302325581393,1.6428740718469095,5.937209302325582,L
671936,FF,147,0.393048128342246,94.5061224489796,0.9019176290333197,2297.061224489796,73.7184782405795,15.95591836734694,1.530924939823197,6.626938775510204,1.7964785234638858,5.9891156462585045,L
671936,KC,30,0.08021390374331551,78.8,1.6324299636452686,2867.733333333333,126.08315081540528,-14.728,2.8346311564475983,-10.056000000000001,4.248535325708509,5.776666666666666,L
671936,SL,154,0.4117647058823529,85.35584415584415,0.9230517028542301,2536.1233766233768,109.51224767640501,3.6163636363636362,2.4861051298321115,-3.565714285714286,1.8819121332599258,5.869480519480518,L
672021,FC,28,0.22950819672131148,90.34642857142855,1.1206751083220767,2191.4285714285716,95.44881450534727,10.53857142857143,2.263696934115477,0.34285714285714286,2.054124770170637,6.642857142857144,R
672021,FF,45,0.36885245901639346,94.4888888888889,0.9756634624291273,2157.0,68.28017148617758,15.888000000000003,2.12323252698247,-6.101333333333335,2.1339268113887218,6.777777777777778,R
672021,SL,49,0.4016393442622951,84.19795918367346,1.1714467187909086,2431.6326530612246,112.40527380079322,-1.6946938775510203,2.6356364680730793,-0.029387755102040843,1.5162184431495809,6.504081632653061,R
672282,CH,201,0.06633663366336634,83.64975124378108,1.6845214269373194,1647.5024875621891,96.03276130457301,10.84358208955224,2.9679870458742927,12.333731343283581,2.7226829612466243,6.348756218905472,L
672282,CU,435,0.14356435643564355,73.0119540229885,1.6279937605891455,2504.3663594470045,106.83432111564156,-15.547310344827586,1.5997052962344571,-10.825379310344829,2.008550278721346,6.099310344827586,L
672282,FF,1362,0.4495049504950495,94.74243759177679,1.3918538869480055,2156.854625550661,77.52778751377512,17.442643171806168,1.6410881688960959,8.815506607929516,2.1493112716119382,6.379690949227373,L
672282,SI,54,0.01782178217821782,94.39259259259259,1.4101855694629182,2090.462962962963,58.06363229103731,14.335555555555558,1.902759333641805,13.935555555555554,2.1771702827871717,6.316666666666666,L
672282,SL,976,0.3221122112211221,86.90625,1.767661609048113,2406.441598360656,144.94618867494012,-3.316967213114754,3.5020405220972384,-3.2636065573770487,2.081437004822422,6.266837782340862,L
672335,CU,133,0.12101910828025478,85.48345864661654,1.4557711926406554,2655.1729323308273,118.02513287034913,-10.101654135338345,2.7914740812226926,-3.7199999999999998,2.3972711759225507,5.836153846153846,L
672335,FF,178,0.16196542311191992,96.41348314606743,1.4328424605180754,2111.691011235955,113.54841685198915,14.224719101123595,2.0222402355723093,6.504269662921347,1.9494921184994338,5.874137931034483,L
672335,SI,383,0.34849863512283896,96.1485639686684,1.4920002300074635,2144.668407310705,118.39240468121322,7.167728459530026,2.086419516127315,14.712375979112272,2.1531626184315513,5.88798955613577,L
672335,SL,104,0.09463148316651501,88.18365384615383,1.0851254302625752,2352.019230769231,92.48804496548979,2.987307692307693,3.1434778312054403,-5.567307692307693,3.8513213545809095,5.988461538461538,L
672335,SV,294,0.267515923566879,84.8251700680272,1.7748852210128858,2587.3673469387754,101.74612598021416,-4.588979591836735,2.961391319237829,-11.891020408163266,2.8448410248940044,5.849146757679181,L
672391,CH,65,0.08248730964467005,89.58307692307692,1.0603020251868724,1971.3846153846155,88.08158368589534,7.471384615384615,1.7727026302752007,-15.036923076923078,1.3508202636233233,6.24,R
672391,FC,112,0.14213197969543148,90.57410714285713,1.3023710557269639,2310.3660714285716,79.03437449613207,10.352142857142857,2.5296844615294365,2.1632142857142855,2.32886246611954,6.248214285714285,R
672391,FF,428,0.5431472081218274,96.40490654205608,1.1265579337656821,2444.9859813084113,95.1880908346191,18.370093457943923,1.7261083709724532,-7.424018691588785,2.2567213621626783,6.258878504672897,R
672391,ST,183,0.23223350253807107,83.9120218579235,1.4293884650909252,2481.2677595628415,99.45969087368573,-2.304262295081967,2.8151422147140335,11.230163934426228,2.8512914897973913,6.1814207650273225,R
672442,FF,50,0.5681818181818182,100.44,0.8283250865328128,2074.74,94.59210175424646,12.506400000000001,1.6288944040642526,-12.2424,2.0457527530301927,6.054000000000001,R
672442,SL,29,0.32954545454545453,90.34827586206897,1.328968635998601,2379.103448275862,66.82992530488238,0.9765517241379311,1.8943077813394924,1.3613793103448277,1.4589030226703386,6.103448275862069,R
672456,CH,406,0.13294040602488538,86.97167487684729,1.0797853708586518,1988.4303482587065,180.20079234142372,8.166798029556649,2.1436724214453204,-15.32423645320197,2.0583051359894924,6.449999999999999,R
672456,FF,955,0.31270464963981665,94.15612565445026,1.1730515603459415,2229.0052576235544,81.77535965076834,16.328167539267014,1.6642232067106923,-5.662869109947644,2.170969056498828,6.370020964360587,R
672456,KC,441,0.1444007858546169,79.77006802721088,1.5007308052769612,2908.038636363636,115.66535603124893,-8.48108843537415,3.1001886590507466,12.437278911564624,3.2185405835472434,6.210204081632654,R
672456,SI,651,0.2131630648330059,94.29738863287251,1.1907758044335783,2232.637904468413,93.2250356113516,10.991152073732719,2.0256862221687135,-15.354285714285714,1.8919734682060434,6.394930875576037,R
672456,SL,599,0.19613621480026194,84.89616026711185,1.5708789950473159,2668.2240802675587,116.5351542078102,2.0251752921535893,2.5874902150605297,8.854156928213689,3.2605783463351834,6.25008347245409,R
672578,FF,394,0.5191040843214756,97.70913705583757,1.1575475375890993,2417.6319796954313,76.961370255424,17.51238578680203,1.6064535540355027,-8.339086294416244,2.1067957841221547,6.912944162436548,R
672578,FS,151,0.19894598155467721,88.81523178807946,1.4230834290076293,1255.0529801324503,267.2481939590854,9.615099337748344,2.920623647453781,-9.868609271523178,4.009884792980982,7.065562913907286,R
672578,KC,52,0.06851119894598155,82.66346153846153,1.3346114726037048,2426.403846153846,98.57519467150388,-5.969999999999999,2.889872783684838,5.983846153846153,2.4609930674075566,6.8307692307692305,R
672578,SL,147,0.19367588932806323,86.57210884353742,1.6399458023505789,2057.081632653061,82.39318616295469,2.129795918367347,2.0712756539818034,3.068571428571429,2.2895402421770066,6.849659863945578,R
672582,CH,59,0.04363905325443787,90.49491525423728,1.3268349335807346,1635.6440677966102,122.56184402477773,5.694915254237287,2.972256992695175,13.76542372881356,1.839976875823489,5.805084745762712,L
672582,FF,246,0.1819526627218935,96.16016260162601,0.9860860447945253,2002.841463414634,102.44713553775182,11.512195121951219,2.501271035778627,9.633658536585365,2.354952495137726,5.552032520325203,L
672582,SI,644,0.47633136094674555,96.35962732919255,1.0152417837948733,2054.2329192546586,96.91267703775851,3.693913043478261,2.5188914034202874,16.668260869565216,1.4810844940964891,5.558850931677018,L
672582,SL,403,0.2980769230769231,85.36178660049629,1.8972430335823407,2599.501240694789,99.25311566195845,-6.359404466501241,2.9969058077585644,-5.6793052109181135,3.0644349732245963,5.5218362282878415,L
672710,CH,22,0.10138248847926268,88.15454545454544,1.6040802950830086,2077.5454545454545,103.19363549621852,12.109090909090911,2.528261041922668,-15.027272727272726,2.7276191987714293,6.327272727272728,R
672710,CU,38,0.17511520737327188,78.95,1.2674191695533685,2649.315789473684,86.52576721765101,-6.982105263157896,3.497998777598365,8.062105263157894,2.733981511923429,6.052631578947367,R
672710,FF,92,0.423963133640553,95.35652173913043,1.2099681539561906,2360.8152173913045,85.45726126052732,16.88869565217391,1.8154388065150167,-7.531304347826087,2.241140416817513,6.353260869565218,R
672710,SI,25,0.1152073732718894,95.544,1.261308844018783,2242.0,95.7501087901906,14.663999999999998,1.7465394355696637,-13.9872,2.3126815604401747,6.392,R
672710,SL,37,0.17050691244239632,84.21351351351349,1.518435262250467,2480.4324324324325,55.8850708252315,-0.5318918918918919,2.197369434672384,3.99891891891892,1.039251289748174,6.175675675675675,R
672724,CU,32,0.8,38.753125,2.6662749628309816,932.71875,65.135706661232,16.908749999999998,1.9089259773749143,-1.7737500000000002,2.0263454311769284,3.809375,R
672782,CH,114,0.06067056945183608,89.66929824561403,1.497675319149586,1874.9122807017543,133.2953710900885,6.249473684210527,2.9059075751965233,-17.176842105263155,1.9010487630850996,6.880530973451329,R
672782,CU,162,0.08621607237892497,80.7753086419753,1.5293834964794588,2561.098765432099,86.31800297862507,-8.945185185185185,2.064778941507949,12.67037037037037,3.0364536541252845,6.743209876543209,R
672782,FC,201,0.10697179350718468,90.94129353233829,1.7097181985368115,2515.0,129.37430193048385,9.942686567164179,2.4791375004764573,1.9062686567164178,2.2917230433590103,6.827860696517414,R
672782,FF,717,0.3815859499733901,94.50139470013947,1.4709850219415361,2456.118549511855,88.51167681143183,16.42058577405858,1.6590951941023242,-6.876652719665271,2.5959431087066096,6.869177126917712,R
672782,SI,297,0.15806279936136242,93.44377104377104,1.1478107487602278,2320.814814814815,88.02450547184895,10.69818181818182,1.9825558665842848,-16.25858585858586,1.81306352475564,6.86969696969697,R
672782,SL,15,0.007982969664715274,86.84666666666665,1.5277746031713064,2516.9333333333334,98.4381362413301,5.056,2.995837111726871,5.5840000000000005,1.7930532618971473,6.9399999999999995,R
672782,ST,373,0.19850984566258648,83.13002680965148,1.6890887182750471,2704.651474530831,104.36230692491844,4.500482573726541,3.27905519811775,14.282252010723862,3.189225016385184,6.872654155495979,R
672841,CH,33,0.024793388429752067,93.7,1.3686215693170987,1733.4545454545455,245.06339625047676,4.705454545454544,4.211102209419979,-14.865454545454547,2.4325463650631245,6.636363636363637,R
672841,FC,185,0.13899323816679188,95.15729729729729,1.6471197665210615,2270.927374301676,132.64220810146847,8.562162162162162,2.708279510749052,-0.1349189189189188,3.1517962647476256,6.612972972972973,R
672841,FF,40,0.03005259203606311,97.64000000000001,1.0826842236797989,2182.175,156.18051480619533,11.784,2.7690420448512234,-9.006,3.384411322519767,6.6325,R
672841,SI,815,0.6123215627347859,97.69546012269937,1.1065103314383635,2164.6961394769614,132.67547951817258,5.0913865030674845,2.3709055313091976,-15.600294478527609,2.4153635833880562,6.696196319018404,R
672841,SL,258,0.19383921863260706,90.24496124031008,1.8340048347538243,2384.7421875,127.27282698103747,2.2148837209302323,3.0169578091554796,3.561860465116278,2.2032242971180795,6.560465116279071,R
673380,FF,101,0.5126903553299492,96.25148514851483,1.280282301790205,2354.7425742574255,121.65292051285464,15.679603960396038,1.8815355010161672,-5.714851485148515,2.0399189267524265,6.415841584158418,R
673380,SL,93,0.4720812182741117,88.7548387096774,1.181148679025437,2414.7956989247314,82.35521671655115,1.6412903225806457,2.125754712938264,0.2451612903225806,1.3292067043289766,6.466666666666668,R
673513,FF,644,0.3888888888888889,92.00124223602485,0.8064851896576517,2431.833850931677,133.48161855298136,19.49534161490683,1.4552845861958275,4.587391304347825,2.2188027320143995,5.845962732919255,L
673513,FS,496,0.2995169082125604,83.74173387096775,1.1339090417184456,1154.9415322580646,153.86207456276725,3.4054838709677417,3.9587059113640435,9.021532258064516,3.004370296712007,5.882056451612903,L
673513,SI,32,0.01932367149758454,91.2,0.8736279565419218,2143.34375,111.11476466887447,13.13625,2.350914372557362,12.86625,1.9242857912616862,5.775,L
673513,SL,336,0.2028985507246377,86.03184523809523,1.44429836909218,2663.2113095238096,110.99748547674685,5.799642857142857,3.2938629307238316,-3.5467857142857135,2.5567463749043147,5.72827380952381,L
673513,ST,146,0.08816425120772947,81.30410958904108,1.2042383033916884,2871.5479452054797,85.78249015060332,-1.7621917808219176,3.4930813377206062,-13.127671232876711,3.155967099408049,5.682876712328768,L
673540,CU,36,0.013086150490730643,68.24444444444445,2.421504189482757,2428.4444444444443,108.74385222542651,-11.62,2.708538878647094,4.49,3.0898377211201793,6.163888888888888,R
673540,FC,554,0.20138131588513267,89.55830324909748,1.6730319225409727,2460.1137184115523,85.6231264046023,8.052779783393502,2.3246735052925165,-0.9433212996389894,2.1217241482618934,6.362093862815884,R
673540,FF,905,0.32897128316975643,95.17049723756907,1.4594300758469412,2370.9469026548672,120.59420735482566,16.41414364640884,1.6380653659300954,-7.222939226519337,2.287706802310536,6.3797790055248615,R
673540,FO,745,0.2708106143220647,82.6786577181208,1.4590792214106516,1183.2026845637583,138.07143426692346,0.7477046979865771,3.3674292576314993,-10.100939597315437,2.918318059904706,6.303758389261744,R
673540,SI,147,0.05343511450381679,88.80136054421769,1.7443445365718881,2212.1156462585036,79.63396716301773,6.563265306122449,2.1167641896559966,-15.543673469387755,2.170172672137875,6.288435374149659,R
673540,SL,137,0.04980007270083606,84.6956204379562,2.016106783073677,2495.7445255474454,115.50082945952992,1.5162043795620437,2.939311176656186,1.0475912408759123,2.1221938307366814,6.382481751824817,R
673540,ST,225,0.08178844056706652,80.29066666666667,2.348432607993194,2554.222222222222,85.6978415112221,-3.1445333333333334,3.47246038751447,8.988266666666668,3.270254074882518,6.234375,R
673820,SI,26,0.4262295081967213,93.8769230769231,0.9713115637354254,2470.5384615384614,53.81392442052951,10.41230769230769,1.574263783976009,-17.072307692307692,1.6311377812859527,7.0,R
673929,FF,796,0.5306666666666666,96.13467336683418,0.8764013146075017,2363.0125628140704,100.67223030798876,19.232713567839195,1.61755562877851,-3.91070351758794,2.3046047440836834,6.937389100126743,R
673929,FS,44,0.029333333333333333,87.0909090909091,0.8268230546110604,961.7045454545455,188.07971832171228,9.976363636363637,4.25632065745898,-6.818181818181817,3.849256813033522,6.9772727272727275,R
673929,SI,28,0.018666666666666668,95.81428571428572,1.0793394021222167,2296.464285714286,105.92501965239273,18.115714285714287,1.6344563680464583,-10.084285714285713,1.4756628857503165,6.9107142857142865,R
673929,SL,632,0.42133333333333334,87.27737341772152,1.0779937048478665,2438.0632911392404,102.18561983332182,3.2263291139240504,2.681911080193943,6.4291139240506325,1.393040605880348,6.8312,R
673965,CU,32,0.32653061224489793,82.809375,1.169328281122225,2899.1875,83.37804983056624,-14.5875,2.335243304309549,5.085,1.7798223905590926,5.734375,R
673965,FF,50,0.5102040816326531,96.03399999999998,0.8995713264819913,2233.9,106.92974042685739,16.6128,1.587758065156461,-9.6408,1.6646429291690916,5.7059999999999995,R
673965,SL,16,0.16326530612244897,88.61874999999999,0.8239892798655409,2797.875,71.26090559813751,1.05,2.76902871057705,6.2325,3.4035657772400993,5.65,R
674072,CH,25,0.2336448598130841,81.944,1.4739629122425928,1280.6,106.41585094962748,3.7632000000000003,4.853561166813497,11.980799999999999,2.562657995129276,6.816,L
674072,CU,30,0.2803738317757009,77.71666666666667,0.8271610497955342,2133.6,104.8718758525258,-10.572000000000001,1.4809186338215883,-9.735999999999999,2.1433225898445456,6.490000000000003,L
674072,FF,27,0.2523364485981308,89.02962962962962,1.0421187053361027,2119.6296296296296,49.93776753901427,16.22222222222222,1.4674450149136324,6.502222222222224,2.003023355855484,6.755555555555555,L
674072,SL,23,0.21495327102803738,85.05217391304348,0.8753542478839846,2163.782608695652,67.74280003455526,6.907826086956521,1.1319771782221628,-1.9200000000000002,1.7442268409605652,6.726086956521739,L
674285,FF,123,0.22003577817531306,95.29512195121953,1.0028527880572475,2165.829268292683,85.88065559366626,13.236097560975612,1.9510361409237718,-10.739512195121952,1.9683486686579277,6.777235772357724,R
674285,SI,249,0.44543828264758495,94.35100401606427,1.0721591288444319,2010.4056224899598,74.94331277405917,5.678072289156627,2.680184661051147,-15.89301204819277,2.382265999885213,6.702409638554217,R
674285,SL,178,0.3184257602862254,87.4870786516854,1.3103246695157942,2024.573033707865,133.17584379460726,-0.2676404494382022,3.110226624428476,5.236179775280899,3.12035544318144,6.625280898876405,R
674370,CH,167,0.0962536023054755,88.84670658682636,1.2338003016997627,2171.443113772455,114.39103326507211,9.658922155688623,2.1329172934389056,-15.944191616766465,2.115097573681734,6.416167664670657,R
674370,FC,94,0.054178674351585014,86.57340425531915,1.0628805991990544,2190.691489361702,83.64428350670084,6.0357446808510655,2.0598901157464438,-0.12382978723404256,2.0049321477178834,6.111702127659575,R
674370,FF,624,0.35965417867435157,94.5224358974359,1.2400913194742835,2433.227564102564,107.48956189494994,15.606730769230767,1.6872832508176976,-9.948269230769231,2.547957899080817,6.311217948717949,R
674370,SI,283,0.16311239193083574,94.82296819787986,0.9213401946643753,2329.3992932862193,73.16783097004097,9.523250883392226,2.0760425127748485,-15.800141342756183,1.7761940288657465,6.369257950530035,R
674370,SL,489,0.2818443804034582,85.5316973415133,1.585900149838984,2245.411042944785,119.86898910867076,2.9899386503067484,3.477071530851031,6.533251533742332,3.466188122792058,6.134355828220858,R
674370,ST,76,0.04380403458213256,85.35394736842105,1.2890762366360062,2477.2236842105262,143.37453039125282,3.1531578947368417,3.1645192201560164,10.468421052631578,3.4778127427571786,6.1644736842105265,R
674384,FF,155,0.6224899598393574,98.07612903225807,0.9881166574332763,2630.3870967741937,92.04935061861521,14.948129032258064,1.769139047744849,-5.419354838709677,2.282274349073906,5.743870967741937,R
674384,SL,88,0.3534136546184739,88.16477272727273,1.0896630052428022,2905.5454545454545,98.63853774527807,-1.060909090909091,2.8183567546068837,7.692272727272728,2.7298830454813023,5.715909090909092,R
674444,FC,309,0.25579470198675497,93.47411003236246,1.3969968720726769,2179.462783171521,81.69305916419968,8.633786407766989,1.871678937515547,0.6003883495145631,2.643141549613338,6.727831715210355,R
674444,FF,652,0.5397350993377483,98.184509202454,1.1232999053389703,2225.3052147239264,103.02425603068332,14.900613496932516,1.8175474074962963,-10.155644171779143,1.9963058161499816,6.7026073619631905,R
674444,SL,244,0.20198675496688742,89.20040983606556,1.4791694352488691,2206.3852459016393,96.74028246059946,3.564098360655738,2.296137301818836,5.192459016393442,1.938738001759313,6.713114754098359,R
674841,CH,47,0.036949685534591194,85.65744680851064,1.2078987649869444,1824.4255319148936,127.30001275331252,4.771914893617021,2.742501744518388,15.191489361702128,1.750923953260609,6.317021276595745,L
674841,CU,370,0.2908805031446541,82.8008108108108,1.5617460841375987,2704.262872628726,99.6044282311149,-12.337297297297297,2.6804204748910005,-10.737729729729729,3.00976211728382,6.229810298102982,L
674841,FF,387,0.30424528301886794,92.01912144702841,1.2476906141476332,2328.0387596899227,74.05358686083379,13.650232558139534,2.3813225518681143,2.9968992248062016,2.2701757932603144,6.41343669250646,L
674841,SI,142,0.11163522012578617,91.8387323943662,1.1316120799596203,2263.211267605634,60.87585681583982,6.563661971830987,2.87762275776211,13.171267605633805,3.1505518731143436,6.319718309859155,L
674841,SL,326,0.2562893081761006,83.37423312883436,1.4509026986219073,2652.75,78.55342190432737,-2.9226993865030675,2.286110586557189,-2.098159509202454,1.8139083987605087,6.284307692307692,L
674944,FS,43,0.2275132275132275,83.32093023255814,0.7695261806044409,1369.3720930232557,98.49631930657877,2.528372093023256,2.64834982784209,14.36372093023256,2.358430696212465,6.379069767441861,L
674944,SI,81,0.42857142857142855,90.08148148148149,0.8369753746543426,2044.9012345679012,72.3387180108743,5.474074074074074,2.363083672755674,13.260740740740742,2.725421883753861,6.337037037037036,L
674944,SL,60,0.31746031746031744,78.79166666666669,0.9569180165486895,2299.3333333333335,108.87960489266078,-3.764,2.8105148813527183,-15.482,2.449671579509716,6.286666666666667,L
675512,CU,78,0.049681528662420385,78.44358974358975,1.7545184519790606,2446.1794871794873,85.75724475695932,-9.252307692307692,1.7934519592311164,15.306153846153848,2.4963751543165364,6.848717948717949,R
675512,FC,233,0.1484076433121019,91.76652360515021,1.7104633422980942,2313.3476394849786,95.70804296368425,6.882231759656652,2.0974734796368892,4.040343347639485,2.1577222710176676,6.8236051502145925,R
675512,FF,642,0.4089171974522293,96.80700934579438,1.3211931790806297,2239.3769470404986,91.92225890947519,14.893457943925231,1.9164158740838835,-6.434205607476636,2.24893111891592,6.829906542056074,R
675512,FS,146,0.0929936305732484,88.57328767123288,1.4892391529252689,1322.0958904109589,194.29324899152945,0.7372602739726027,3.1110105954325706,-9.325479452054795,2.3863872802416224,7.002739726027398,R
675512,SI,162,0.10318471337579618,95.73024691358026,1.2671722079076388,2131.0061728395062,88.67376854932989,10.102222222222222,1.9202432558117952,-14.060000000000002,1.878285196529831,6.932098765432099,R
675512,SL,309,0.19681528662420383,85.99093851132686,1.7832323524516498,2413.2718446601943,83.91270133277087,-0.9285436893203884,1.8077982632431768,7.177864077669903,1.4327819981394272,6.8860841423948225,R
675540,CU,21,0.2,73.08571428571429,0.9150331766038399,2505.3809523809523,107.950208981028,-11.457142857142859,2.9388044216264935,11.040000000000001,2.0047543490412982,6.019047619047619,R
675540,FF,40,0.38095238095238093,90.4725,0.848222122578025,2095.3,87.643274640691,19.176,1.5852861910999883,-4.812,2.4736096327805273,6.11,R
675540,SL,35,0.3333333333333333,81.64000000000001,2.1288218227322773,2393.5142857142855,73.45041201525069,2.5817142857142863,3.531869597981055,6.140571428571429,1.8087986634896702,5.997142857142856,R
675627,SL,17,0.5,85.42941176470588,0.7800358211985787,2320.1176470588234,90.26688370669305,0.6917647058823528,2.7932334204603224,5.4423529411764715,2.012882042656017,6.929411764705883,R
675650,CU,15,0.13274336283185842,83.72666666666667,1.1144932651636972,2561.866666666667,67.57838482264943,-12.224,2.4928606631166303,5.087999999999999,2.7359699246467293,6.12,R
675650,FC,32,0.2831858407079646,88.078125,1.0891649287116625,2324.03125,162.524535988838,2.1525,1.9421155741164855,0.78,1.0806449687048456,6.065625,R
675650,FF,59,0.5221238938053098,96.72372881355932,1.0357970416046018,2350.362068965517,99.76194441538829,16.600677966101696,1.31842103108066,-11.247457627118642,2.049329236957655,6.264406779661017,R
675660,CH,66,0.05221518987341772,84.8151515151515,2.3061284522394754,1441.46875,369.068839827675,4.6,3.491302600198649,11.01818181818182,3.6192659302855703,6.03939393939394,L
675660,CU,174,0.13765822784810128,79.97241379310346,1.3583558282383998,2850.591715976331,79.56222588709623,-8.786206896551723,2.2484714095335376,-10.015172413793103,2.374533413039123,6.022988505747127,L
675660,FC,140,0.11075949367088607,90.26071428571429,1.4299316494492342,2624.3307692307694,89.71033389278871,11.724857142857143,2.144234862348955,0.2957142857142858,1.9815708988407608,6.128571428571429,L
675660,FF,380,0.30063291139240506,94.77078947368419,0.9902769570195723,2414.9704301075267,99.45672743811052,14.28126315789474,1.8096727744589547,11.538315789473684,1.918586029825023,6.216315789473684,L
675660,SI,248,0.1962025316455696,94.63709677419355,0.9280136588007343,2376.6413502109704,92.21521701442047,8.346774193548388,1.7036600506668615,15.308225806451613,1.9016762468925403,6.215322580645162,L
675660,SL,256,0.20253164556962025,85.82265625,1.5884986051701306,2826.976,89.83219197403255,-0.18515625,2.293021975344276,-3.76828125,1.547069644616595,6.094140625,L
675848,CH,27,0.014354066985645933,93.16666666666664,1.0201809794194516,2052.1481481481483,172.8008421684659,6.75111111111111,2.943829705219603,-12.844444444444443,4.161912775241445,5.985185185185185,R
675848,FF,1121,0.5959595959595959,96.8950936663693,1.259812562293151,2538.4879571810884,115.99929990329815,11.797145405887601,2.6581992537408197,-2.234826048171276,2.9489407891223345,6.1057983942908125,R
675848,SI,58,0.03083466241360978,96.03448275862067,1.1134822451318371,2491.206896551724,111.89794200648802,6.893793103448277,1.517256096282361,-10.760689655172413,3.6958050482442864,5.9896551724137925,R
675848,SL,23,0.012227538543328018,87.9521739130435,1.2250675548042211,2860.8260869565215,77.90533426357509,1.5547826086956524,3.69093837485219,4.935652173913043,2.2130764808025556,5.96521739130435,R
675848,ST,652,0.34662413609782033,83.73604294478527,1.3733713945616546,2845.228527607362,90.2246466627443,-1.5487730061349692,2.6209167549860637,14.063006134969324,3.0275309473964263,5.992638036809816,R
675911,CH,168,0.05997857907890039,85.72619047619048,1.3001721717051242,2015.6369047619048,157.56939068670698,7.262857142857142,2.4217440992936567,-14.668571428571427,2.9516312927397594,6.870833333333333,R
675911,CU,288,0.10282042127811496,78.28854166666666,1.874784250072674,2656.1319444444443,92.61476515721358,-6.774583333333333,2.1391492251980706,8.772083333333335,2.78851274160699,6.804513888888888,R
675911,FF,1410,0.5033916458407711,95.41709219858157,1.090047263289969,2308.9085106382977,67.09866466985149,16.642553191489363,1.7730377969634665,-8.869702127659576,1.7879157638129535,6.897517730496454,R
675911,SL,935,0.3338093538022135,84.09112299465242,1.1912314902834136,2265.420320855615,84.55023856523822,3.0228449197860963,2.2029355615505595,4.922310160427808,1.8774089764154611,6.888021390374332,R
675916,CU,98,0.44954128440366975,83.22857142857143,1.3294445006890556,2476.714285714286,96.44270774034013,-6.099183673469388,1.8264063489495632,-0.9734693877551021,2.2300585272892963,5.614285714285715,R
675916,FF,120,0.5504587155963303,94.62083333333334,0.9847488980226695,2399.5666666666666,113.70104789014272,19.145,1.6981893471646585,-5.884,2.486813086609264,5.8325,R
675919,SI,28,0.27450980392156865,91.59285714285714,1.1098643799126717,2089.8928571428573,73.78865680452432,10.02,2.3452647327469593,13.765714285714285,2.43416945843566,6.610714285714286,L
675919,SL,20,0.19607843137254902,84.53999999999999,1.1873898840911947,2391.8,50.72381357072726,-4.320000000000001,2.8881463733135497,-4.626,1.55998785420373,6.57,L
675919,ST,44,0.43137254901960786,82.63863636363637,1.1179748944826278,2426.931818181818,78.62167217855533,-2.58,1.9674656109402668,-16.86272727272727,2.2019931390345384,6.534090909090909,L
675989,CH,42,0.09744779582366589,89.49285714285713,1.2222316368904986,2017.6666666666667,97.5859012874365,1.5342857142857145,3.08860781871699,-14.454285714285716,3.7737767476053152,5.973809523809523,R
675989,CU,45,0.10440835266821345,79.19555555555554,1.6888613102479804,2683.711111111111,64.64786512056268,-11.701333333333332,2.4257197619750643,13.568,2.4924992933344488,6.028888888888891,R
675989,FC,96,0.22273781902552203,90.65104166666667,1.152022915677294,2595.5104166666665,103.34123289697422,5.927499999999999,2.887594154309085,5.4624999999999995,1.9152556514800616,6.240624999999999,R
675989,FF,114,0.26450116009280744,94.81491228070176,1.1563011256252351,2334.5263157894738,94.82524313166321,14.418947368421053,2.442190866270263,-4.2094736842105265,2.6585739880138424,6.328070175438596,R
675989,SI,78,0.18097447795823665,94.36794871794872,1.0325222666374951,2276.3076923076924,122.20892348360236,8.366153846153846,2.169063015597833,-14.969230769230768,2.8740481289207125,6.252564102564103,R
675989,ST,56,0.12993039443155452,82.325,1.43998106048151,2719.714285714286,90.09322732808282,1.2535714285714286,2.963244185668151,14.802857142857144,2.6039953318528988,6.235714285714287,R
676051,CH,57,0.17701863354037267,87.02280701754384,0.8726023361719424,2138.9824561403507,104.16958893144084,5.246315789473684,1.9439251818889418,-17.357894736842105,2.032864566532818,7.335087719298246,R
676051,FF,141,0.43788819875776397,95.32482269503545,1.1764447669852454,2428.078014184397,84.8144252321322,13.539574468085107,2.197856706735784,-12.188936170212765,2.223783681067556,7.156737588652482,R
676051,SL,123,0.38198757763975155,85.80243902439025,1.5874747146371042,2276.1056910569105,107.89360370960252,0.6117073170731707,2.4305149246364333,4.344390243902438,1.7184791915258435,7.156097560975611,R
676083,CH,347,0.12361952262201639,87.62017291066282,1.2184027135260456,1409.8757225433526,195.250961927296,3.8825360230547545,3.8031326334294224,-14.44599423631124,2.836903145441184,6.382708933717579,R
676083,CU,277,0.09868186676166726,81.5812274368231,1.4074367474544185,2500.7328519855596,84.55887733217186,-12.3301083032491,2.1281444737778936,6.369530685920578,1.92935563977805,6.482671480144404,R
676083,FF,1015,0.36159600997506236,93.83467980295566,1.1829822537795558,2297.457142857143,118.62672418158371,18.3400197044335,1.7699217155839888,-4.077044334975369,2.8864237635875445,6.422266009852217,R
676083,SI,40,0.014250089063056644,93.50250000000001,1.0781007754617753,2215.125,95.58542628428624,11.265,4.698007761070316,-13.854000000000003,5.216821313346339,6.3950000000000005,R
676083,SL,722,0.2572141075881724,86.71204986149584,1.3109403969207605,2379.0499306518723,79.7553220315503,3.22786703601108,2.2868251117796694,5.908421052631578,1.4067769401093058,6.474376731301939,R
676083,ST,406,0.14463840399002495,81.30418719211822,1.3331137613403663,2424.347290640394,103.34468315230892,2.8572413793103446,3.042644443691699,13.455665024630543,3.157935085003283,6.547044334975369,R
676092,FC,107,0.19888475836431227,86.89065420560748,1.5153013717484423,2696.2897196261683,85.07543925843103,-0.41607476635514024,2.2819843057557923,5.579439252336448,1.8654787598228981,6.136448598130841,R
676092,FF,142,0.26394052044609667,92.63169014084507,1.0421860357410264,2622.154929577465,73.80483135645856,8.492957746478874,2.1893698010755407,-1.0808450704225352,2.178103636424102,5.971830985915493,R
676092,SI,57,0.10594795539033457,92.62631578947368,1.1579733397790721,2528.754385964912,99.8481491175751,7.972631578947368,2.493020633628861,-6.267368421052632,3.491362058360088,6.005263157894737,R
676092,ST,172,0.31970260223048325,82.44127906976745,0.8553133504819038,2765.3023255813955,98.36119971104019,2.0267441860465114,2.0505383357402196,13.954883720930233,1.973924013175766,6.2162790697674435,R
676092,SV,60,0.11152416356877323,84.76333333333335,0.7955313045362669,2784.116666666667,65.82387688644283,-2.988,2.098177417325873,9.464,1.6796319209369974,6.108333333333333,R
676105,FF,33,0.4177215189873418,95.35454545454544,1.1062580251378147,2367.151515151515,64.85422172655822,10.901818181818182,1.5891850398581944,-8.392727272727274,2.0318084197446997,6.0242424242424235,R
676105,SL,37,0.46835443037974683,87.81891891891891,1.7053572186621913,2495.162162162162,99.55777594317155,2.1502702702702705,3.658893644628483,2.1924324324324327,1.5311821965131776,5.954054054054055,R
676106,CH,394,0.12429022082018927,86.68807106598986,1.3573041815478235,1612.5431472081218,130.68412440984207,0.9584771573604062,2.7780883309005935,-15.903959390862944,2.1458234617823306,6.1088832487309634,R
676106,CU,40,0.012618296529968454,75.7375,1.3094699456121697,2558.2,80.20301164496927,-7.047,1.4086294484629105,13.635000000000002,2.799607115293144,6.0225,R
676106,FC,198,0.062460567823343846,85.59292929292928,1.5121002656071596,2294.9444444444443,84.08209636046188,3.5775757575757576,1.8592695967282291,3.9442424242424243,1.7106255518071791,6.128282828282828,R
676106,FF,1016,0.3205047318611987,95.20688976377954,1.2947456420050911,2372.1889763779527,127.55671284436788,10.119330708661417,2.9789976733483146,-12.279094488188978,2.530949230392963,6.185629921259842,R
676106,SI,992,0.31293375394321765,94.73598790322582,1.1379275654241834,2375.3981854838707,98.26257435259605,3.225725806451613,3.3271494084417372,-18.41008064516129,1.7177757641001798,6.137499999999999,R
676106,SL,163,0.05141955835962145,81.80306748466258,1.5919714973906183,2440.558282208589,87.049233845453,-2.059877300613497,2.020528591067462,5.656196319018405,1.6826178195457913,6.074233128834357,R
676106,ST,367,0.11577287066246057,77.51062670299729,1.4143956942598275,2618.1634877384195,158.00442850831618,2.7446321525885558,3.2051862538229545,16.304959128065395,2.202516304615113,6.041961852861036,R
676130,CH,174,0.15025906735751296,88.33045977011494,1.2062183853556077,1909.7643678160919,142.16422440222806,3.3427586206896556,2.505331512523246,-9.506206896551724,3.99984891083995,6.331609195402298,R
676130,FF,351,0.30310880829015546,95.16239316239316,1.074939984694946,2416.612535612536,118.21770842503497,15.188717948717947,2.1415391815080262,-3.1801709401709397,2.3795103876599666,6.3247863247863245,R
676130,SI,214,0.1848013816925734,94.43271028037383,1.2415177521139222,2182.9859813084113,117.92603231826419,10.127663551401868,2.276650442730191,-14.645607476635513,2.5246172684675012,6.383644859813083,R
676130,SL,341,0.29447322970639034,86.46744868035191,1.215450388989136,2644.0615835777126,99.97405114423837,-0.35049853372434014,2.0661048997123768,2.858533724340176,1.1192493110039663,6.299413489736072,R
676130,ST,77,0.06649395509499137,83.55974025974025,1.1249865192478559,2560.5974025974024,75.36529631004957,-5.343896103896105,2.400993300942098,12.562597402597401,3.277170394762676,6.174025974025973,R
676206,CH,32,0.24615384615384617,83.671875,1.5087346492791514,1674.125,155.1007476947931,4.6725,2.8983187562625385,-13.00875,3.1984953619858763,5.9125,R
676206,CU,23,0.17692307692307693,79.84782608695652,1.4456422181594253,2587.1304347826085,105.35019711239535,-16.18956521739131,1.8108448009922418,9.130434782608695,2.6942151467388418,5.773913043478261,R
676206,FF,44,0.3384615384615385,95.39318181818182,1.0155529430447474,2452.659090909091,89.94027557911615,17.018181818181816,1.7318779600476886,-3.872727272727273,2.165939683968078,5.972727272727272,R
676206,SL,22,0.16923076923076924,86.56818181818181,1.0494381098094108,2467.909090909091,96.45917423642136,2.0563636363636366,2.212782229412826,3.9109090909090907,2.102621740070758,5.881818181818182,R
676249,FF,21,0.3620689655172414,94.71428571428571,0.8260058802972999,2196.5714285714284,77.93687922195205,15.542857142857144,2.094548024890198,-6.811428571428571,1.8605436993370668,5.914285714285715,R
676249,SL,24,0.41379310344827586,86.80833333333334,1.9779032962395722,2438.875,98.05557984699512,-2.4549999999999996,3.062271109458809,4.455,2.9672253178612036,6.004166666666667,R
676254,FF,16,0.010382868267358857,94.0125,1.00390902642288,2290.5625,462.7377902224974,7.305,3.130099039966627,-9.532499999999999,6.066506408139697,6.4,R
676254,SI,980,0.6359506813757301,95.69938775510204,0.9674369498545541,2359.705102040816,173.1123017696711,3.4131428571428573,2.2921694475545102,-16.886326530612244,2.540592447678177,6.399589322381929,R
676254,SL,541,0.3510707332900714,83.6988909426987,1.166396265938635,2643.4103512014785,159.0605923565053,2.5213308687615528,2.802760227378536,15.66011090573013,3.017368608740151,6.37481343283582,R
676263,CU,202,0.10648392198207696,79.94059405940594,1.563366581523105,2546.6732673267325,171.27741361935944,-16.46019801980198,2.0205442250958523,-6.660594059405941,2.2248393409634915,6.5975247524752465,L
676263,FF,868,0.4575645756457565,93.12534562211982,1.3088477179141207,2426.3605990783412,88.80549182188027,19.697281105990783,1.5717840726946657,6.7459907834101385,2.0345715729601217,6.60126728110599,L
676263,SL,827,0.43595150237216657,88.25767835550182,1.2866038889735052,2374.9214026602176,112.83560590637056,4.0194921402660215,2.2543043000800616,-2.7395405078597346,1.632021364854823,6.522249093107619,L
676272,CH,16,0.13793103448275862,86.05,0.9906226997870252,2182.75,50.19495326557575,8.5875,1.715045188909027,-19.402499999999996,2.6278698597913857,6.637499999999999,R
676272,CU,32,0.27586206896551724,79.05,0.9876658701037215,2729.21875,78.21671068668869,-15.03375,1.890556753633616,8.366249999999999,1.658638676163231,6.584375,R
676272,FF,31,0.2672413793103448,97.59032258064516,0.7221979593387946,2213.8709677419356,68.54669548829901,16.56,1.0625252938165755,-8.845161290322581,1.5986575012965136,6.580645161290324,R
676272,SI,26,0.22413793103448276,97.21153846153847,1.197439576121292,2250.4615384615386,86.53426177843353,15.978461538461541,2.568267419577163,-14.330769230769233,1.9302246979601578,6.584615384615384,R
676282,CH,1029,0.28920741989881954,79.49212827988337,1.6976942016173897,1477.3751214771623,102.64152800649258,12.720816326530612,2.4035429657519494,9.82413994169096,2.748928967919987,7.308454810495626,L
676282,CU,803,0.2256885890949972,78.87633872976339,1.9846324923038299,2665.310087173101,102.08622943261227,-17.556164383561644,1.6347764366671083,-8.968617683686176,1.9348169591392057,6.997260273972603,L
676282,FC,96,0.026981450252951095,87.22916666666667,0.9956660470222843,2015.2604166666667,92.84262233440967,6.6125,2.5959081161259197,-3.1050000000000004,2.436745024779875,7.147916666666667,L
676282,FF,1368,0.3844856661045531,91.88318713450292,1.3725742196194657,1854.437865497076,93.77572397558458,16.801666666666666,1.58831233212317,6.739210526315789,2.0129772008022924,7.341666666666667,L
676282,SL,262,0.07363687464867903,84.10152671755725,1.7717227468259817,2148.3091603053435,175.81558125799123,0.6114503816793895,6.298333066843975,-4.454656488549618,2.2305229521725316,7.111450381679389,L
676333,FF,15,0.6,92.83333333333331,0.9506889732239068,2426.0,66.21933252457322,17.512,1.240847636554488,3.0240000000000005,1.9195713807291164,6.006666666666667,L
676395,CH,348,0.2926829268292683,88.85402298850575,1.1595541822128435,1691.1040462427745,100.93085959389761,1.0131034482758619,3.2928816108977634,16.22896551724138,1.9237757270011666,6.3,L
676395,FF,534,0.44911690496215306,94.3814606741573,1.1037599569383882,2250.4828897338402,135.08081070591362,13.823595505617979,1.5426136398028645,10.613707865168541,1.8852963489867451,6.462359550561797,L
676395,SL,307,0.25820016820857866,86.58762214983715,1.5511254233571523,2406.519867549669,78.47202309075395,2.574332247557003,2.2454981383316297,-4.047947882736157,1.6252724328355062,6.578175895765472,L
676428,CH,156,0.10519217801753203,86.31794871794871,1.348618752386555,1613.3986928104575,163.51132022091093,0.7661538461538461,2.4250867524325437,14.879230769230768,2.219628431113738,6.154487179487179,L
676428,FF,73,0.049224544841537425,92.06849315068493,0.8235891492473608,2109.1,86.00373264565619,9.902465753424657,2.40766356362687,4.71123287671233,3.3444298406311517,6.115068493150685,L
676428,SI,799,0.5387727579231288,92.20763454317897,0.8059175170070491,2108.0089743589742,120.97611630090323,2.932265331664581,2.110478392996567,16.364005006257823,2.0109903494145773,6.122653316645807,L
676428,ST,455,0.3068105192178018,82.09164835164835,0.9417486122943266,2674.0884955752213,84.75406523979733,1.617230769230769,2.363293132264196,-11.2050989010989,2.9278661813101334,5.914725274725274,L
676440,CH,769,0.15242814667988108,81.53394018205461,1.325493305009681,1928.7906371911574,131.18877189209832,12.31256176853056,2.918672075448902,-11.96629388816645,3.019757841073621,6.652145643693108,R
676440,CU,374,0.07413280475718534,78.74171122994653,1.7384851382470088,2614.788770053476,114.701317601888,-8.007272727272728,2.779910802560496,12.631122994652408,3.5009309096526766,6.59385026737968,R
676440,FC,1137,0.22537165510406343,86.15400175901496,1.5033250388828474,2681.3289357959543,101.70051907063302,3.152717678100264,3.134489943004221,7.46089709762533,2.5357443772234003,6.609586631486368,R
676440,FF,1327,0.2630327056491576,94.21748304446119,1.1156011417696392,2216.2961567445363,146.26400903731485,15.10887716654107,2.2582568837657786,-5.376578749058026,2.1781401401716076,6.661161387631976,R
676440,SI,890,0.17641228939544104,93.78662921348314,1.1313563774023283,2185.6666666666665,140.9980183815485,9.633573033707867,2.4586336108838664,-14.244808988764046,1.8056669378882637,6.624831460674157,R
676440,ST,548,0.10862239841427156,82.97773722627738,1.5148071079625258,2668.1587591240877,114.02180095558818,-1.5906569343065695,3.404328507077679,16.033138686131387,2.4666669224903393,6.575729927007299,R
676467,CH,139,0.08408953418027829,83.76402877697842,1.415033527243739,1449.4676258992806,140.0124892026729,6.481726618705037,3.1065256066884346,12.239999999999998,2.8048157344730913,6.879856115107914,L
676467,CU,154,0.09316394434361766,75.53181818181818,1.4931523238273183,2601.5454545454545,86.79275073709204,-1.7875324675324673,2.4658483835331313,-13.140779220779223,3.2814414839176793,6.787662337662339,L
676467,FF,668,0.40411373260738054,91.09565868263473,0.9551858066925029,2033.6766467065868,73.7001721561423,16.23179640718563,1.8396068302281754,10.142335329341318,2.025949037014271,6.825299401197605,L
676467,SI,184,0.11131276467029642,91.4858695652174,1.0112570245882324,2133.2608695652175,71.66427032189597,12.527608695652173,2.263356649194737,15.755869565217392,1.9815653977390577,6.892391304347826,L
676467,SL,52,0.03145795523290986,84.525,1.1084125727239609,2455.9423076923076,132.20934283107619,4.943076923076924,4.15033073969639,-4.728461538461539,2.428333879404612,6.748076923076923,L
676467,ST,456,0.27586206896551724,80.73092105263159,1.2058228809104763,2625.280701754386,83.81827635387779,6.103421052631578,2.6677994649078114,-10.520000000000001,3.860013778942554,6.836263736263735,L
676477,CH,348,0.2,84.31810344827586,1.0348062902939266,2265.0689655172414,114.68727489376441,0.5524137931034483,2.4873994686150156,-16.825862068965517,2.010078956239037,7.28764367816092,R
676477,SI,858,0.49310344827586206,95.51853146853146,1.0441230483434836,2181.5040840140023,76.12402444555416,15.353146853146853,1.855097019449706,-12.610909090909091,1.8773392536174172,7.25967365967366,R
676477,SL,521,0.29942528735632185,85.01228406909787,1.5592166314418754,2073.796545105566,102.31138775798041,-4.760153550863723,2.849577562388695,2.5386564299424186,3.1501314562011533,7.256429942418426,R
676508,CU,203,0.14058171745152354,80.81231527093597,1.5722519823971548,3023.295566502463,110.60428675043985,-14.579704433497536,2.0602503720121703,10.114876847290638,1.9080043380624843,5.898522167487685,R
676508,FC,312,0.21606648199445982,92.15064102564102,1.3149399651241176,2750.121794871795,94.6779848202834,7.291538461538462,2.7426445692511163,5.341538461538462,1.9744054105487192,5.765384615384615,R
676508,FF,451,0.3123268698060942,96.09024390243901,1.1093111708230188,2440.9046563192906,94.0748035722605,17.97871396895787,1.3449973598503584,-2.7368514412416856,1.8350212405955435,5.796008869179601,R
676508,SI,16,0.0110803324099723,95.23750000000001,0.6386183001866863,2400.8125,60.62146896933462,12.345,1.587072777159258,-11.1525,1.796246085590724,5.68125,R
676508,ST,460,0.3185595567867036,85.44565217391305,1.678962035633224,3077.708695652174,95.74370022811539,-0.5499130434782609,2.8861799754710185,13.741826086956523,2.435314649579237,5.786086956521738,R
676510,FC,30,0.2777777777777778,88.34666666666666,1.427979844669247,2365.1,102.2081547458505,6.567999999999999,1.4403218031230813,-1.0280000000000005,2.8118988552957935,6.386666666666667,R
676510,FF,42,0.3888888888888889,94.08333333333333,0.7666578295708437,2430.190476190476,83.74561891569367,5.911428571428572,1.7239667409906179,-17.925714285714285,2.1245798928857336,6.535714285714286,R
676534,CU,274,0.15121412803532008,85.8434306569343,1.4013248247300456,3006.456204379562,98.26114518807708,-13.335328467153285,2.580473038127958,9.905255474452554,2.315615118649292,5.914963503649634,R
676534,FC,701,0.3868653421633554,92.52582025677604,1.6047352489039404,2813.4165477888732,107.87572458320236,2.9140656205420825,2.8969448224395338,3.5981169757489297,1.666826888949689,5.872610556348074,R
676534,FF,228,0.12582781456953643,96.06842105263158,1.254090455426497,2459.6359649122805,89.97603168577433,15.412105263157894,1.752700357715755,-7.678947368421054,2.3809728024915566,5.910087719298246,R
676534,SI,239,0.13189845474613687,95.95732217573222,1.1619034770084484,2296.4937238493726,76.78223437141092,5.945774058577405,2.462307136839541,-16.100585774058576,2.4867429323775196,5.893305439330544,R
676534,ST,357,0.19701986754966888,87.66050420168067,1.2059463033815392,3019.831932773109,125.71735638540444,-1.6961344537815126,3.2677435543395355,14.074285714285713,3.339670786631799,5.916246498599439,R
676568,CH,50,0.25125628140703515,84.536,1.274356179986345,1373.1,110.38360755260055,1.5672,3.100764250757466,-13.0248,2.2890959270562052,6.664,R
676568,CU,48,0.24120603015075376,82.90416666666667,1.3701930805598839,2310.4583333333335,100.69544525466613,-13.3375,2.271854149498983,6.1275,2.343078989051835,6.4875,R
676568,FF,101,0.507537688442211,93.93663366336634,1.1527118262841958,2190.2475247524753,94.892929761979,15.084356435643567,1.780578791203346,-12.225742574257422,1.9208463481156703,6.806930693069308,R
676571,CH,177,0.1584601611459266,80.345197740113,0.9430319154891991,1524.502824858757,100.49265714320676,-2.2847457627118644,2.61600755572056,13.439999999999998,2.275330145874939,6.179096045197742,L
676571,FF,390,0.34914950760966873,90.48743589743589,0.9184602571435946,2183.3333333333335,49.08763127438773,8.905846153846154,1.727087887940722,14.820307692307692,2.0803791200101234,6.487179487179487,L
676571,SI,202,0.18084153983885407,89.18910891089111,0.8466969466241675,2097.4059405940593,45.48241762255469,1.5605940594059406,2.6323497710181787,17.256237623762377,1.94730728817958,6.375,L
676571,ST,341,0.3052820053715309,78.92551319648094,1.0506413100222836,2383.692082111437,88.58041658193154,5.629794721407625,2.613270030412932,-8.38099706744868,4.797102575574095,6.47683284457478,L
676596,CH,25,0.20833333333333334,81.26799999999999,0.5588082557252234,1596.12,109.99974242394086,-1.8768,2.1713258622325666,13.6128,1.3708741736570866,6.620000000000001,L
676596,CU,38,0.31666666666666665,76.72368421052632,1.116808728216086,2211.5789473684213,147.59525217203594,1.3831578947368421,2.898956107797424,-11.381052631578946,3.502632052393221,6.5131578947368425,L
676596,SI,45,0.375,89.14222222222223,0.9049080538146324,1700.3333333333333,52.412697975690094,2.1333333333333337,1.7402612134128286,17.20266666666667,1.5463364328749303,6.3,L
676604,CH,22,0.043478260869565216,87.92272727272727,1.252020012840893,1228.3636363636363,73.57312232741198,1.505454545454545,3.1942220563784454,-14.787272727272727,2.6980454686030315,6.222727272727273,R
676604,FF,173,0.34189723320158105,94.84682080924856,0.9098643888382956,2357.826589595376,87.74615865466907,15.864971098265896,1.4791341843140347,-8.879999999999999,1.8206719945195804,6.123121387283237,R
676604,SI,52,0.10276679841897234,94.14038461538462,0.8881043074634561,2185.903846153846,95.2997869708099,7.107692307692308,1.9773230223819347,-15.643846153846154,1.841027157723403,6.136538461538461,R
676604,SL,93,0.18379446640316205,88.38387096774193,1.4096939478652684,2588.956989247312,91.12746853321245,2.9690322580645154,2.5354744279986465,6.003870967741935,1.5099791477526987,5.982795698924732,R
676604,ST,161,0.3181818181818182,83.35465838509316,1.3358494633827107,2739.8571428571427,79.76307550668865,5.813664596273292,3.1615189564197212,16.729192546583853,3.0995233454426665,5.983850931677018,R
676609,FA,18,0.6428571428571429,80.37222222222222,5.747409191827275,1941.3333333333333,187.8309628049521,16.80666666666667,3.567018857451102,-8.933333333333334,3.503222046328544,5.822222222222222,R
676617,SI,766,0.5337979094076655,98.11840731070498,1.1407086760230796,2197.0757180156656,100.99565517319478,5.3528459530026105,2.2639423061953203,-16.09832898172324,1.806389335886929,6.864882506527415,R
676617,SL,299,0.20836236933797908,90.31973244147157,1.353932352105617,2511.484949832776,109.92820540335484,3.5125083612040133,2.3162820378694606,3.379264214046823,1.857501603897065,6.927424749163879,R
676617,ST,362,0.25226480836236936,83.48066298342542,1.1982959286597772,2396.8977900552486,156.8549025001001,-3.134585635359117,2.529807996308502,16.050497237569058,2.5831588118737048,6.824861878453039,R
676661,FC,125,0.16149870801033592,88.172,1.1367469148350904,2393.776,122.73147084380547,4.11552,2.0698961544779437,4.1193599999999995,1.5408082001590657,6.958399999999998,R
676661,FF,403,0.520671834625323,94.50248138957816,1.139059486574899,2492.255583126551,127.96093809811713,16.495980148883373,2.8142768076103866,-1.3983126550868485,2.4646324403818785,6.957071960297767,R
676661,FS,53,0.06847545219638243,86.59622641509434,1.0956140294814225,1213.8301886792453,164.85538369327227,5.547169811320754,3.228839025312165,-10.156981132075474,2.913943656670894,7.096226415094339,R
676661,KC,193,0.24935400516795866,81.24145077720208,1.1036596173412858,2487.854922279793,104.2784218306891,-15.667150259067355,1.5671366748031115,6.082694300518135,2.2062300506224255,6.922797927461139,R
676664,CH,445,0.15763372298972725,83.64067415730337,1.2446224849623653,1552.0516853932584,188.98903521292343,3.2634606741573036,2.3054623105202294,16.403056179775284,1.9540131052030314,6.34314606741573,L
676664,CU,94,0.03329791002479632,79.46170212765956,1.2241394943860997,2355.0851063829787,103.88317048072967,-1.653191489361702,1.8491068537231508,-4.586808510638298,1.4833427904248178,6.4244680851063825,L
676664,FC,26,0.009210060219624512,88.01923076923075,2.206720504417219,2076.4615384615386,93.1391349623694,12.286153846153846,2.347851915131066,2.8661538461538454,2.9876533626551485,6.392307692307693,L
676664,FF,1125,0.3985122210414453,92.27022222222222,1.0568419873190777,2009.5368888888888,102.79369744339688,13.974613333333334,1.6863440832937346,11.738986666666667,1.842336644134368,6.393066666666666,L
676664,SI,202,0.07155508324477507,90.69851485148514,1.2063875487125946,1918.4356435643565,155.00408698457625,7.958019801980198,2.636438884111612,15.61841584158416,1.7680192321691341,6.427227722772278,L
676664,SL,198,0.07013815090329437,80.75,1.2276737111776694,2296.919191919192,119.6650720867049,7.407272727272728,5.171152669898129,-3.952121212121212,2.967061570117405,6.395959595959598,L
676664,ST,733,0.2596528515763372,79.14638472032742,1.5250203436378753,2308.9222373806274,125.64670179312317,6.317598908594815,2.772748477160241,-12.590013642564802,3.014515452790742,6.351159618008185,L
676679,EP,31,0.96875,36.099999999999994,2.6087033816310607,913.483870967742,124.08380795998109,21.84774193548387,3.0154697916769333,-0.44129032258064527,3.2120852437168024,3.3258064516129036,R
676680,FF,22,0.19298245614035087,88.28636363636365,0.9326334729169843,2409.0,66.87016560185153,10.87090909090909,1.9661102742190253,3.48,2.38106818765984,5.8909090909090915,L
676680,SI,23,0.20175438596491227,87.34347826086957,0.9994662607232476,2355.8260869565215,96.48393751100987,6.714782608695652,2.0025912067873404,11.686956521739129,2.0755425025380467,5.9,L
676680,ST,69,0.6052631578947368,74.09275362318841,2.052782819991646,2720.7971014492755,109.07263900589435,1.3704347826086958,2.353257088766801,-17.845217391304345,2.7149859758578607,5.810144927536232,L
676684,CH,156,0.08788732394366197,89.9448717948718,1.0642152869630235,1635.9548387096775,80.26662889051616,4.786153846153846,2.316320347096275,-15.35076923076923,1.7411829640057706,6.3910256410256405,R
676684,FF,881,0.49633802816901407,96.41634506242906,0.922979753976847,2250.49200913242,96.11084638695009,16.72467650397276,1.5349592579741298,-5.7981384790011345,1.9862010755761756,6.375936435868331,R
676684,SI,286,0.1611267605633803,95.81398601398602,0.8663374326277988,2141.95406360424,93.2670307081581,11.257342657342658,1.9242821221647148,-14.113846153846154,1.6900405572116437,6.39090909090909,R
676684,SL,452,0.25464788732394367,88.35176991150442,1.1362682376611206,2712.839285714286,104.39274093163854,-0.6735398230088495,2.8445896583431787,4.55070796460177,2.7391283889912255,6.3194690265486715,R
676702,FC,89,0.2176039119804401,93.44044943820225,1.1867372288149391,2554.2921348314608,134.5445348918132,10.329438202247191,2.038252571305405,3.1806741573033706,1.4703754914313005,6.492134831460674,R
676702,FF,186,0.4547677261613692,96.08763440860214,1.0788922225053903,2502.0913978494623,107.38658243824125,14.831612903225809,1.854436486315601,-3.9212903225806452,2.045518358044002,6.429032258064517,R
676702,SL,121,0.29584352078239606,84.8404958677686,1.4695565381205244,2681.5206611570247,124.90443674889707,0.0337190082644627,2.8125528534978694,9.458181818181817,2.2669097908827336,6.585950413223141,R
676742,CH,56,0.1375921375921376,90.66250000000001,1.5136425061300427,1697.6607142857142,133.8968771155575,0.004285714285714242,2.244290418042968,-14.044285714285715,2.323504294765174,6.144642857142857,R
676742,FF,185,0.45454545454545453,95.9362162162162,1.182359816470929,2559.2324324324322,95.72744953561958,16.102054054054054,1.544312882699285,-5.765189189189189,1.926706779176834,6.277837837837838,R
676742,SL,143,0.35135135135135137,86.93286713286713,1.5073891346791524,2677.664335664336,108.36187053896512,1.3099300699300698,2.715047141577995,3.087272727272727,1.7644478775016208,6.040559440559441,R
676742,ST,15,0.036855036855036855,82.96000000000001,0.9832889416937127,2854.2,64.79770719047748,-5.136000000000001,2.109505019802377,14.544000000000002,2.9197964704019057,6.153333333333334,R
676755,CH,149,0.1066571224051539,85.90604026845638,1.69068306154161,1558.6438356164383,277.03294313569995,7.617986577181209,3.7379411481249463,-10.87006711409396,2.8984577671406044,6.83221476510067,R
676755,FF,1063,0.7609162491052255,93.95634995296332,1.3920593470886407,2362.5688336520075,78.97769380425292,18.490047036688615,1.536553698081739,-8.774449670743179,2.184259831249902,6.732079021636878,R
676755,SL,137,0.09806728704366499,84.6102189781022,2.084088341794054,2148.097014925373,118.65352793014817,3.8040875912408767,3.3803072769186246,3.3004379562043793,3.1704002968202842,6.583211678832116,R
676755,ST,39,0.02791696492483894,82.87435897435897,1.145406833886856,2314.2820512820513,100.48695875531331,-1.2153846153846155,3.2203120526742737,10.464615384615385,1.8809541897578503,6.466666666666667,R
676760,CH,310,0.2927289896128423,81.81387096774193,1.3602664345417073,2217.4548387096775,124.09706071510816,0.9720000000000002,3.303504934818311,-17.75690322580645,2.467117749643184,6.844516129032257,R
676760,FC,192,0.1813031161473088,86.75156249999999,1.2254276553439112,2204.9583333333335,86.77996688582603,5.825,2.151776083642563,2.595625,2.2104534194078207,6.730208333333334,R
676760,FF,480,0.45325779036827196,93.85791666666667,0.9500795666785917,2194.577083333333,86.75077864097582,13.1975,2.139300902334847,-14.217250000000002,2.11885479861647,6.644791666666666,R
676760,ST,77,0.07271010387157696,82.26103896103896,1.0810759557710434,2390.194805194805,95.16634176134893,4.815584415584416,3.723174400224998,10.79064935064935,3.131018977258605,6.7948051948051935,R
676775,FF,177,0.25177809388335703,96.24067796610169,1.0511009343131705,2334.0169491525426,66.00727185974829,14.479322033898303,1.6235229627195475,-9.322033898305083,1.980088479136226,6.154802259887006,R
676775,FS,326,0.46372688477951635,89.3978527607362,1.1517057542652724,1536.2638036809815,137.31786048752767,0.6607361963190185,3.1325816452312365,-13.317423312883436,3.0082730213569495,6.28435582822086,R
676775,SI,168,0.23897581792318634,95.4297619047619,0.9969750370035985,2314.1130952380954,77.42181109658895,6.890714285714285,1.9232082637257357,-13.325,2.3056803066875307,6.186309523809525,R
676775,SL,32,0.04551920341394026,88.25,1.2205234202402,2304.46875,72.58009341188134,1.4849999999999999,2.1862384841726255,0.36749999999999994,1.053629671123098,6.15625,R
676801,FA,50,0.9259259259259259,69.02,4.929834206758119,1737.48,142.46549743423378,15.249600000000001,2.3766010371528328,2.4216,2.2331412487199938,5.4159999999999995,L
676879,CH,250,0.10979358805445762,91.51639999999999,1.1870837000158723,1846.968,166.89548642656047,3.84528,2.5633394935193707,13.63968,2.1674273373404245,5.4308000000000005,L
676879,CU,510,0.22397891963109354,82.71470588235294,1.4489883374708128,2729.6823529411763,100.02481559653467,-17.13905882352941,1.367791408225361,-7.6308235294117654,1.970117153736112,5.3837254901960785,L
676879,FF,80,0.03513394817742644,97.41,1.204800524484227,2247.225,88.9596658711055,14.193000000000001,2.164886876922999,5.3355,2.347316215962715,5.415,L
676879,SI,1181,0.5186649099692578,97.51083827265029,1.0038997139587722,2128.594411515665,97.7266887679918,7.720846740050805,2.0893799163785554,14.522133784928027,2.0126904632184486,5.404911092294665,L
676879,SL,256,0.11242863416776461,84.75,1.1962687087479187,2583.58984375,120.73204707352446,-6.719062500000001,2.412297720870632,-9.29625,2.8072553059779186,5.430078125,L
676910,FC,23,0.40350877192982454,86.59565217391302,0.7882536860159853,2383.086956521739,37.30088110521381,8.749565217391302,3.5775505564827066,3.2660869565217387,1.6686459920067875,6.482608695652174,R
676910,FF,23,0.40350877192982454,92.66521739130435,0.6806472158255449,2439.782608695652,46.92833658572991,20.139130434782608,1.738081264559698,-1.8,2.34286537850944,6.569565217391303,R
676917,CH,252,0.09559939301972686,89.25119047619049,1.3953960194954254,1955.9801587301588,160.8636167391898,5.192857142857142,2.5030632570419704,-17.578571428571426,1.6273884509165097,6.435317460317461,R
676917,FC,122,0.04628224582701062,93.35901639344262,1.9286767655169015,2296.6967213114754,88.39934644538543,8.606557377049182,3.4730427677943445,0.902950819672131,2.3287888131825696,6.453278688524589,R
676917,FF,879,0.3334597875569044,96.82229806598407,1.2394442495448275,2305.6264236902052,87.30117640292447,14.880682593856655,1.8287677088901613,-5.466211604095563,2.465274288463557,6.456214367160776,R
676917,KC,733,0.27807283763277696,85.71991814461119,1.6713632712691076,2259.909712722298,128.57451355408966,-11.567639836289224,2.236265065656436,7.503683492496591,2.4274194326222114,6.365846994535519,R
676917,SI,434,0.1646433990895296,96.35460829493088,1.2017652368703187,2182.26267281106,88.36056270906278,7.832903225806451,1.834291112222256,-14.380092165898617,2.2133372732709002,6.4631336405529956,R
676917,ST,214,0.08118361153262518,85.64345794392524,1.4083684182448029,2259.733644859813,94.83135061725137,-7.842616822429906,2.1585442566425854,14.61196261682243,2.7274171996149694,6.292056074766355,R
676961,CH,100,0.13262599469496023,85.02599999999998,0.84883996897489,1810.86,80.61218044665232,6.497999999999999,2.6649714308548837,-14.654399999999999,2.420655358293774,5.825999999999999,R
676961,CU,55,0.07294429708222812,75.87090909090908,1.3049297877057413,2479.6181818181817,102.39800542565034,-11.27563636363637,2.5213714401876492,7.512000000000001,1.993803734908061,5.7272727272727275,R
676961,FC,142,0.1883289124668435,89.71619718309859,0.9543953805438056,2399.6338028169016,75.33118168708222,11.48112676056338,2.564910820229954,1.2380281690140846,2.3977593676214637,5.911971830985915,R
676961,FF,146,0.19363395225464192,91.95890410958904,1.128054243797041,2385.931506849315,72.74562743434959,16.50821917808219,1.804595927617729,-5.553698630136986,1.85238225506904,5.943150684931507,R
676961,SI,210,0.27851458885941643,92.20428571428572,1.0572288025509267,2240.638095238095,86.24956820467727,10.189142857142857,2.0847048896910674,-15.642285714285714,2.1296742600364795,5.98,R
676961,SL,99,0.1312997347480106,83.82121212121213,1.282637010008449,2492.131313131313,95.98593077863946,1.1963636363636363,2.747591692977189,4.723636363636364,1.789393612113432,5.988888888888889,R
676962,CH,142,0.04954640614096301,90.36338028169014,1.0595381620175606,1292.3028169014085,207.97534596921793,6.143661971830986,3.9508789719357424,-10.733239436619717,3.48020614643675,6.611267605633804,R
676962,FF,1387,0.4839497557571528,96.00519105984137,1.091764601657464,2211.054794520548,89.43232802258117,16.676539293439077,1.7009725145893846,-7.610353280461428,2.1249385912343466,6.720620043258832,R
676962,KC,1116,0.38939288206559663,87.07992831541219,1.5833297474080104,2292.472222222222,96.11467431062526,-2.6795698924731184,2.0910756760583866,2.6770967741935485,1.6698463701919994,6.526075268817205,R
676962,SI,221,0.07711095603628751,96.47239819004524,0.949261983570002,2146.4886877828053,158.68223280448169,12.553303167420813,1.9903125481918467,-14.610678733031675,1.814321308356034,6.629864253393665,R
676969,SI,27,0.574468085106383,95.52962962962964,0.5340806729719435,2057.5555555555557,91.59036451393166,8.168888888888889,1.6047749263066655,-17.066666666666666,1.2261760445823806,5.892592592592593,R
676974,CH,378,0.13066021431040442,88.24788359788359,1.6735762838683343,1688.0502645502645,157.00443526294893,3.5790476190476195,3.2608083720307333,-15.024444444444445,2.6146697623985737,6.065608465608466,R
676974,FF,673,0.2326304873833391,95.06879643387816,0.9410486212764521,2576.5351270553065,111.71185952107318,16.706032689450222,1.9735735910190695,-9.176523031203567,2.1737049592437327,6.228231797919763,R
676974,SI,324,0.11199446940891808,93.88981481481483,1.163022097398329,2467.8150470219434,89.85768076098483,7.3533333333333335,2.737764788500229,-15.760740740740742,2.1745911129285735,6.192283950617284,R
676974,SL,849,0.2934669892844798,90.02096584216726,1.2852330784915427,2657.449704142012,130.24095020196037,-1.4604946996466428,1.832083111807041,1.5843109540636042,2.22319945747606,6.200117785630153,R
676974,ST,669,0.23124783961285864,88.5662182361734,1.450983835205005,2733.618263473054,226.74682450823022,-5.9458295964125565,2.9776979575853177,9.300448430493274,3.0771139623893062,6.085351270553065,R
676979,CH,163,0.042140641158221304,87.67361963190183,1.638194889627706,1698.7345679012346,487.58626939443866,6.0235582822085885,4.216135331914088,11.684171779141105,5.878865454493594,6.803680981595092,L
676979,FC,1055,0.2727507755946225,90.88606635071089,1.6282798385981008,2595.705042816365,89.19033987448829,6.205876777251185,3.3925195592853723,-3.5221990521327013,2.1555568932674807,6.7274881516587675,L
676979,FF,1366,0.3531540847983454,96.34787701317717,1.140036900417574,2447.042066420664,74.93989025093887,15.992591508052707,1.5768865847434783,7.93484626647145,2.5203204223458853,6.777086383601757,L
676979,SI,659,0.1703722854188211,95.87056145675265,1.217020186412395,2391.9862595419845,86.5708498475499,8.14907435508346,2.11754909918803,16.10804248861912,1.8654602399961688,6.7637329286798185,L
676979,ST,615,0.15899689762150981,82.87170731707317,1.2442229416505048,2378.439024390244,150.3071635876239,-2.7523902439024392,2.5392772530747485,-13.779512195121953,3.0345930222220554,6.67691056910569,L
677020,FF,62,0.31,92.75967741935484,1.144832964753669,2230.048387096774,105.40840595766652,16.18258064516129,1.420830899230944,3.7141935483870965,2.5786090725059805,7.258064516129033,L
677020,SI,32,0.16,91.65625,1.2687147420812102,2141.46875,106.3317948914562,9.45375,1.6296798616945916,12.12,1.3644708297216506,7.30625,L
677020,SL,105,0.525,83.07428571428571,1.6958109344130108,2100.304761904762,84.92883036464252,3.729142857142857,2.4182591140854077,-5.827428571428571,2.55881772150111,7.267619047619048,L
677053,CH,54,0.12134831460674157,89.20555555555556,1.8082010936199964,1459.7777777777778,219.6796695934888,4.93777777777778,3.2886004746337014,15.32888888888889,2.3267911880322223,6.696296296296297,L
677053,FF,210,0.47191011235955055,94.28142857142856,1.223528452004275,2368.552380952381,118.5200995169986,17.073714285714285,1.53087475831051,7.155428571428571,1.6036447891307115,6.6971428571428575,L
677053,SL,59,0.13258426966292136,85.75084745762712,0.9773950038602677,2354.8474576271187,66.78318329498157,1.9647457627118643,2.598090383559727,-5.379661016949153,1.659054535593936,6.616949152542373,L
677053,ST,112,0.251685393258427,82.39553571428571,1.1308442507408871,2451.4285714285716,88.42217673458022,4.173214285714286,2.0894614221729566,-13.936071428571427,3.11315238313478,6.6169642857142845,L
677161,CH,80,0.08800880088008801,83.16999999999999,1.1316393396028213,2085.075,102.31779421321703,1.6829999999999998,2.1283739559115387,-18.0885,1.582648877153246,7.15375,R
677161,FC,330,0.36303630363036304,91.32878787878786,1.186930493930044,2432.6787878787877,84.3350163894438,8.116,2.0171684991094305,2.974909090909091,2.4408550542721166,7.087272727272728,R
677161,FF,161,0.1771177117711771,96.08385093167702,0.8522690758438625,2158.4347826086955,67.79221771419412,15.219875776397513,1.5650822612476474,-8.88670807453416,2.3200398101103556,6.9546583850931665,R
677161,SI,141,0.1551155115511551,96.03971631205674,1.0511816094705804,2162.8652482269504,76.86966890766251,11.32,2.056504662910208,-16.15659574468085,1.6062128616216798,6.99290780141844,R
677161,ST,188,0.2068206820682068,81.75265957446808,1.2296007573713352,2650.31914893617,101.2374994214663,2.6214893617021278,2.6132115825717768,17.52957446808511,3.097232476875964,7.0611702127659575,R
677312,SI,22,0.4,91.67272727272729,2.3295578608053136,1869.590909090909,422.0730763957609,6.430909090909092,5.519336493155253,-15.332727272727272,3.331292015645955,6.522727272727272,R
677312,SL,22,0.4,81.37272727272727,1.0351819799444602,2397.681818181818,119.81230812186692,0.6545454545454547,4.75748705903475,11.754545454545452,3.9789981118399607,6.509090909090909,R
677649,EP,19,0.76,41.54210526315789,3.247959323341638,922.3684210526316,81.13035500306884,18.018947368421053,2.7353283262949586,-1.0421052631578946,2.4661070963213083,4.821052631578948,R
677651,FC,27,0.25471698113207547,81.99629629629628,1.171941676640647,2190.185185185185,94.73364971046132,5.506666666666665,1.573198603531622,5.497777777777778,2.123026383642235,6.155555555555555,R
677651,FF,52,0.49056603773584906,91.00576923076922,1.326711024217327,2394.1923076923076,65.81317540823596,17.697692307692307,1.1930363559449202,-9.62076923076923,1.664588327077459,6.130769230769231,R
677865,CH,84,0.07713498622589532,80.24761904761904,1.1758079703962179,1428.095238095238,92.43045175041611,0.09000000000000001,3.996952453515384,10.89142857142857,3.28425566666073,6.891666666666667,L
677865,FC,37,0.03397612488521579,87.55405405405405,1.221245856263775,2462.0,102.35178986656213,6.460540540540541,2.3427357535178417,-0.930810810810811,1.6738949561798446,6.621621621621621,L
677865,FF,54,0.049586776859504134,91.63333333333333,0.8025901465855574,2242.4074074074074,84.1394885235268,12.064444444444442,2.4131766167538995,5.7,2.8469566670658937,6.668518518518518,L
677865,SI,502,0.46097337006427913,90.24123505976095,0.929271637882031,2167.8505976095616,78.72522003210425,2.0220717131474104,2.115535655246542,16.452430278884464,2.2568736590013483,6.704581673306772,L
677865,ST,412,0.3783287419651056,77.99660194174756,1.3333229099821708,2560.123786407767,96.41489176974322,-1.533495145631068,2.1406178286982604,-18.34514563106796,2.6894420460173474,6.778155339805825,L
677944,CH,194,0.0513771186440678,84.08917525773195,2.1831043021340157,1586.9742268041236,182.7079675461349,3.5764948453608247,2.8378069476259333,-13.790721649484537,2.4185476082803308,6.645360824742268,R
677944,CU,598,0.1583686440677966,75.57692307692308,2.4123084499550465,2396.6120401337794,134.2688744350754,-12.768361204013377,1.9974206960859089,9.176989966555185,2.0428364776141583,6.434448160535117,R
677944,FC,468,0.1239406779661017,88.24807692307691,1.5020387780807054,2231.837606837607,107.92704786996845,6.705641025641025,2.5189370602871413,1.287692307692308,2.502225950224968,6.463034188034189,R
677944,FF,1373,0.3636122881355932,94.0060451565914,1.4272953038025356,2386.277494537509,77.3564186493566,16.015935906773485,1.530116356967636,-10.890721048798252,1.8444291243033684,6.507428987618354,R
677944,SI,576,0.15254237288135594,93.44965277777777,1.30812838789893,2265.4131944444443,81.21031911002252,8.923958333333333,1.5478055012065364,-16.475208333333335,1.3759259174951182,6.612847222222222,R
677944,SL,471,0.12473516949152542,84.10339702760086,1.419900030010982,2564.2972399150744,85.16832377911665,-0.6517197452229299,3.3403170020945074,4.758216560509554,2.3927564901357736,6.529723991507431,R
677944,ST,94,0.02489406779661017,81.89787234042552,2.1181234707380105,2433.351063829787,111.14281304398057,0.454468085106383,2.959487610774089,12.10978723404255,3.3062361990194,6.529787234042554,R
677952,CH,36,0.012482662968099861,91.62777777777777,1.067336099458062,2108.8333333333335,105.75834988987192,6.39,2.142284494912582,-13.653333333333334,1.5575218411676561,6.244444444444444,R
677952,CU,699,0.24237170596393898,84.76223175965666,1.1500734487912156,2734.414878397711,185.18896755427298,-11.001201716738198,2.5696738642690926,7.065579399141631,2.8278221292650714,6.077968526466381,R
677952,FF,879,0.30478502080443826,97.07713310580205,0.9446952814244297,2383.80204778157,93.08145180465063,15.528054607508532,1.570577630264294,-8.621569965870307,2.1164488226650437,6.38452787258248,R
677952,FS,84,0.02912621359223301,91.79285714285714,1.159745060714629,1910.7738095238096,125.9897061381705,5.974285714285715,2.4428515263999206,-14.804285714285717,1.846839231308314,6.292857142857142,R
677952,SI,424,0.14701803051317613,96.72641509433963,0.9710759684541734,2347.9599056603774,90.92813152480124,7.585188679245283,2.141388043749682,-15.812830188679246,1.7961686330436761,6.3886792452830194,R
677952,SL,762,0.2642163661581137,91.91299212598425,1.3488698622645428,2598.5183727034123,94.6949056431911,5.094015748031496,1.8895145737264383,1.4253543307086616,2.077485008613241,6.228608923884514,R
677955,CH,231,0.21833648393194707,85.10822510822511,0.947432164129815,1624.6580086580086,96.35640324572155,1.7174025974025973,2.2059114665099733,-13.598441558441557,2.290415036398652,6.278354978354977,R
677955,FF,271,0.2561436672967864,96.89630996309964,0.9333260118028298,2420.007380073801,75.25984579958447,13.349225092250922,2.000692229528063,-9.63011070110701,2.3714854671773153,5.903321033210332,R
677955,SI,263,0.2485822306238185,97.22319391634981,0.9355337234697138,2325.072243346008,74.14782087918293,7.805475285171103,1.9438893447653314,-15.52653992395437,2.266247487993116,5.941825095057035,R
677955,SL,292,0.27599243856332706,88.27568493150685,1.2315962918764867,2491.6061643835615,87.61124904048205,0.44671232876712336,2.8065243353293647,3.5736986301369864,1.7665758961438949,5.941780821917808,R
677957,SI,19,0.3958333333333333,93.0578947368421,1.1201764689714866,2380.0526315789475,70.91032966924614,16.42105263157895,2.208080852829348,10.181052631578947,2.797216661724933,7.031578947368421,L
677958,CH,165,0.0575715282623866,89.06121212121214,1.6061083050831468,1631.8333333333333,102.37443452698773,5.884363636363637,2.250303039459648,-14.973818181818183,1.8171897603929983,6.815151515151515,R
677958,CU,123,0.042916957431960924,77.83739837398376,1.206362801502845,2250.0163934426228,81.7307597199849,-11.196097560975609,1.6654594374960987,7.847804878048781,2.3150238240410506,6.805691056910568,R
677958,FC,527,0.18387997208653176,90.21195445920303,1.6266639254742215,2197.752941176471,81.00894794725514,6.030056925996205,2.4343451498381126,1.1312333965844403,2.0151082858242075,6.690322580645161,R
677958,FF,450,0.15701325889741802,95.412,1.4413053969287823,2175.76062639821,83.85559586249614,11.709866666666667,1.9563823893738455,-10.4664,2.2070831349011883,6.8260000000000005,R
677958,SI,815,0.28436845778087927,94.89828220858897,1.3398254291894647,2141.281094527363,79.13003369406857,7.089423312883436,2.1928096785147653,-16.11003680981595,1.8119746036424844,6.828098159509202,R
677958,SL,785,0.2739009071877181,83.53031847133757,1.5329619939767756,2181.2618135376756,77.10120004825339,-3.236636942675159,2.2510217412323774,1.1105732484076432,1.4457350374526217,6.79452229299363,R
677960,CH,596,0.24699544135930376,86.1285234899329,1.6224761140379742,1908.4161073825503,129.75499087157522,1.4826845637583894,2.91673459199919,12.48302013422819,3.0057529611495815,5.892087542087541,L
677960,FF,779,0.3228346456692913,96.32734274711169,1.426632289995117,2368.3504492939664,100.84482038578413,15.522207958921696,2.0452810450152143,10.44862644415918,2.136175266455689,5.818051948051948,L
677960,SI,338,0.14007459593866556,94.28757396449703,1.4510078464561829,2268.6775147928993,82.82636818909738,9.10828402366864,2.006661905298756,17.813254437869823,1.6333336140278214,5.767455621301775,L
677960,SL,212,0.08785743887277249,87.40047169811321,1.8899709780241083,2636.0377358490564,79.19966064941204,1.8656603773584908,2.691414828643925,-3.4647169811320753,2.199164083995523,5.7794258373205745,L
677960,ST,488,0.20223787815996686,82.06557377049181,2.021283894413581,2595.340163934426,160.53283666724707,0.8021311475409837,2.890838954986683,-12.212213114754098,4.028585948318574,5.782365145228215,L
677961,CH,32,0.08,87.81875,1.3822463017529387,1606.84375,146.47076321166094,-1.25625,2.815896980795216,-16.331249999999997,2.0335821723286482,6.359375,R
677961,FF,94,0.235,96.54787234042553,0.9135454651308439,2132.2021276595747,91.98475560788098,11.504680851063828,1.824583441708931,-13.353191489361699,1.8804313236429406,6.394680851063828,R
677961,SI,85,0.2125,96.70117647058822,0.890758654402053,2002.6705882352942,79.23629342718166,7.32,2.2211965887139047,-17.894117647058827,1.502616205883882,6.4011764705882355,R
677961,SL,109,0.2725,87.4954128440367,0.9496963765389866,2163.6422018348626,96.05549350320402,-1.255045871559633,1.7853875105116903,-0.363302752293578,1.4659202993884155,6.366972477064219,R
677961,ST,80,0.2,86.58375,1.274128518247926,2185.225,119.28712038023046,-5.0235,2.3776230551550985,10.273500000000002,3.4533414748287132,6.286250000000001,R
677976,CH,79,0.20050761421319796,85.30379746835445,0.8382587321613725,1360.8481012658228,222.2895483319687,-3.2430379746835443,3.2489321142730607,-8.564050632911393,2.1556517956456016,5.763291139240506,R
677976,FF,43,0.10913705583756345,92.60232558139533,0.849226082437366,2075.8837209302324,68.89440135603168,9.329302325581397,1.4580048261544611,-12.153488372093024,2.033321097216419,5.711627906976744,R
677976,SI,158,0.4010152284263959,92.05632911392405,0.8861592173588433,1939.5632911392406,77.06837344383074,1.523544303797468,1.6894570325710128,-15.02506329113924,1.7923175570383951,5.789873417721519,R
677976,ST,102,0.25888324873096447,82.24313725490197,0.9703025764602805,2526.6176470588234,144.5065378710533,-1.7882352941176471,2.57446155545663,8.072941176470588,2.41534639224384,5.602941176470587,R
678020,FF,617,0.566574839302112,99.50842787682333,1.3132294973568464,2276.2090761750405,90.00348143675372,13.425218800648299,2.1909825508404945,-9.823273905996759,2.628018915453917,6.908752025931928,R
678020,FS,212,0.19467401285583102,90.61084905660377,1.3566844292668871,1660.561320754717,101.85121112547466,3.6050943396226414,2.620235597845021,-12.256981132075472,2.6826170888033842,6.906132075471698,R
678020,SL,258,0.2369146005509642,87.97093023255813,2.153552830273484,2538.9612403100773,155.74444812638123,-0.5055813953488372,3.0928656217251675,4.134418604651162,2.085376882574528,6.841472868217054,R
678022,CH,255,0.1495601173020528,89.6078431372549,1.0168352821599167,1205.286274509804,130.98858070624385,0.3830588235294118,3.5309566938283914,-13.113882352941177,2.2181371701925285,6.2925490196078435,R
678022,FC,188,0.11026392961876832,92.93457446808509,1.1677604736574252,2475.7340425531916,88.52603780621061,7.883617021276597,1.8680756497774962,-0.6121276595744681,2.188705510682716,6.23404255319149,R
678022,FF,671,0.3935483870967742,96.04038748137108,0.9533722544757868,2245.1907600596123,90.06136865188813,14.28769001490313,1.5961746806751784,-10.460029806259316,2.174297484556579,6.3022354694485845,R
678022,SI,31,0.01818181818181818,94.7387096774194,1.17009327814918,2300.8387096774195,70.23583927226592,8.430967741935483,1.310133211646077,-16.316129032258065,1.9745947726379287,6.345161290322582,R
678022,SL,27,0.015835777126099706,87.28888888888889,2.1501937897160186,2733.703703703704,113.73376970086927,-3.2888888888888888,4.718452592937103,4.648888888888889,1.8264495472686753,6.337037037037038,R
678022,ST,528,0.3096774193548387,86.18068181818181,1.052369653298225,2728.032196969697,115.52433434849654,2.110909090909091,3.3522068869019286,12.223181818181818,3.4196399642222555,6.24185606060606,R
678024,CH,200,0.12150668286755771,86.5745,1.3493343789927155,1496.86,139.56310292657034,0.4434,2.1357837674979034,-12.523800000000001,2.9079591973525583,6.465,R
678024,CU,203,0.12332928311057108,81.70443349753694,1.304041717602852,2455.1083743842364,195.06012802052575,-13.925320197044336,1.880205189701948,10.126699507389164,2.465929913835803,6.08423645320197,R
678024,FC,90,0.054678007290400975,86.1111111111111,1.2811024434687777,2408.177777777778,85.66967889893537,2.3346666666666662,1.67306702149883,1.6733333333333336,2.288419306278531,6.383333333333334,R
678024,FF,231,0.14034021871202917,94.61038961038963,1.1269332470008746,2289.6190476190477,101.47478753452003,12.86857142857143,2.204184388810468,-6.341298701298701,2.317536182719851,6.252813852813853,R
678024,SI,657,0.3991494532199271,94.37168949771689,1.0847005773326361,2185.1339421613393,86.5160549485262,4.568949771689498,2.0835418423333283,-14.55634703196347,2.628946056348458,6.237138508371386,R
678024,ST,265,0.16099635479951396,81.67358490566038,1.3025253652209712,2557.0188679245284,137.2144542708047,-3.468679245283019,2.513244641452023,16.517886792452828,3.1175021667775598,6.204150943396226,R
678215,FF,59,0.28502415458937197,93.95254237288135,1.10677473834988,2344.898305084746,129.40696230740235,16.93830508474576,1.4117599099172502,-9.449491525423728,1.97527250300657,6.038983050847458,R
678215,FS,33,0.15942028985507245,83.05454545454546,1.4033644637733342,1334.5454545454545,241.8745918483754,5.625454545454546,3.032042515892846,-8.847272727272726,2.9892215465812257,6.293939393939395,R
678215,SI,19,0.09178743961352658,93.35789473684208,0.9323302880856502,2275.9473684210525,125.08107312379906,13.989473684210527,2.177821219282679,-15.97263157894737,1.9107672749310336,5.978947368421053,R
678215,SL,96,0.463768115942029,82.45208333333333,1.1107114047138456,2216.6145833333335,79.23693580404301,3.97,2.8585870635682937,4.58375,3.4950001129433006,6.109375,R
678226,FF,315,0.4393305439330544,97.66063492063492,1.097785659203897,2315.526984126984,63.10249777110235,16.130285714285716,1.3692941534297605,-8.816,1.8674791073959862,6.113650793650795,R
678226,SL,402,0.5606694560669456,88.32014925373133,1.0279228638748865,2673.2487562189053,86.5881000096841,0.893134328358209,2.5463403158954985,2.75044776119403,1.3703800366669185,5.972139303482588,R
678316,CH,21,0.25925925925925924,82.20476190476191,0.9866489702402744,1715.7142857142858,182.9861040781903,6.988571428571428,2.3876395995088653,11.942857142857143,1.491392446196315,6.419047619047619,L
678316,FF,50,0.6172839506172839,92.65799999999999,1.0635117032064776,2356.88,62.979957939338256,17.8296,1.7322074627126947,10.826400000000001,2.219757074408764,6.475999999999999,L
678368,CH,233,0.14427244582043344,81.3635193133047,1.2905824569895494,1993.519313304721,133.0453345585717,4.340600858369099,3.0418032281514136,-15.845150214592275,2.1848792870293865,6.148068669527897,R
678368,CU,70,0.043343653250773995,76.4,1.614966235569334,2795.5857142857144,93.228796455885,-7.596,2.810268128937476,12.77142857142857,2.7132579943859705,6.018571428571428,R
678368,FC,533,0.330030959752322,84.74859287054409,1.5558109873294188,2503.547842401501,97.09914735634139,9.184165103189493,2.053018662074224,4.671894934333959,2.9567204532326885,6.00562851782364,R
678368,FF,447,0.27678018575851393,90.79239373601789,1.3256643471166751,2138.675615212528,75.57928697265906,17.238657718120805,1.8661646206991067,-3.5009395973154365,1.9785064832886152,6.024384787472035,R
678368,FS,32,0.019814241486068113,80.62187499999999,1.2589638276594124,1501.4375,157.64127048869634,3.1725,3.1243053421469136,-7.1325,3.0111952401319892,5.9125,R
678368,SI,25,0.015479876160990712,88.56000000000002,1.148912529307607,2026.92,66.96075965319788,7.579200000000001,2.01891455985636,-12.398399999999999,2.9077248838224015,6.004000000000001,R
678368,ST,275,0.17027863777089783,78.75345454545455,1.208008885653104,2711.1350364963505,99.72291288378999,3.569454545454546,2.8837401062966075,14.420072727272728,2.6008743606616056,6.074545454545455,R
678391,CU,22,0.5789473684210527,45.12272727272727,3.461616993226173,1115.3,124.78280077166505,13.478181818181817,1.6371625755255026,1.810909090909091,2.382769315395347,3.8227272727272723,R
678391,SL,16,0.42105263157894735,48.04375,5.211009978881254,1182.8,129.40147934680985,16.6575,1.5629011485055606,2.2425,2.411858204787338,3.88125,R
678394,CH,625,0.16042094455852157,88.6976,1.0058533817813733,1809.072,149.8978699323523,4.886592,2.4038409572374597,-16.11495908346972,1.5780405332413365,6.356,R
678394,CU,71,0.01822381930184805,83.42112676056338,0.6319845144933183,2437.788732394366,77.26243136090653,-8.163380281690142,2.3704152400924983,1.6292957746478873,2.3983418819459783,6.180281690140846,R
678394,FC,615,0.1578542094455852,87.9011382113821,1.0349819454687637,2435.60162601626,110.79897427744909,2.565463414634147,1.638892552779192,0.545951219512195,1.2365025138154646,6.281626016260162,R
678394,FF,483,0.12397330595482546,95.00082815734989,0.9921263354178163,2138.88198757764,110.52639302242503,13.169937888198758,2.009907564882185,-7.4849678800856525,2.0650476069906407,6.338716356107661,R
678394,SI,1440,0.36960985626283366,95.136875,1.0816660050224032,2085.3131944444444,99.06463080562261,5.86725,2.2738641193696023,-16.70775681341719,1.5727625464551906,6.318541666666667,R
678394,ST,662,0.16991786447638604,85.6750755287009,0.9458074908341284,2441.5543806646524,116.39384560815697,-3.3168580060422963,2.4602531955392766,9.397581395348839,2.805211937990539,6.227643504531722,R
678495,FF,485,0.5646100116414435,97.34845360824742,1.1695970735580652,2653.082474226804,100.96884697757649,18.17418556701031,1.7648477583411657,-5.581113402061856,2.5065711156427537,6.618556701030927,R
678495,SL,371,0.4318975552968568,86.25040431266846,1.4038628555420005,2782.2156334231804,95.10933607690457,2.2466846361185984,3.2990558117324227,10.647654986522912,3.9455019410881644,6.530188679245282,R
678576,FF,22,0.23404255319148937,95.35,1.2238697409680261,2202.590909090909,81.37839838030558,8.17636363636364,3.095573714737968,-14.187272727272726,1.4654568012615166,7.572727272727272,R
678576,SI,46,0.48936170212765956,94.29130434782608,1.2932003517469577,2118.2391304347825,91.1282819333051,3.5843478260869563,2.45700418502236,-17.663478260869567,1.6489743848038179,7.478260869565219,R
678576,SV,15,0.1595744680851064,78.99333333333334,1.1448435118681786,1881.8666666666666,148.90642635401537,-6.2,1.8588475692520583,12.792,1.9454386211267187,7.633333333333334,R
678606,CH,381,0.19498464687819858,87.54461942257218,1.5815560873428562,2209.8740157480315,154.2886047635533,1.7388976377952756,2.7388241507931994,18.33763779527559,1.753502265404378,5.944356955380578,L
678606,FF,108,0.05527123848515865,97.84074074074076,1.1885778069543838,2139.1666666666665,92.39548275562426,8.152222222222223,1.6209050969545793,16.560000000000002,1.5214356230679582,6.060185185185185,L
678606,SI,1271,0.650460593654043,97.554602675059,1.2391991871661123,2125.5309523809524,80.02455834759029,6.441667977970103,1.9886990294743068,18.36547600314713,1.4621266700347295,6.048151062155782,L
678606,SL,194,0.0992835209825998,88.80206185567009,1.693570859226566,2423.9845360824743,106.1341158008597,1.662680412371134,2.793626541763859,-1.5154639175257731,2.031061398733938,5.818556701030927,L
678692,CH,192,0.16580310880829016,91.70156250000001,1.4317812492875854,1604.3125,73.98221273419118,3.4656250000000006,2.5919314242188976,-16.788125,1.9050026796369823,6.505208333333333,R
678692,FF,343,0.29620034542314333,96.66209912536445,1.0188677476598496,2496.825072886297,97.94907831425282,18.43801749271137,1.5228784033113272,-6.316618075801749,2.311209954357804,6.47871720116618,R
678692,SI,25,0.02158894645941278,95.03599999999999,1.1423221962301178,2413.64,81.5270302823957,10.0224,2.2081086929768654,-17.323199999999996,2.1056723391829033,6.5680000000000005,R
678692,SL,270,0.23316062176165803,87.66851851851852,1.196125105987044,2521.866666666667,78.98800435960992,4.722666666666666,2.6644611945474215,3.8773333333333335,3.1013097604856035,6.526296296296296,R
678692,ST,328,0.28324697754749567,85.35853658536585,1.3288565105265249,2584.606707317073,83.45509633761988,1.223780487804878,2.6729233055848423,13.073048780487804,2.8757146970831293,6.516768292682927,R
678821,CU,123,0.26394849785407726,81.55447154471545,1.0820633017239605,2310.5447154471544,187.85315384727824,-2.04,2.238465516565413,-10.359024390243903,2.904303029913403,5.916260162601626,L
678821,FF,332,0.7124463519313304,94.5840361445783,0.769127475922115,2232.6506024096384,79.41568083303052,13.433132530120483,2.2520556183323848,12.271084337349398,2.049411977885699,6.087349397590362,L
678868,SI,18,0.45,97.55555555555556,0.7188407515881328,2346.4444444444443,67.4870115802007,6.406666666666667,2.2465555334124017,-13.786666666666669,2.5311982747075255,6.377777777777777,R
678906,CH,175,0.1013317892298784,87.32914285714286,1.3431421630933738,1707.1542857142856,180.2245220772242,3.632228571428572,3.881567871731363,-15.272228571428569,2.637496887678223,6.4725714285714275,R
678906,CU,192,0.11117544875506659,82.7109375,1.4534073186032996,2653.3645833333335,109.03480589316679,-8.16,1.6399872301890785,16.02625,2.5940137489695254,6.295312499999999,R
678906,FF,462,0.267515923566879,93.3564935064935,1.345382977739318,2497.91341991342,91.73391844614999,13.21116883116883,2.168925865902585,-9.695584415584415,2.47393834115809,6.322510822510822,R
678906,SI,254,0.1470758540822235,93.19133858267716,1.0410183234366195,2397.98031496063,79.15574535076271,5.068346456692914,2.522582829652527,-15.746456692913387,2.2366079368844405,6.294488188976378,R
678906,SL,21,0.012159814707585408,85.48095238095239,0.9610510119754547,2677.2380952380954,72.16294392685539,2.8685714285714288,4.107069862705389,3.94857142857143,1.7314568597406224,6.2285714285714295,R
678906,ST,623,0.3607411696583671,84.36452648475121,1.2054045199738197,2741.881219903692,129.90262993528768,1.0480256821829856,2.3877942139854893,14.473194221508827,3.2941393792611007,6.289245585874799,R
679358,CU,63,0.04439746300211417,82.00476190476188,1.0659583861980688,2887.7301587301586,92.18883256650122,-5.352380952380952,2.3183404202462294,15.590476190476192,2.511071888188343,6.980952380952379,R
679358,FF,362,0.2551092318534179,93.3182320441989,1.0117039033786517,2262.717086834734,80.7439500250448,17.3907182320442,1.5336556848660892,-9.936795580110497,1.9252331462028252,7.040607734806629,R
679358,FS,710,0.5003523608174771,83.78197183098591,1.0791453282778425,1630.5101156069363,139.2553325887397,0.4756056338028169,2.7614788993716473,-14.475549295774647,2.3216239682980118,7.015774647887324,R
679358,SL,284,0.20014094432699084,88.34225352112676,1.2523235757290445,2570.5878136200718,77.79727387370951,6.325774647887324,2.249024075414303,4.196619718309859,1.5872388129141506,7.01830985915493,R
679693,FF,20,0.8333333333333334,95.05499999999999,0.8798773838020362,2317.8,64.33596031360443,11.322000000000003,1.7821323714790895,-18.228,1.5814237422751622,6.055000000000001,R
679712,FF,19,0.4418604651162791,90.16842105263159,1.3613933351039655,2004.0,129.5783761109683,11.658947368421053,4.739664656136717,7.730526315789473,3.4890264061995713,7.084210526315788,L
679775,CH,69,0.0931174089068826,79.2550724637681,2.438390032491548,1520.5217391304348,191.58338751938155,4.937391304347825,4.019672086484723,13.399999999999997,3.1171933077124137,7.2956521739130435,L
679775,SI,453,0.611336032388664,90.89779249448122,1.2808475074641674,2229.2008830022073,103.44943101815323,1.657748344370861,2.467431622686944,18.556821192052976,1.7771859421074205,7.212141280353201,L
679775,ST,219,0.29554655870445345,78.38538812785389,1.546664422201622,2170.8310502283107,121.14065577254424,2.5912328767123287,2.727509169775189,-12.06684931506849,3.2961699528276514,6.971232876712329,L
679883,CH,114,0.08948194662480377,89.25614035087719,1.7519665354079277,2064.9561403508774,107.64776963363046,6.3189473684210515,2.7165019699896438,-15.233684210526315,2.2426569510915977,6.648245614035089,R
679883,CU,236,0.18524332810047095,82.87372881355934,1.2645024564290814,2780.5338983050847,180.11500733501285,-5.53728813559322,2.973226247130311,8.80677966101695,3.588800755389248,6.602966101694915,R
679883,FF,345,0.2708006279434851,96.07101449275362,1.1049704627846662,2487.663768115942,72.44217816728381,14.561391304347827,2.082162988290755,-0.7314782608695652,2.3314857936660762,6.745507246376811,R
679883,SI,327,0.2566718995290424,96.23944954128442,1.0616012632236314,2406.7278287461772,98.46124049404933,11.015779816513762,1.858422195214262,-11.76697247706422,2.6700456687991863,6.740978593272172,R
679883,SL,252,0.1978021978021978,87.67103174603174,1.9923744385457887,2700.845238095238,104.90152780108994,-1.1204761904761906,2.3992627875523844,6.69095238095238,1.5946126575453583,6.66547619047619,R
679885,FF,83,0.254601226993865,100.12891566265058,1.4333595297694708,2242.578313253012,112.44110875735618,13.82457831325301,1.9216236155948319,-11.61831325301205,2.4188148777595604,6.260240963855422,R
679885,FS,106,0.32515337423312884,88.31509433962263,1.7846324126155872,705.0849056603773,248.86512384267328,2.138490566037736,5.21996511436123,-9.153962264150945,3.406243197772579,6.45566037735849,R
679885,SI,106,0.32515337423312884,99.46981132075469,1.7016613625021066,2092.9716981132074,94.9665061303866,7.339245283018868,1.9754241006321884,-15.940754716981132,1.6286130225926876,6.279245283018867,R
679885,SL,31,0.0950920245398773,91.46774193548387,1.0696999880883087,2319.3870967741937,327.519228689386,7.409032258064516,1.7887562808437778,0.7122580645161289,2.1196079978420843,6.3032258064516125,R
679977,SL,17,0.5862068965517241,84.3235294117647,1.091747115730506,2461.764705882353,58.98572858302751,2.555294117647059,1.9436502953433354,3.3458823529411768,1.2776494962602685,5.935294117647059,R
680570,CH,152,0.23030303030303031,82.7078947368421,1.2633145888636346,1765.8486842105262,155.4179053271227,5.629736842105263,2.1865016200000422,-11.510526315789473,2.0527699875581407,7.3,R
680570,CU,87,0.1318181818181818,80.54367816091955,1.5882344409441667,2683.425287356322,85.64727994756439,-8.491034482758621,2.9969267337781753,7.297931034482759,2.2521824753259216,7.064367816091954,R
680570,FF,354,0.5363636363636364,96.13587570621469,1.2397961754842006,2280.9745762711864,99.49380055546217,15.497627118644067,1.7447540203260168,-11.453898305084747,2.3340070107377047,7.2050847457627105,R
680570,SL,67,0.10151515151515152,84.34626865671642,1.5681806055357492,2424.3432835820895,114.55256200444406,-0.07522388059701499,3.3009642109306974,4.67820895522388,1.5540435286727003,7.040298507462686,R
680573,CH,87,0.028515240904621434,83.20229885057472,1.2694969715649647,2310.2988505747126,120.34785965793016,11.32137931034483,3.120742000473677,-15.52551724137931,2.0665231775385267,6.877011494252875,R
680573,CU,341,0.1117666338905277,77.53137829912022,1.5290272303575059,2577.9529411764706,76.44469431725831,-13.644105571847506,2.397806259773721,6.26217008797654,2.3496665559023837,6.601764705882353,R
680573,FF,1366,0.4477220583415274,92.96683748169839,1.3020096436009954,2234.1290322580644,97.83677578375755,18.370453879941437,1.8748556220055685,-5.471068814055637,2.4971795136646233,6.70791788856305,R
680573,FS,453,0.14847590953785644,86.40507726269315,1.3499248768804912,1111.699779249448,223.67545809285494,7.347814569536424,3.4986743179722497,-10.588874172185431,3.9424905446062044,6.862693156732893,R
680573,SL,803,0.26319239593575877,85.6332503113325,1.3188836702000961,2267.77375,86.46610923358928,5.980572851805728,2.819390141269649,4.6315815691158155,2.427779146729741,6.63425,R
680604,CH,53,0.13486005089058525,89.03018867924528,0.7153764220702213,1550.1698113207547,92.38355161812682,-0.9215094339622643,2.474845291377916,-13.31320754716981,2.769556874848189,5.549056603773583,R
680604,FC,71,0.1806615776081425,90.20281690140844,0.8776546393633294,2429.281690140845,62.76172243347772,6.003380281690141,1.8328400629015784,2.430422535211268,2.022552444398427,5.314084507042253,R
680604,FF,34,0.08651399491094147,94.31470588235295,0.7859109182849546,2247.176470588235,71.71977056709035,11.763529411764706,2.1017364860239955,-8.209411764705884,1.7960241295140755,5.241176470588235,R
680604,SI,144,0.366412213740458,94.07847222222222,0.6957576937797877,2135.5416666666665,71.44677465352518,4.613333333333333,2.212179888738676,-15.015833333333335,2.9439489914629404,5.326388888888889,R
680604,ST,91,0.23155216284987276,82.82637362637362,0.8275580093578081,2571.263736263736,81.56944351148974,1.6351648351648354,2.652253282122104,13.209230769230766,3.03658917968069,5.409890109890109,R
680684,CH,126,0.2303473491773309,85.95714285714284,1.054167240730128,1560.357142857143,140.35004605831602,3.5723809523809527,2.7305698829574543,-15.444761904761902,1.9763569371085634,6.868253968253968,R
680684,FF,196,0.3583180987202925,93.6234693877551,0.9240158751448074,2406.4897959183672,71.27588075495129,18.633673469387755,1.6419777866357808,-7.1485714285714295,2.179366174619796,6.810714285714285,R
680684,SI,91,0.1663619744058501,93.24945054945056,1.107085626154808,2426.4285714285716,137.06204133385427,12.959999999999999,2.026622806542944,-14.340659340659341,2.408543036866803,6.814285714285713,R
680684,SL,39,0.0712979890310786,90.6948717948718,1.2477239737657728,2539.2820512820513,67.4099589385913,14.486153846153847,2.8213701555548982,1.446153846153846,1.6636684503081156,6.876923076923078,R
680684,ST,95,0.1736745886654479,81.24210526315791,1.1161845103486323,2664.863157894737,76.76970403750896,3.3549473684210525,3.096832930483675,10.63957894736842,2.818525310727517,6.905263157894735,R
680689,CH,303,0.40185676392572944,86.61056105610561,1.2153900044766133,1790.7854785478548,109.89852417682297,2.380594059405941,2.3101568802762666,-15.774653465346532,1.994010018950516,5.798019801980198,R
680689,CU,68,0.09018567639257294,79.25441176470588,1.3321998218107751,2540.4117647058824,73.35728052343923,-8.264117647058825,2.7420627573155705,7.807058823529409,4.668890711303926,5.629411764705882,R
680689,FF,156,0.20689655172413793,95.75064102564104,0.7863756629049911,2371.480769230769,55.35055102489319,14.75307692307692,1.532223606769403,-9.842307692307694,1.9822085584596714,5.698076923076922,R
680689,SI,217,0.28779840848806365,95.13133640552995,0.7391402426768733,2286.663594470046,63.97237693797256,8.04552995391705,1.656573555475416,-16.852534562211982,1.7741741766851948,5.744239631336406,R
680694,CU,468,0.19965870307167236,84.54209401709403,1.4739281285689703,2668.628205128205,104.6352828388144,-13.18974358974359,2.571895030023977,6.795384615384615,2.220878749807695,6.326282051282051,R
680694,FF,445,0.18984641638225255,94.1,1.3182366053739167,2403.579775280899,98.66501267001699,14.076404494382022,2.6190448740393903,1.8709213483146065,2.6630051955878544,6.305168539325843,R
680694,SI,778,0.3319112627986348,94.72172236503856,1.4767973330738595,2168.796915167095,94.77287020771554,13.150179948586118,1.9239866960822962,-11.29681233933162,2.9373622357906575,6.377506426735218,R
680694,SL,653,0.2785836177474403,87.20704441041349,1.4765693511102642,2615.405819295559,83.36282823733869,-0.05972434915773354,2.8695179129488686,12.906523736600304,3.102883630341102,6.326493108728943,R
680702,FC,54,0.27979274611398963,88.65370370370371,1.3734288399755519,2308.1296296296296,84.88394881188064,9.273333333333333,2.0306444743312593,3.5399999999999996,2.200469932657182,6.370370370370369,R
680702,FF,115,0.5958549222797928,93.63130434782609,1.1500087884783414,2324.8521739130433,108.88568313073432,17.046260869565216,1.1452613743423992,-6.6949565217391305,2.133728872561327,6.418260869565217,R
680702,SL,21,0.10880829015544041,84.9095238095238,0.7854328500290536,2289.095238095238,61.96281527005108,3.851428571428572,1.459816035376669,5.742857142857143,1.4159418874273861,6.38095238095238,R
680704,FF,93,0.17748091603053434,91.38817204301075,0.7614130831046665,2373.804347826087,84.0048715398526,12.65935483870968,1.879015587812575,-13.138064516129031,2.105665369418023,6.723655913978493,R
680704,FS,116,0.22137404580152673,84.14913793103449,1.0462766854655254,1721.3394495412845,186.11939717127254,-1.3355172413793104,2.7948960764151893,-12.056896551724138,2.713419922563022,6.54741379310345,R
680704,SI,52,0.09923664122137404,91.60961538461538,0.8331983299392618,2251.78,172.70220801443514,3.491538461538462,3.125990594126946,-16.979999999999997,2.0021400315368436,6.7057692307692305,R
680704,SL,262,0.5,77.96374045801527,1.1785853172360443,2621.116465863454,131.25175302193296,7.5975572519083965,2.6525962389806876,15.787328244274812,4.146200739693535,6.643511450381679,R
680723,FF,76,0.59375,92.26315789473686,0.7395209449840985,2275.684210526316,76.84932626489591,15.680526315789473,2.1588786563009,4.397368421052631,2.1431972181275043,5.928947368421053,L
680723,SI,23,0.1796875,92.74347826086957,0.7127578238188753,2233.5652173913045,107.25747530081593,10.622608695652175,2.0492420270371903,10.72695652173913,3.312272544208074,5.865217391304348,L
680723,ST,19,0.1484375,82.16315789473684,1.215277986633233,2404.0,181.59050391226714,-7.44,3.43348219741999,-7.7494736842105265,2.763277992377512,5.726315789473684,L
680729,SI,100,0.4329004329004329,92.069,0.9886931482589242,2251.91,88.29096696992761,5.8092000000000015,1.4045220474660345,12.335999999999999,2.679701475911076,5.773,L
680729,SL,116,0.5021645021645021,85.04827586206896,1.1576199540527066,2451.8793103448274,142.61112555980088,-2.3120689655172417,2.143084943128309,-1.3024137931034483,1.558293727231755,5.793103448275863,L
680730,CU,711,0.20644599303135888,80.75583684950774,1.445085541146873,2276.068917018284,92.03295202176002,-7.221772151898735,2.3721094692125013,-1.9903797468354432,3.580109644530016,6.754852320675106,L
680730,FF,1748,0.5075493612078978,93.0286613272311,1.144013078165696,2166.8844393592676,73.42796530328721,17.988260869565217,1.6003309462118298,5.767826086956521,2.3524293474296347,6.879793932455638,L
680730,FS,289,0.08391405342624855,85.39584775086506,1.267290166311017,957.7439446366782,173.30703979160876,8.994186851211072,3.357032333768234,6.878200692041522,4.019817861562687,6.901384083044983,L
680730,SL,695,0.20180023228803717,83.99352517985612,1.412786842318769,2268.620143884892,96.30543777897795,1.3793956834532375,3.4826633921272356,-6.363453237410073,3.304021414945457,6.822014388489207,L
680732,CH,215,0.0486315313277539,85.69023255813954,1.489981321422303,1822.1348837209302,114.44239232302536,9.193116279069766,2.3602100849912704,-14.353674418604651,2.1338756338184792,7.123720930232558,R
680732,FC,124,0.028047952951820856,90.60564516129033,1.1434011750254442,2652.9274193548385,85.94176260200733,11.279999999999998,2.9868002293016014,2.4116129032258065,1.9031836344658966,6.746774193548387,R
680732,FF,1799,0.4069215109703687,94.55725403001668,1.5949243106425737,2560.4697053918844,100.53369293086797,18.46719288493608,1.5701666880595673,-4.890917176209006,2.6364183395471987,6.9804335742078925,R
680732,KC,980,0.22166930558697126,79.69020408163266,1.9611408676434336,2507.1214285714286,113.96124347918357,-14.37134693877551,2.0868869793540235,5.40661224489796,2.7911868364054833,6.893973442288048,R
680732,SI,404,0.09138204026238407,94.47920792079209,1.4169177628698546,2391.361386138614,90.70957168947905,14.769504950495053,1.6652324936896792,-13.048811881188119,1.9221177253569668,6.915346534653466,R
680732,SL,898,0.2031214657317349,86.72037861915368,1.5018892121020901,2508.799554565702,106.33369112492878,4.620267260579064,2.5303609129720672,5.345478841870824,2.0107029792006395,6.921826280623608,R
680735,CU,75,0.1756440281030445,80.35066666666665,1.568557034720501,2488.5866666666666,100.54904589617263,-8.4144,2.2111915828838113,-2.408,1.551285430372659,6.242666666666667,L
680735,FC,15,0.0351288056206089,91.14666666666663,0.8675636383958615,2318.266666666667,68.93419912876197,12.088000000000001,1.2425043834357858,0.33599999999999997,2.1677005591837895,6.346666666666667,L
680735,FF,152,0.3559718969555035,92.7453947368421,1.4981595250026685,2127.3026315789475,83.65397347285509,18.138947368421054,1.3311943339826333,3.87,1.994558159506919,6.373026315789474,L
680735,FS,44,0.10304449648711944,82.17954545454546,1.2120671455524634,645.2045454545455,111.3303442923523,5.833636363636362,4.037193989215023,6.384545454545455,3.138575780209615,6.3522727272727275,L
680735,SL,139,0.3255269320843091,86.56330935251799,1.6894448056783724,2350.7122302158273,87.12320483288258,4.329496402877697,2.9024510690656444,-4.607482014388489,1.6351541581915099,6.320863309352518,L
680736,CH,109,0.04105461393596987,86.51284403669725,2.815042296815028,1426.4220183486239,186.5977697049231,3.879633027522936,3.793294260344925,13.011743119266054,2.688264221759811,5.594495412844037,L
680736,CU,177,0.06666666666666667,78.33107344632768,3.9949535610320006,2318.7457627118642,154.8512768778268,-7.575593220338984,3.1286158741743275,-7.269830508474576,3.0948690078345567,5.293785310734464,L
680736,FC,166,0.06252354048964219,92.00180722891565,1.2529467275219774,2447.5481927710844,85.73719939647255,8.554698795180723,2.1418249581023314,-0.7453012048192771,1.9768762241717386,5.546385542168674,L
680736,FF,1086,0.4090395480225989,94.90589318600367,1.7525602821293498,2443.0174953959486,88.92335366634327,16.19513812154696,1.5878905606236717,6.468176795580111,1.9384726255138576,5.497697974217311,L
680736,SI,347,0.13069679849340865,94.65504322766571,1.5183451159698678,2158.5389048991356,96.87173786838564,10.446224783861672,1.6811276102104,14.339481268011529,1.9825862616927223,5.570028818443804,L
680736,SL,743,0.27984934086629004,86.77012113055183,1.60487661863735,2451.5518169582774,123.39539233888678,-0.13340511440107672,2.4851644137067472,-3.525868102288022,1.5098519299931619,5.390847913862718,L
680736,ST,27,0.010169491525423728,84.9074074074074,1.901199201703599,2645.925925925926,93.9856478101949,-4.253333333333334,3.8907701432611392,-14.991111111111111,3.6932426166772503,5.188888888888889,L
680742,CH,147,0.11290322580645161,89.56802721088435,1.4712303300931513,1545.7074829931973,144.2698769992361,5.386938775510205,2.808008754875733,-12.220408163265304,2.917023693685388,6.7,R
680742,CU,80,0.06144393241167435,81.16875,1.5579598595761817,2415.05,131.62161916991977,-7.5525,2.8181552005127775,11.5425,3.2683203211311755,6.45875,R
680742,FF,491,0.3771121351766513,96.4295315682281,1.4019096249225171,2374.5132382892057,109.59961142444821,17.966272912423626,1.6101990493190683,-8.029246435845215,2.0336519985952197,6.675356415478615,R
680742,SI,203,0.15591397849462366,96.55467980295566,1.189107024526463,2255.3399014778324,114.32409088388104,12.60177339901478,1.5842357084982537,-14.50344827586207,1.6370638807142168,6.699999999999999,R
680742,SL,318,0.24423963133640553,86.13238993710691,1.3220722473753554,2488.2798742138366,97.43622181910382,-1.0358490566037737,1.9554451361810818,3.231320754716981,1.3568306516646023,6.634905660377359,R
680742,ST,63,0.04838709677419355,85.03333333333332,1.5860277018286102,2565.4761904761904,131.27560974638706,-0.5885714285714287,3.2095858727652664,14.933333333333332,2.737929521466199,6.499999999999999,R
680743,FF,23,0.36507936507936506,96.66521739130434,0.9003073695598607,2178.5652173913045,106.9502119029549,15.714782608695652,2.14310918901661,-6.673043478260871,2.708227254434177,6.847826086956523,R
680743,SL,29,0.4603174603174603,88.3206896551724,1.4607677312057583,2233.137931034483,216.14309482012985,2.4496551724137934,2.003244658687894,5.780689655172416,4.901155790098671,6.7413793103448265,R
680744,FC,53,0.16987179487179488,87.78301886792454,1.340168739240382,2570.0,78.88599368709251,4.360754716981132,2.1235310298729075,2.3049056603773583,1.9170205474617168,5.839622641509434,R
680744,FF,103,0.3301282051282051,93.03300970873788,1.110766238755806,2322.621359223301,74.83643818680403,15.334368932038835,1.9212973914717884,-5.235728155339806,2.172447161722009,5.874757281553396,R
680744,FS,40,0.1282051282051282,84.7125,1.2108881038312334,1438.725,91.22696056174037,2.451,3.261171568623767,-10.176,2.957570728720552,5.965,R
680744,SI,48,0.15384615384615385,92.175,1.229166816925102,2256.5833333333335,56.80381817153886,10.195,2.139900574345712,-13.4,2.1127213468324926,5.91875,R
680744,SL,63,0.20192307692307693,83.47619047619048,1.4247483406206798,2667.031746031746,94.30064622875216,-4.329523809523811,2.3532184060047308,1.0380952380952382,1.5411504470559743,5.7936507936507935,R
680755,CU,579,0.3291642978965321,82.43091537132987,1.412583472655709,2499.7495682210706,91.3069719516307,-13.634818652849743,2.549437164277552,4.006217616580312,2.5708905518084,5.53126079447323,R
680755,FC,65,0.03695281409891984,92.86615384615385,0.9953449344129599,2195.6153846153848,71.28545002043113,11.401846153846156,1.9150121509957942,0.7643076923076922,2.5315422480863625,5.524615384615385,R
680755,FF,340,0.1932916429789653,95.23970588235294,1.0914442957397132,2262.135294117647,69.89477503082334,17.63894117647059,1.5088971326772285,-4.862470588235294,2.067506959753926,5.543235294117647,R
680755,SL,774,0.44002274019329163,88.31291989664084,1.118601280218091,2300.6744186046512,96.71932929412439,3.6686821705426356,1.9411582330295523,1.60015503875969,2.0231892328503376,5.519121447028424,R
680767,CH,341,0.22718187874750168,92.17624633431085,1.3643546150512056,1915.1290322580646,175.22157672149459,2.2025806451612904,3.037837141315133,-14.652668621700878,2.802200643377951,6.739999999999999,R
680767,FC,62,0.041305796135909394,92.42903225806451,1.237446749544704,2308.3870967741937,73.83041153104146,2.6090322580645156,1.9280897789427935,2.8993548387096775,1.5818933156788157,6.7532258064516135,R
680767,FF,797,0.5309793471019321,98.61593475533249,1.0765357317188473,2298.644918444166,109.09340030381705,13.143237139272271,2.5180131076460333,-5.54107904642409,2.3570557692856373,6.707779171894606,R
680767,SI,22,0.014656895403064623,98.88181818181816,0.9510076679057766,2166.2272727272725,163.67299914570714,9.927272727272728,3.329696370853943,-12.054545454545456,3.381102563581079,6.718181818181818,R
680767,SL,279,0.18587608261159227,87.87060931899642,1.397684359875613,2375.1863799283155,106.89045539295886,-2.908817204301075,2.765801632059752,2.9023655913978494,1.867321051406966,6.7605734767025085,R
680770,SI,16,0.41025641025641024,95.625,0.7215723571941126,2182.4375,101.36927131368098,12.4125,2.5885787606329465,-13.71,2.3117785361059133,5.8374999999999995,R
680802,CH,85,0.1486013986013986,89.08705882352942,1.0522977393365847,1313.8095238095239,129.40880178911095,1.4498823529411766,3.879582235154674,-11.419764705882352,2.832818710884884,6.434117647058823,R
680802,CU,20,0.03496503496503497,80.77499999999999,1.1746780073929322,2353.45,65.87586012621333,-10.848000000000003,2.547191642408929,8.352,1.7894003700151977,6.4,R
680802,FF,219,0.38286713286713286,95.20639269406391,1.1189589079785478,2452.077625570776,67.42075471850852,17.18904109589041,1.6413410530513823,-6.014246575342465,2.1569537118511595,6.445871559633027,R
680802,SI,66,0.11538461538461539,93.11363636363636,0.963788416556307,2282.348484848485,49.8630408601686,10.667272727272728,1.8467322870032192,-14.507272727272728,2.6813099814798025,6.412121212121213,R
680802,ST,182,0.3181818181818182,83.81483516483516,1.0813587346531892,2612.6153846153848,76.09862301638168,-0.5670329670329672,2.7069305340245147,15.775384615384615,2.2641770950064974,6.348351648351649,R
680862,EP,18,1.0,41.24444444444444,1.3165115321861351,898.8888888888889,56.57674526318356,18.02,1.5169163767715241,-3.6400000000000006,2.1184233871109956,5.772222222222222,R
680880,FF,179,0.47606382978723405,94.60335195530726,0.9531084238251069,1970.3463687150838,120.21531537764409,15.181675977653633,2.568942309793838,-8.817653631284916,2.1528473626792883,7.136312849162009,R
680880,FS,146,0.3882978723404255,87.05616438356165,0.9709556332589062,1117.5753424657535,120.89646956520353,0.747945205479452,3.0385672480816983,-10.088219178082193,2.628866462140593,7.199999999999998,R
680880,SL,50,0.13297872340425532,86.60799999999999,1.023168348507593,2093.4,76.12288668692894,1.6536,0.8698340446925048,0.19919999999999993,1.2509846570781347,7.08,R
680885,CU,194,0.1175045427013931,80.95618556701031,1.480998083354404,2300.994845360825,75.88363722280641,-7.260618556701031,2.2311008525767924,8.150721649484538,2.2180765823632766,6.941752577319587,R
680885,FC,191,0.11568746214415505,94.00785340314134,1.2901208019636807,2307.450261780105,89.89752287105671,11.158743455497383,1.879184171290296,0.6213612565445027,1.9466949671488403,6.88586387434555,R
680885,FF,577,0.34948516050878253,97.02755632582324,1.1996468334612895,2318.901213171577,83.49444185957725,14.887071057192374,1.540210996371889,-5.485892547660312,1.6677783611874393,6.8788561525129985,R
680885,FS,228,0.13809812235009086,84.63377192982456,0.9749504813819626,1360.5350877192982,183.79583960933806,0.3542105263157894,2.845280471216978,-9.345263157894738,2.544270304859006,7.090350877192982,R
680885,SI,159,0.09630526953361598,95.54968553459118,1.193382291175252,2179.4025157232704,75.3864406685251,7.42943396226415,2.0933769112998535,-15.177358490566037,1.783204501654748,6.9761006289308165,R
680885,SL,302,0.18291944276196245,86.95596026490065,1.2174319023888287,2353.4403973509934,93.32810032072945,-2.360662251655629,1.8964907858540903,2.5426490066225167,1.2500698728573487,7.018211920529802,R
680916,FF,107,0.6815286624203821,96.91121495327103,1.051533211491025,2571.766355140187,129.89593653783976,12.114392523364488,1.6520628486206659,-15.447476635514018,2.012482787203054,6.844859813084112,R
680916,SL,36,0.22929936305732485,86.73611111111111,1.240541996243757,2585.9444444444443,146.042644348334,2.3200000000000003,2.5452611429309737,2.8400000000000003,2.8600739251185203,6.6,R
680933,FF,23,0.48936170212765956,93.82608695652176,0.9987343769647771,2283.217391304348,60.66147236301647,14.478260869565215,1.948966281190465,-5.806956521739131,3.3118772962319185,6.478260869565219,R
680951,FF,68,0.46258503401360546,89.46764705882353,1.8651110307848686,1962.7794117647059,96.22142461464959,16.879411764705882,1.8918772816477158,8.534117647058823,2.0953026606397307,7.122058823529412,L
680951,SL,34,0.23129251700680273,86.0529411764706,1.6147493086446179,2400.323529411765,89.54555995903927,4.7823529411764705,1.9940564090734358,-6.903529411764706,1.4143890047241219,7.052941176470588,L
681006,CH,71,0.10070921985815603,89.19014084507042,0.8835245860557538,1969.5633802816901,140.98335589649946,-0.9211267605633806,2.091659320318116,12.774084507042254,2.1446875080165535,5.87887323943662,L
681006,CU,171,0.2425531914893617,80.50409356725146,1.072400096822197,2542.8011695906434,85.22500460773655,-9.945263157894736,1.8404955585191705,-10.66877192982456,2.0127979386405546,5.963157894736841,L
681006,FF,78,0.11063829787234042,94.2576923076923,0.9756142561602801,2370.0128205128203,81.19233115691802,13.453846153846156,1.884805429876386,8.747692307692308,2.269319323015205,5.925641025641026,L
681006,SI,166,0.23546099290780143,93.83012048192772,0.9428820987073605,2231.487951807229,122.72861107000854,5.426746987951807,2.4885965904787355,14.909638554216867,2.0175421264998494,5.933132530120481,L
681006,SL,35,0.04964539007092199,88.04857142857142,1.037919703505224,2430.4857142857145,75.15410498301686,2.876571428571428,1.5865129035962207,-1.8,1.2237646832622684,5.868571428571428,L
681006,ST,184,0.26099290780141843,82.29239130434782,1.2118480396406162,2486.8858695652175,83.06507434051936,1.081304347826087,2.2873561789498154,-13.31413043478261,2.8106760372146216,5.945652173913044,L
681035,CU,50,0.04409171075837742,82.27,1.2418304462135148,2673.06,122.75733653623064,-5.8392,2.246644518351031,8.5896,2.073093872472164,6.939999999999999,R
681035,FC,203,0.17901234567901234,89.48029556650246,1.4285649904746895,2436.6310160427806,104.90988298993621,6.154285714285713,2.5895828742323888,3.2133990147783247,2.540300475990165,6.8999999999999995,R
681035,FF,546,0.48148148148148145,95.43846153846152,1.1207568770331404,2304.3155818540436,113.4128446596817,15.18989010989011,1.8010403687647745,-9.593406593406593,2.1756761529354183,6.945787545787545,R
681035,FS,59,0.05202821869488536,84.52881355932205,1.41957386119891,1024.701754385965,182.14064080424623,2.074576271186441,3.2651933047460253,-12.661016949152541,3.161451922507831,6.979661016949152,R
681035,SI,21,0.018518518518518517,92.03333333333333,1.4725261740741085,2138.6190476190477,75.68915126388734,9.977142857142857,2.4227776267275187,-15.89142857142857,2.522733211646221,6.909523809523811,R
681035,ST,254,0.2239858906525573,81.3259842519685,1.1998822470832897,2485.580508474576,249.0811323887877,5.319212598425197,2.731214849735146,16.910078740157484,2.958623089658576,6.838976377952756,R
681084,FF,16,0.37209302325581395,95.03125,0.9163105368814655,1981.5625,98.27985127515541,15.4125,1.8948192525937662,-7.44,2.158221490023672,6.25625,R
681084,FS,18,0.4186046511627907,85.7388888888889,0.8211461780655351,1020.8333333333334,97.30924023593093,2.953333333333333,3.202300643563109,-12.106666666666666,2.130341038701661,6.233333333333333,R
681146,FA,88,0.7719298245614035,72.22272727272727,4.946674890923096,1949.2528735632184,192.13568475930154,12.855,3.827039010280258,-14.181818181818182,2.2211680397518436,4.598850574712644,R
681151,CH,29,0.06041666666666667,89.39655172413794,0.8256957060653625,1924.7931034482758,226.01412397558968,5.921379310344829,3.1523502843546645,-15.943448275862066,2.3481668775300157,6.179310344827586,R
681151,FC,24,0.05,91.84583333333335,1.4077361309893097,2362.625,73.22437970108518,6.715000000000001,1.4467144184999512,-0.8550000000000001,2.775340167164786,6.095833333333334,R
681151,FF,245,0.5104166666666666,95.62816326530613,0.9936595581473014,2461.191836734694,88.0643855293487,14.897142857142859,1.4956066810034967,-9.494693877551022,1.9982958949499539,6.208571428571428,R
681151,SI,68,0.14166666666666666,95.2514705882353,0.8827522508809984,2346.485294117647,87.4942203032827,7.657058823529413,1.9633090090825904,-16.512352941176474,1.8558082421905193,6.186764705882353,R
681151,ST,109,0.22708333333333333,81.38715596330276,0.977061061573336,2443.422018348624,109.86189087330928,-0.8069724770642203,2.6625737703524397,16.519266055045872,2.6021129969564476,6.130275229357797,R
681168,CH,18,0.03536345776031434,88.96666666666667,0.9461998296591793,1760.7222222222222,122.25181608445624,10.46,1.4972445279481201,-14.566666666666666,1.5636006711508947,6.677777777777778,R
681168,FF,131,0.25736738703339884,96.0351145038168,0.8580768895189305,2372.0,93.53222398230956,13.793587786259542,1.925088237219387,-12.707175572519086,2.1320889990116267,6.5038167938931295,R
681168,FS,39,0.07662082514734773,83.00769230769231,1.3966849125480207,1152.5897435897436,210.34742163091667,4.52,3.4079659004965657,-9.486153846153844,2.6471599631388623,6.417948717948719,R
681168,SI,131,0.25736738703339884,95.10152671755725,0.9322416930607013,2328.0,81.69926089487733,12.057709923664122,2.3123383319407007,-15.512061068702288,1.6890628797136418,6.437404580152672,R
681168,SL,190,0.37328094302554027,84.09947368421051,1.4853249468437915,2210.4947368421053,152.38529374559207,2.851578947368421,2.0302914096306592,2.567368421052632,1.6512135736070486,6.579473684210526,R
681190,CH,282,0.07507987220447285,87.61560283687943,1.5413301870834486,2059.1418439716313,121.9514565088518,4.540425531914894,2.5699522607528427,-18.445531914893614,2.318477358212422,6.091134751773049,R
681190,CU,465,0.12380191693290735,82.33376344086021,1.7712502366452128,3077.3591397849464,91.7744966787492,-5.07458064516129,3.243787943511322,11.302709677419355,2.9161063530869216,6.039354838709678,R
681190,FC,906,0.24121405750798722,90.27593818984548,1.3377706583330453,2599.7527593818986,150.11470611628096,9.98,2.887035145906897,1.9214569536423842,2.3756807635728663,6.09205298013245,R
681190,FF,982,0.2614483493077742,94.29450101832994,1.3075996425425298,2407.9816700611,81.0387812552766,15.808228105906315,1.8720823352713258,-9.35437881873727,2.382584658415146,6.10050916496945,R
681190,SI,613,0.16320553780617678,93.7394779771615,1.3845462630399397,2350.2300163132136,81.28404332251161,11.25337683523654,2.2100190421321484,-15.754453507340946,2.2617820573699805,6.113235294117647,R
681190,SL,131,0.03487752928647497,85.95496183206107,1.2477187639514828,2882.4198473282445,192.6554498899115,4.910839694656488,2.997695791557226,5.6629007633587785,2.3223650042905097,6.019083969465649,R
681190,ST,377,0.1003727369542066,82.66366047745358,1.441641488821058,3020.1193633952253,109.65933259474805,3.8250397877984086,3.699379053848229,12.09135278514589,3.1439090935504974,6.087267904509283,R
681217,FF,361,0.378803777544596,95.84072022160665,0.8750736679185331,2405.4583333333335,78.22682139112017,16.05606648199446,1.5224143967947317,-7.227922437673129,2.0973931848237592,5.8850415512465375,R
681217,FS,268,0.2812172088142707,87.89104477611939,1.2646423417983592,1075.9201520912547,147.10134797844654,1.9504477611940298,4.870586313239307,-10.744925373134329,2.8443917476124185,5.823507462686568,R
681217,SI,142,0.14900314795383002,95.50915492957748,0.9161207862370153,2326.887323943662,95.60943739521255,9.329577464788734,1.932641184456483,-13.827042253521126,1.7779583433090898,5.904929577464789,R
681217,ST,181,0.18992654774396642,86.1524861878453,1.3130358825922583,2819.866666666667,121.52657478876078,-0.12530386740331487,2.675513354985765,8.918453038674032,3.2404865605601993,5.808839779005527,R
681252,FF,51,0.3669064748201439,90.65098039215684,1.0880023068026305,2098.098039215686,97.26936925917856,18.20941176470588,1.2649259452864514,-3.23764705882353,1.8086974188462748,6.196078431372549,R
681252,FS,30,0.2158273381294964,81.56,1.5098755372318051,625.0666666666667,136.55008764838493,5.3,3.7501227566114648,-2.384,2.7432595763886938,6.243333333333334,R
681252,SL,33,0.23741007194244604,83.47272727272727,2.0992964189331285,2179.6969696969695,70.6127134659921,2.283636363636364,2.4129932373789127,5.556363636363636,1.3504948587967165,6.245454545454545,R
681252,ST,15,0.1079136690647482,78.11999999999998,1.4828543903084819,2121.133333333333,96.6221408127459,-0.14399999999999996,3.1675064550616376,12.856,2.118587130276078,6.253333333333333,R
681293,CH,161,0.07707036859741503,84.48509316770185,1.2373465147304243,1498.1242236024846,217.29434983922084,3.7840993788819874,3.0286045615203894,-13.99080745341615,3.219559747689752,7.422981366459627,R
681293,CU,629,0.30110100526567735,76.84753577106517,1.235417281966482,2834.1637519872816,88.964532881036,-6.497170111287759,2.725131961626302,17.129093799682035,1.8946108550684027,7.149761526232115,R
681293,FC,180,0.0861656294877932,87.38388888888889,1.3527610453017596,2387.2722222222224,94.5673376329769,9.491333333333333,2.8962584995282077,2.893333333333333,2.7773867384597466,7.200555555555555,R
681293,FF,628,0.3006223073240785,92.6406050955414,1.033146484673771,2332.9761146496817,74.65948902174746,14.154076433121016,1.6840380025844608,-11.843885350318471,2.4253499458923917,7.310350318471339,R
681293,SI,207,0.09909047391096218,92.2333333333333,0.9158263285567139,2303.057971014493,69.90386270518928,9.195942028985508,1.9050161063768165,-17.045797101449278,1.6322945959454507,7.382608695652173,R
681293,SL,16,0.007659167065581618,82.24375,1.091768443092827,2672.25,64.11812016375194,4.4475,2.920537621740216,7.7475,1.3911506029183183,7.28125,R
681293,ST,268,0.12829104834849211,79.66305970149254,1.5632295043638882,2769.6902985074626,103.34030352430183,1.9773134328358208,2.972111864499683,15.884328358208956,3.0794462870536043,7.156716417910448,R
681343,CH,462,0.1700404858299595,90.04523809523812,1.2571397172022276,1586.623348017621,153.75064092912598,1.2233766233766235,2.517826565259775,-14.619220779220779,2.6724459372223786,6.7755411255411255,R
681343,CU,418,0.15384615384615385,82.12751196172248,1.5122153397150566,2197.420924574209,169.43363460866928,-11.467464114832534,2.267195264906127,5.489856459330143,3.4811688654809823,6.691148325358851,R
681343,FF,1167,0.42951785057048214,95.63230505569838,1.313340998844333,2277.427454387489,87.4750433599125,14.377069408740361,1.896059101879423,-7.270128534704371,2.8471094367269503,6.776072041166381,R
681343,SI,354,0.13029076186970923,95.73248587570622,1.1956915246749649,2116.468926553672,88.69999342393074,9.651525423728813,2.020063230906123,-15.273898305084744,2.4934804624909965,6.8375706214689265,R
681343,SL,313,0.11520058888479941,89.56421725239616,1.5727438390975659,2194.6943521594685,98.05556044744347,3.6831948881789143,2.40127423779584,2.6718210862619807,2.1770162051833397,6.656549520766773,R
681347,CH,806,0.2533794404275385,86.96513647642679,1.3311977210975818,1493.954094292804,119.13655874322825,6.74575682382134,2.8671448105030155,-14.510769230769231,2.126671362615203,6.415880893300248,R
681347,CU,417,0.1310908519333543,78.79016786570743,1.3841215697438896,2900.1322115384614,68.94425421187941,-14.504748201438847,2.822786657856381,9.924316546762592,2.461766207643557,6.161927710843374,R
681347,FF,1070,0.33637220999685635,95.25588785046729,1.0504299563116926,2291.041121495327,75.01131932451716,16.742018691588783,1.528352206586278,-6.989383177570093,2.4996178179150035,6.447141518275539,R
681347,SI,314,0.09871109713926438,94.84777070063693,1.173868076213363,2161.9012738853503,75.3922212640404,12.48343949044586,1.8355310061673316,-14.526878980891722,1.9660878439753682,6.462101910828026,R
681347,SL,574,0.1804464005029865,88.35261324041812,2.1626009969008297,2529.472027972028,72.86516290901665,4.991080139372823,3.3079460973157087,3.663554006968641,1.8156942094345467,6.352613240418118,R
681402,CH,26,0.04153354632587859,90.90384615384616,1.0246875696448225,1165.6153846153845,163.1585920319434,2.8153846153846156,2.6389592354096427,-12.046153846153846,3.1259162841292807,6.588461538461539,R
681402,FF,358,0.5718849840255591,95.09916201117318,0.9168967095151738,2314.268156424581,99.9177008258717,18.375083798882685,1.6179083113336328,-9.270167597765363,2.1175985222048284,6.704469273743016,R
681402,SL,242,0.3865814696485623,87.61818181818181,0.9856648871241908,2212.1659751037346,64.30835096742396,1.8277685950413225,1.8845224529546298,1.3507438016528925,1.6494939071902286,6.613223140495868,R
681432,FF,55,0.5789473684210527,93.93090909090908,2.2177626970601203,2283.8727272727274,60.743862529615576,8.024727272727272,2.09648016706791,3.794181818181819,2.6800488462305716,7.2763636363636355,L
681432,ST,39,0.4105263157894737,82.69487179487179,1.5980166519698757,2432.4871794871797,81.51682803177313,2.036923076923077,2.247101236618265,-13.003076923076923,2.5714281858492094,7.089743589743589,L
681517,CH,331,0.11343385880740232,89.13232628398791,1.4604317634317567,1482.5196374622356,137.58356823968893,3.3288217522658607,2.9990664408472703,-11.609184290030212,2.6757184703553802,7.1595166163142,R
681517,CU,490,0.16792323509252913,83.16061224489795,1.531395915013656,2373.165306122449,111.1541019337364,-12.054122448979593,1.9656484865574635,8.733551020408164,2.2578530173381175,7.018775510204081,R
681517,FF,855,0.29300891021247427,94.71228070175438,1.2820052778188862,2273.004678362573,131.43242527506095,15.757333333333332,1.946121682185761,-3.8891228070175434,1.9656547621979203,7.219883040935673,R
681517,SI,313,0.10726525017135025,94.27603833865815,1.3824336210010786,2196.7667731629394,117.06580954417748,11.418785942492013,1.8862824130689009,-13.103769968051116,1.9665242925195585,7.254952076677317,R
681517,SL,541,0.1854009595613434,90.21164510166359,1.5412576850065345,2353.5878003696857,90.13287597971613,4.463955637707948,2.0744569726464985,4.968133086876155,1.7098768714701114,7.095563770794824,R
681517,ST,387,0.13262508567511994,85.7059431524548,1.6019226876719483,2666.43669250646,100.95447595297041,2.616124031007752,2.767368040320408,15.998139534883723,2.9010622766171674,7.017312661498708,R
681520,FF,27,0.421875,97.41111111111113,0.8349727463692971,2234.962962962963,78.71979590805776,12.591111111111113,1.6426370293696688,6.9466666666666645,2.09500504864455,6.674074074074074,L
681520,SL,30,0.46875,88.18333333333334,1.250953659202157,2402.0666666666666,131.07379688513282,8.692,1.6975487398416373,-7.244,5.195959703594641,6.643333333333333,L
681676,CH,70,0.08974358974358974,87.04857142857142,1.1401427392386054,1421.5714285714287,168.08189613853065,5.4788571428571435,2.528217303342269,-13.232571428571429,2.4256818468958885,6.412857142857143,R
681676,FC,42,0.05384615384615385,91.35,0.7425237123584899,2347.2619047619046,96.64444756458532,10.185714285714287,2.8858723522445473,1.7114285714285713,2.318881744193525,6.3928571428571415,R
681676,FF,304,0.38974358974358975,94.94375000000001,1.102634296917738,2188.7697368421054,132.87843872185675,17.636447368421052,1.8902740150587303,-7.713947368421053,2.117061341410159,6.466118421052632,R
681676,SL,364,0.4666666666666667,86.80659340659341,1.428887501739932,2635.346153846154,124.11216806038173,0.6052747252747251,2.3653305539717415,2.9396703296703297,1.3954968510412364,6.304132231404959,R
681751,CU,30,0.10238907849829351,75.21666666666665,0.9896301410587465,2560.8,210.9666422397888,-11.96,2.541159116460914,9.356000000000002,2.412687155506247,6.169999999999999,R
681751,FF,139,0.47440273037542663,93.13093525179856,1.0327147929624028,2256.3741007194244,93.77681439764038,18.77956834532374,1.5613622213429839,-7.843165467625898,1.9353736245554658,6.186861313868614,R
681751,FS,27,0.09215017064846416,84.48148148148148,1.5701634008640968,1005.1111111111111,277.0032398218383,9.577777777777776,4.17155692511647,-6.6,3.757626091850258,6.334615384615384,R
681751,SL,97,0.3310580204778157,86.08144329896906,1.5015498865690977,2394.381443298969,102.90088711341862,7.438762886597939,3.1422998669140805,2.085773195876288,2.865978539642389,6.165979381443299,R
681799,FC,255,0.4207920792079208,92.63607843137255,1.1295390991468452,2775.9053497942386,85.40547002449206,12.887529411764707,2.6848128892188736,-0.04988235294117647,2.951321001754302,6.35843137254902,R
681799,SI,88,0.14521452145214522,93.6340909090909,0.9053971458098056,2491.059523809524,95.74216771772291,8.795454545454545,1.694729428844202,-12.064090909090908,3.2325046821893664,6.3931818181818185,R
681799,ST,263,0.43399339933993397,83.15551330798479,1.1869672460278056,3162.4541832669324,93.92001326889961,-0.793916349809886,2.42630862318887,20.281368821292777,2.716594963463035,6.296197718631179,R
681806,FF,21,0.3888888888888889,94.40952380952379,1.1058502438869195,2414.4761904761904,81.1009365221013,16.708571428571428,1.4523990006685001,-5.685714285714287,1.627527484955543,6.376190476190475,R
681810,CU,66,0.08088235294117647,84.15454545454546,0.8793672232274261,2754.8636363636365,117.10874451533516,-7.287272727272729,2.685884782141085,9.201818181818183,2.837467402234122,6.304545454545455,R
681810,FC,36,0.04411764705882353,88.38055555555555,1.2885915776413617,2453.0,110.89815147242085,4.919999999999999,2.8727050467659025,-0.6133333333333335,2.277161139915851,6.300000000000001,R
681810,FF,121,0.1482843137254902,93.89834710743801,0.7196044597641097,2395.438016528926,88.5467760152775,14.837355371900825,1.8712472527679864,-11.865123966942148,2.3533756307704325,6.472727272727273,R
681810,SI,217,0.2659313725490196,94.1069124423963,0.7683545168699606,2271.1751152073734,93.25848550464953,6.363870967741936,1.7625506932387958,-18.383778801843317,1.772201630038614,6.482027649769585,R
681810,ST,363,0.44485294117647056,84.86501377410468,1.0856747716302986,2758.382920110193,135.4121575585214,-1.6446280991735538,2.1820373069270644,15.541487603305784,2.942070716581305,6.308264462809918,R
681857,CH,312,0.251005631536605,87.76089743589743,0.8426396832270786,1958.5457627118644,112.37408875635455,0.3715384615384616,2.495945046865524,-14.872307692307691,2.3705008753843297,5.874038461538461,R
681857,CU,73,0.058728881737731296,79.74657534246575,0.8001878584607535,2441.0298507462685,214.09718624035673,-12.264657534246576,3.6893879657260005,7.476164383561642,2.9797775038755394,5.772602739726027,R
681857,FF,241,0.19388576025744167,94.32863070539419,1.049826271605569,2317.6603773584907,75.96936109675626,15.183734439834026,1.7097722058363864,-9.955518672199169,2.2968412731455556,5.901659751037344,R
681857,SI,342,0.2751407884151247,94.45350877192983,1.0186685425738695,2168.0433436532508,73.68616077260629,10.562105263157894,2.3343323624389885,-15.740701754385965,1.6269135195019624,5.91812865497076,R
681857,SL,270,0.2172164119066774,84.3825925925926,0.971198977666276,2836.793774319066,94.23466532327419,-3.4675555555555557,2.4240699643511516,4.993777777777779,1.5098653854010358,5.841851851851851,R
681867,CH,243,0.2865566037735849,85.03415637860084,1.0218005944329478,1524.9256198347107,75.21120086191544,-5.861234567901233,2.214304388310103,-13.539753086419752,2.0193915141799734,6.621900826446281,R
681867,FC,220,0.25943396226415094,87.11000000000001,1.0282715914355625,2276.081818181818,94.28986027194959,6.868909090909091,2.0745698109183017,0.6234545454545455,2.319734450384112,6.763636363636365,R
681867,FF,28,0.0330188679245283,91.01428571428572,0.5904889911566934,2296.1071428571427,61.95299250579653,9.574285714285713,1.6921330579225398,-10.08,2.435515003717557,6.7678571428571415,R
681867,SI,216,0.25471698113207547,90.44675925925925,1.1736203805269774,2074.7685185185187,71.92452199891042,-2.785,2.534187636451608,-15.634444444444444,2.1626681769080647,6.6402777777777775,R
681867,ST,137,0.1615566037735849,78.0810218978102,1.4512435259375946,2619.6861313868612,112.02565041259507,6.157664233576643,2.6153698036723902,18.834744525547443,2.397478172719131,6.655474452554744,R
681869,CH,82,0.14335664335664336,87.74146341463415,1.194529838757502,1599.9268292682927,118.1256686427276,-2.438048780487805,2.4235788448788234,-14.195121951219509,1.8461238966370639,6.532926829268295,R
681869,CU,80,0.13986013986013987,81.72375,0.8750036166290536,2653.175,92.78991856522869,-14.808000000000002,1.5737389164709594,10.6455,1.7500610477597849,6.3225,R
681869,FC,20,0.03496503496503497,88.98,1.0675106310329754,2593.95,95.35334564825604,8.82,1.8799104121991388,3.0540000000000003,1.4822614301695975,6.475,R
681869,FF,200,0.34965034965034963,94.288,0.8727338205936792,2284.645,105.21454021361215,13.7772,2.1940495498360284,-11.261400000000002,2.0523985331054657,6.475499999999999,R
681869,SI,86,0.15034965034965034,93.88488372093023,0.880710601043667,2151.4418604651164,95.14800911659103,8.312093023255814,1.571029723221324,-16.322790697674414,1.4986838548718755,6.5337209302325565,R
681869,ST,96,0.16783216783216784,83.27916666666665,0.9587180768490768,2846.3541666666665,112.68773614370369,0.24125,2.720838589769512,16.3875,2.6029833086793235,6.380208333333333,R
681870,CU,186,0.16878402903811252,80.87204301075269,1.3907700057705028,2657.654054054054,166.94648744725157,-12.293548387096774,3.2018530598022377,-6.6651612903225805,2.4104554298410537,6.612903225806452,L
681870,FF,741,0.6724137931034483,93.99122807017544,0.9362901075421393,2586.27665317139,81.75062844704195,19.54736842105263,1.39463536279688,9.68761133603239,1.9588602146728278,6.710931174089068,L
681870,SL,175,0.1588021778584392,86.63142857142857,1.8068470392694875,2583.7988505747126,118.27004369520374,4.7705142857142855,3.2149276941818976,-1.1142857142857143,2.4628614860579123,6.578285714285714,L
681882,FF,32,0.14953271028037382,95.821875,0.5723378062963598,2273.46875,102.72763374025008,16.31625,1.2598559825528444,-7.3500000000000005,1.7506791308960188,6.668749999999999,R
681882,KC,56,0.2616822429906542,83.18214285714285,0.8106354730270999,2840.0178571428573,86.51105889820279,-14.36357142857143,1.6679442203137138,10.759285714285713,3.051895302113907,6.525,R
681882,SI,90,0.4205607476635514,95.51777777777778,0.8835039761682565,2210.6666666666665,71.75316615963774,10.629333333333333,1.573268836359722,-14.650666666666668,1.3706496450363246,6.62888888888889,R
681882,SL,36,0.16822429906542055,88.07499999999999,1.0884786237155577,2536.6388888888887,74.39514299729049,2.02,1.6825694636477868,3.4999999999999996,1.6354501346287336,6.552777777777779,R
681892,CH,112,0.09341117597998332,88.89910714285715,1.0048975148959303,1862.607142857143,141.2899617165115,-0.031071428571428576,2.210505366841252,16.295357142857142,2.067266955207446,7.083035714285714,L
681892,FC,333,0.27773144286905754,92.0054054054054,1.052321401540123,2299.57957957958,90.5242286202572,12.514594594594593,1.894533568077669,0.54990990990991,2.070630904158662,7.002102102102102,L
681892,SI,397,0.3311092577147623,93.02745591939545,0.9893763090990908,2345.48362720403,85.01460277975816,7.39919395465995,1.8942313691741466,16.078790931989925,1.8201494413944346,7.092947103274558,L
681892,SL,123,0.10258548790658882,86.72926829268293,1.4305067144952213,2434.6991869918697,76.70295428505288,3.159024390243902,2.248802746903829,-2.738536585365853,2.7009520734657135,6.973983739837398,L
681892,ST,234,0.195162635529608,81.79017094017095,1.3862404667294397,2454.474358974359,93.89740420097749,-3.006153846153846,2.3650509149502534,-14.877948717948717,2.7421508861361743,6.939316239316238,L
681895,CH,61,0.06288659793814433,83.63442622950818,1.4771464885494192,2133.688524590164,79.1826035152517,3.2852459016393443,2.6078187606742516,16.497049180327867,1.8324549510263504,6.99672131147541,L
681895,CU,203,0.20927835051546392,77.33940886699507,1.4464787032413882,2221.926108374384,99.26117892565537,-6.247684729064039,1.5393492450162114,-12.112906403940887,2.194563247580724,7.04679802955665,L
681895,FC,34,0.03505154639175258,87.05588235294118,1.3038849123015517,2269.705882352941,76.48352146219776,7.111764705882353,1.3308016963771176,-2.036470588235294,1.7373296861858645,6.829411764705883,L
681895,FF,175,0.18041237113402062,91.26,1.34395196958512,2083.3314285714287,112.40998383746107,12.863314285714289,1.610364558058894,6.835885714285713,2.153319060281002,6.9154285714285715,L
681895,SI,287,0.2958762886597938,90.70731707317073,1.5330560846080103,1995.4808362369338,110.36360193227699,5.302160278745644,2.6294245831657856,15.372961672473865,2.1974338041681003,6.959233449477352,L
681895,ST,206,0.21237113402061855,80.0097087378641,1.3477724757761833,2249.4271844660193,76.56192799541795,6.2813592233009725,2.618929607652971,-11.888737864077667,3.11355327704511,6.7902912621359235,L
681911,CH,171,0.09574468085106383,83.03742690058479,1.2139882445313617,1806.8479532163742,141.75492618857098,13.537543859649123,3.4005703400710443,10.761403508771929,2.4784013623086754,6.372514619883042,L
681911,FF,994,0.5565509518477044,92.36187122736418,1.1148295086471993,2472.1975806451615,73.59943728529421,21.09645875251509,1.4637158134992143,5.109175050301811,1.847139789336666,6.332595573440644,L
681911,SL,621,0.3477043673012318,84.5330112721417,1.3743932789986295,2381.9177419354837,75.11792350085501,3.7688888888888887,2.0801137272465584,-6.269371980676328,1.5188630377806391,6.2658615136876,L
681916,FF,207,0.49640287769784175,95.32657004830916,1.0768162907167171,2471.951690821256,88.35880945492812,17.322318840579708,2.0714411368137124,-3.375072463768116,2.2882742192513774,6.58743961352657,R
681916,FS,35,0.08393285371702638,85.88,1.365499262282523,979.7714285714286,187.23751599227646,5.444571428571428,3.9188326164344214,-7.2137142857142855,3.1414787504447332,6.737142857142857,R
681916,SI,31,0.07434052757793765,94.43870967741935,0.8998805177558623,2207.9032258064517,66.96534170186331,14.49677419354839,1.7421143994138735,-11.814193548387097,1.970787954420851,6.61290322580645,R
681916,ST,133,0.31894484412470026,85.44511278195489,1.246234702675851,2524.8646616541355,67.82316377736309,4.5572932330827065,3.3341036521624448,10.178345864661653,3.0367507008092294,6.5436090225563905,R
681962,EP,31,0.96875,52.10000000000001,2.6580694748883706,1296.5483870967741,86.32220213042044,16.79225806451613,2.963770919709573,-1.5638709677419353,5.30941658905468,3.9870967741935486,R
681982,CH,66,0.03499469777306469,86.68181818181819,1.566859582428799,1680.1515151515152,76.15919408595947,-3.1363636363636362,2.241032479333259,-14.603636363636362,2.480791211481739,6.606060606060606,R
681982,FF,658,0.3488865323435843,93.37689969604864,1.1052860917274394,2428.9650455927053,123.1957284690164,12.368024316109421,1.7807436202644515,-12.183100303951369,2.098568648742625,6.560790273556231,R
681982,SI,459,0.24337221633085895,93.00130718954249,1.2306131674388836,2272.9564270152505,98.47156316557287,0.8606535947712417,2.3655700882923574,-17.539869281045753,1.6550494340542994,6.4982570806100215,R
681982,ST,703,0.37274655355249203,80.43584637268847,1.4548654353769246,2659.3342816500713,95.81790989831903,2.8823897581792317,2.6612883758401935,13.360113798008534,2.917148041081267,6.4550497866287335,R
682052,CH,334,0.11613351877607789,82.9616766467066,1.27027634206843,2129.0958083832334,108.80818914226829,4.558562874251497,2.240752307025559,18.282395209580837,1.996627549912621,6.9419161676646715,L
682052,FC,466,0.1620305980528512,87.0341201716738,1.3918561052730187,2193.912017167382,71.43474942329956,9.016995708154507,2.3372351067163875,0.4496137339055794,2.990100415644754,6.9742489270386265,L
682052,FF,1015,0.35292072322670376,90.6487684729064,1.1120888357016459,2152.2266009852215,89.27888778714852,12.174975369458128,2.037087968378262,13.52902463054187,2.203140428102816,7.112709359605911,L
682052,SI,169,0.05876216968011127,90.02485207100592,1.2416761456216372,2068.905325443787,96.60186103178432,6.876213017751478,2.3227866786154383,17.630059171597633,2.0947861855436574,7.159763313609467,L
682052,SL,892,0.3101529902642559,77.65706278026906,1.5531097310501667,2383.1502242152465,91.6559336842039,1.8504484304932733,2.643087721875807,-9.502197309417042,2.9301759279745716,6.7817264573991025,L
682077,FC,19,0.25333333333333335,88.1263157894737,1.096378941619061,2584.6315789473683,131.5962725435961,9.625263157894736,3.312903004283324,0.47999999999999987,2.089976076418101,6.61578947368421,R
682077,ST,21,0.28,79.0047619047619,0.916774885386914,2750.6666666666665,88.58461115415778,-2.7142857142857144,3.549947283310798,14.148571428571426,1.7243731780397358,6.423809523809524,R
682120,CU,494,0.3471539002108222,80.91963562753037,1.166120398500557,2369.2975708502026,102.89849324917911,-2.9477732793522264,2.135352458713941,-11.155384615384616,3.002118209913506,6.29412955465587,L
682120,FF,342,0.24033731553056922,94.60409356725147,1.0377822465332,2379.5116959064326,145.39168911792774,12.367719298245614,1.7551188821492762,7.531578947368422,2.530124744741712,6.449415204678362,L
682120,SI,272,0.19114546732255797,93.65514705882353,1.1594196189614208,2239.591911764706,130.6517257439568,4.308529411764706,2.9343715808972646,15.568676470588237,2.321450370165544,6.476470588235294,L
682120,SL,311,0.21855235418130708,87.07170418006432,1.1963263617513327,2211.135048231511,84.88056747808,2.3378778135048233,1.7295322874723666,-0.3669453376205788,1.982268005439598,6.399356913183279,L
682171,FF,91,0.36254980079681276,88.18461538461538,0.8375789285425347,2296.054945054945,81.15655140767032,6.094945054945056,1.9557927484079887,-2.775824175824176,1.6855345778674529,6.49010989010989,R
682171,SI,34,0.13545816733067728,88.17941176470588,0.8703114774241382,2137.6470588235293,90.39505294620912,-0.16235294117647062,2.677238580536352,-10.616470588235295,2.444895588466443,6.529411764705881,R
682171,ST,124,0.4940239043824701,78.54919354838708,0.7283454875444287,2619.1693548387098,125.77025911410519,1.1177419354838711,2.9863050118697143,17.97967741935484,2.218013443361677,6.4806451612903215,R
682227,CH,152,0.23170731707317074,85.24473684210527,1.320585334483743,1867.3092105263158,119.2922413864445,6.858157894736842,2.088200030081559,16.268684210526317,1.656021996610847,5.959210526315789,L
682227,CU,61,0.09298780487804878,75.16229508196722,2.033237478704527,2645.245901639344,118.75403933308331,-11.329180327868853,2.7850495477830477,-12.387540983606556,2.1109308023852926,5.903278688524591,L
682227,FC,178,0.27134146341463417,88.82808988764046,1.5919989753882626,2419.7022471910113,89.57902861609384,9.375505617977526,2.264120043949655,-3.201573033707865,2.420131620306568,5.867415730337079,L
682227,FF,116,0.17682926829268292,92.69224137931036,1.3221952011427955,2174.853448275862,115.48576078689415,17.53965517241379,1.7447122254472764,8.562413793103449,1.8869273946031278,6.046551724137931,L
682227,SI,77,0.1173780487804878,93.21038961038961,1.1784897131927636,2085.6753246753246,91.10353300076866,13.960519480519478,1.8612332471437885,13.304415584415588,1.6010411854941977,5.961038961038962,L
682227,ST,72,0.10975609756097561,81.125,2.3066193786029108,2585.1944444444443,109.18838081001276,2.4866666666666664,3.0658500647811056,-14.37166666666667,4.377712760573095,5.906944444444445,L
682243,FC,57,0.020986745213549336,90.60175438596491,1.4452497594422629,2599.8596491228072,66.51193195759562,9.458947368421054,3.2872837702982327,4.227368421052631,2.551639897284398,6.2368421052631575,R
682243,FF,1139,0.41936671575846834,95.39877085162423,1.2387200290470317,2516.2230026338893,99.47540500807766,18.87919227392449,1.4528970080751844,-6.015381913959614,2.2952260589254982,6.282967515364354,R
682243,FS,557,0.20508100147275404,84.40251346499102,1.373304370543144,1045.2895683453237,156.38243939280386,2.8840933572710954,3.5283970995323313,-10.492998204667865,2.6747130192991326,6.4574506283662485,R
682243,KC,222,0.0817378497790869,83.43378378378377,1.4163183130563346,2363.824324324324,75.81676376694953,-11.031351351351352,2.7914071400809664,3.345945945945947,2.3955563607663093,6.345045045045045,R
682243,SI,347,0.12776141384388806,94.77636887608068,1.1089835798153993,2466.4553314121035,77.22046468767589,13.341095100864555,1.7598797777036215,-14.679077809798269,1.8750837398634739,6.30835734870317,R
682243,SL,256,0.09425625920471281,86.6671875,1.715973827443352,2504.31640625,98.86789306341579,1.7371874999999999,2.3015803394240946,4.09359375,1.6404369261948262,6.2703125,R
682243,ST,137,0.05044182621502209,83.45547445255475,1.2731918960321498,2374.1605839416056,64.42143340542374,-6.529051094890511,2.186337214724152,15.769927007299273,2.001204231702959,6.3321167883211675,R
682254,CH,27,0.016811955168119553,90.21851851851852,1.9424483038437388,1657.148148148148,275.7061847055671,10.604444444444445,3.655593536289846,8.537777777777777,1.7663637863251798,7.111111111111111,L
682254,CU,117,0.07285180572851806,86.61538461538463,1.234812242087658,2672.803418803419,84.64665291835223,-6.524102564102564,2.70982572090269,-1.285128205128205,2.062456108366671,6.889743589743589,L
682254,FF,1006,0.6264009962640099,98.51441351888668,1.0395564515199065,2274.2882703777336,112.1015282607622,18.366083499005967,1.4040100242679392,5.27141153081511,2.1766879298389807,6.873459244532804,L
682254,SI,39,0.024283935242839352,98.18974358974359,0.9124273213435389,2140.025641025641,163.1249903697496,14.587692307692306,1.6070935870604581,10.067692307692308,2.453219647662254,7.033333333333332,L
682254,SL,417,0.25965130759651306,89.62661870503598,1.1462045775478253,2587.685851318945,96.19171370191164,1.6336690647482015,1.4161099940395145,-1.0840287769784172,1.6091896787659365,6.777697841726618,L
682274,FF,139,0.3564102564102564,95.01294964028776,1.0301142846667586,2336.338129496403,72.51072423999912,20.18762589928058,1.426042249274428,-4.673093525179856,1.841593059944578,5.967625899280575,R
682274,FS,138,0.35384615384615387,86.83333333333333,1.1629520286428732,1471.3623188405797,106.20919599682394,9.403478260869564,2.607709975638052,-9.031304347826088,3.564299017105414,6.095652173913043,R
682274,SL,111,0.2846153846153846,86.53333333333335,1.1516259914757156,2296.252252252252,75.15480610875716,4.112432432432432,1.8364274686645938,4.0237837837837835,1.6731929487463912,6.013513513513512,R
682445,FF,50,0.3875968992248062,92.86800000000001,0.8876568559288841,2252.36,67.95849874019002,12.3792,1.4935669399399656,-13.711199999999998,1.9309600446093003,6.031999999999998,R
682445,SI,31,0.24031007751937986,92.86774193548389,0.7599943406693648,2213.5806451612902,80.26945213614306,6.1664516129032245,2.089901988749866,-18.19354838709678,1.4525048442537618,6.061290322580646,R
682445,SL,46,0.35658914728682173,86.2,1.1019175206077005,2358.3478260869565,69.78227007909176,0.8947826086956521,1.4363746634889671,2.634782608695652,1.2857263215447694,6.0826086956521745,R
682608,CH,268,0.4227129337539432,83.24179104477612,1.100003303193044,1807.2164179104477,92.00357116829666,4.752985074626865,2.740889991835123,-16.442238805970153,1.8744729663453719,6.913432835820895,R
682608,FF,242,0.38170347003154576,92.78471074380165,0.9339014443103303,2316.2272727272725,74.14465227230426,16.196033057851242,1.641498394198348,-11.960330578512394,1.9738539650457008,6.943388429752066,R
682608,SL,124,0.19558359621451105,86.56370967741935,1.041288654201611,2544.1612903225805,75.70604116079662,6.394838709677419,2.2177522803563887,3.0725806451612905,2.8767387449074366,6.788709677419354,R
682610,CH,17,0.04292929292929293,89.83529411764705,0.960430356969332,1844.5294117647059,173.89764146152862,5.5200000000000005,2.9975990392312313,-12.959999999999999,2.1782561832805616,6.158823529411765,R
682610,FC,98,0.2474747474747475,91.51326530612246,1.0859589097333682,2426.581632653061,91.34289351255032,7.253877551020409,1.3636591410220187,0.1579591836734694,1.7139945260794314,6.061855670103093,R
682610,FF,75,0.1893939393939394,95.61466666666666,1.2747753732529707,2341.76,91.93988047426222,13.9328,1.9213751831942132,-8.0288,1.9533761210453737,6.091891891891892,R
682610,SI,67,0.1691919191919192,95.28059701492539,1.0875659235985533,2305.5671641791046,76.58531069704912,6.422686567164179,1.8975227727220145,-15.659104477611942,1.992535868156139,6.191044776119403,R
682610,SL,139,0.351010101010101,86.80863309352519,1.859230088995017,2442.568345323741,134.88293638170973,-4.931223021582734,1.8508691497027117,4.478848920863309,3.4571428010099488,6.0625,R
682645,SL,18,0.47368421052631576,84.21111111111111,1.4137513255369618,2613.1666666666665,79.70183406259342,-1.4533333333333336,2.127954002156559,9.840000000000002,4.722073323296477,6.227777777777778,R
682668,EP,19,0.95,40.16315789473684,2.1932245480407735,987.578947368421,77.13647054227526,16.149473684210527,2.335573861636128,-1.111578947368421,2.467984474914916,4.421052631578948,R
682769,CU,30,0.32967032967032966,83.45333333333333,0.9828646847383161,2519.846153846154,145.39840227669418,-8.943999999999999,2.8463086802819317,4.332,2.0255512659605737,6.673333333333334,R
682769,FF,34,0.37362637362637363,96.10588235294118,0.7563633792677484,2271.5588235294117,76.09451506394137,14.040000000000003,2.739289888074844,-4.136470588235294,2.246788795825751,6.76764705882353,R
682769,SI,19,0.2087912087912088,96.3,1.0913803695829944,2274.3888888888887,73.25711279571014,10.87578947368421,2.052982426155973,-12.517894736842104,2.3207076960544417,6.7631578947368425,R
682785,CH,18,0.2903225806451613,87.34444444444445,1.0153076741572535,1809.611111111111,141.9590408570224,1.9533333333333331,2.9062933741228862,-15.606666666666667,3.08902421295711,6.0888888888888895,R
682785,FF,31,0.5,96.72258064516129,0.6412018285580897,2357.935483870968,66.88992723565633,16.529032258064515,1.1671371094511838,-8.605161290322583,3.7884278805926366,6.235483870967743,R
682790,CH,57,0.15489130434782608,88.8842105263158,0.9084503040272578,1657.877192982456,77.8448709603728,5.816842105263157,1.9499149779035576,-16.117894736842103,1.9961880966715617,6.864912280701755,R
682790,FF,206,0.5597826086956522,95.10825242718447,0.8192083354954953,2411.2184466019417,95.15674283435449,14.28116504854369,1.739045603671878,-11.687184466019419,2.3381966857850207,6.83640776699029,R
682790,SL,19,0.051630434782608696,84.12105263157895,1.025550772007368,2629.9473684210525,95.07159505937882,-0.4484210526315791,1.9899113971282876,6.498947368421053,1.410964582344851,6.705263157894737,R
682790,SV,86,0.23369565217391305,79.37209302325581,0.9724016554285393,2644.7093023255816,91.5443789875348,-4.254418604651163,2.3448479718190502,17.531162790697675,2.1330576885305232,6.751162790697673,R
682825,SI,460,0.6855439642324889,98.72304347826086,1.2860198000847796,2283.886956521739,87.4496322103392,6.760434782608695,2.4664447493547828,-14.349130434782607,2.65841667137339,6.541956521739131,R
682825,SL,200,0.29806259314456035,86.62299999999999,1.6059158848288817,2302.82,123.81465155505019,5.901600000000001,2.7955653036253993,8.8902,4.138896990927358,6.65,R
682842,FF,26,0.013720316622691292,99.73846153846154,0.685318567136145,2408.730769230769,64.25919868302604,13.781538461538464,1.2905183216295453,-6.743076923076923,2.2030429305499597,6.365384615384617,R
682842,SI,1067,0.5630606860158311,98.64592314901593,1.0447176902157524,2306.7741330834115,98.51115195807071,6.530384254920337,1.99107392332809,-13.782680412371134,2.3961689118367917,6.434676663542643,R
682842,SL,800,0.42216358839050133,87.12137499999999,1.3141020468791667,2523.0362953692115,117.70894581170593,3.7737,2.6825553935192326,10.91055,3.3945798949692083,6.4513750000000005,R
682847,CH,202,0.1216867469879518,89.37920792079207,0.9463011870717306,1465.7227722772277,89.40050405679811,2.6536633663366334,3.116351267018421,-14.668514851485149,2.206280220240869,6.851980198019802,R
682847,FC,214,0.12891566265060242,90.93551401869158,1.2572234357536405,2341.0186915887853,72.60232944288732,8.95626168224299,2.181699610261888,0.7216822429906542,2.6074946102893297,6.675117370892019,R
682847,FF,508,0.3060240963855422,96.28267716535433,1.0787050815531904,2274.785433070866,79.56347387562491,12.020551181102363,1.9524484429619744,-12.332598425196853,1.955133519998866,6.663582677165353,R
682847,SI,313,0.18855421686746987,95.4517571884984,1.0698992487108634,2292.7539936102235,77.5081479899584,3.106964856230032,2.206490147541306,-16.554249201277955,1.8886659657036686,6.752715654952078,R
682847,SL,423,0.2548192771084337,85.4290780141844,1.1234387169629692,2386.8605200945626,80.30142814305465,0.8868085106382979,3.2925005952020827,6.3625531914893605,2.7822070250469917,6.727186761229316,R
682981,SL,16,0.5333333333333333,84.56875,3.724463048548073,2415.75,122.40506525466992,3.2175000000000002,3.4616672283742127,10.004999999999999,5.48070798346345,6.975,R
682982,FF,67,0.6633663366336634,99.0179104477612,0.984104788263491,2424.0746268656717,71.88191356638137,17.095522388059706,1.2316425145236298,-6.852537313432835,1.7542220439976284,6.752238805970148,R
682982,SL,24,0.2376237623762376,91.25,0.7283095376340308,2334.5416666666665,72.0868915097345,2.99,1.2953025498516453,3.8799999999999994,1.6528236708604225,6.612500000000001,R
682989,CH,17,0.0407673860911271,89.34117647058822,2.4505251538010726,1818.5882352941176,172.36192257265284,5.209411764705883,2.9964155056255035,-16.03058823529412,3.9835795313201596,6.741176470588236,R
682989,FC,135,0.3237410071942446,90.2251851851852,1.9526376542344226,2461.866666666667,125.0358038275676,7.022222222222222,1.5648731132895464,1.136888888888889,2.1209317393037597,6.515555555555555,R
682989,FF,19,0.045563549160671464,97.31052631578946,1.4227886299025982,2486.2105263157896,56.54651865437716,12.593684210526316,1.2512225600335225,-10.850526315789471,1.6763368584976872,6.6947368421052635,R
682989,SI,172,0.41247002398081534,94.83255813953488,1.4748925511832036,2387.7441860465115,91.88018972687141,6.92093023255814,1.8766547492108445,-18.62511627906977,1.3730784503605589,6.456976744186046,R
682989,ST,66,0.15827338129496402,81.87121212121212,1.345392725222485,2464.939393939394,82.40292727957195,7.809090909090909,2.8535951560593373,10.5,2.95099044650853,6.536363636363635,R
682990,CH,37,0.01442495126705653,88.41621621621621,1.1076786320733796,1415.2702702702702,107.50572301268653,4.46918918918919,3.1368016074218534,-13.024864864864862,3.1552615859347823,6.559459459459458,R
682990,CU,234,0.0912280701754386,80.98931623931624,1.2092335929819749,2658.230769230769,95.80634837132112,-8.662564102564103,2.6212018191203668,4.585641025641025,1.96208148414195,6.332478632478632,R
682990,FC,545,0.2124756335282651,92.29761467889908,1.206269543488867,2354.6954128440366,71.15718204176724,11.157577981651377,2.276379350322157,0.6101284403669724,2.1714653881658252,6.368256880733945,R
682990,SI,1062,0.41403508771929826,93.89934086629002,1.0008053018549243,2043.5772128060264,65.22179348558177,7.135367231638418,2.004140955059571,-14.684406779661016,1.8506523230987366,6.431544256120527,R
682990,SL,687,0.26783625730994154,86.09985443959243,1.3124487969709504,2470.008733624454,75.94364516795905,-0.4936244541484716,2.124524736806328,4.099737991266376,1.4249682891660795,6.3818049490538575,R
682995,CH,25,0.0684931506849315,86.256,1.0091580649234289,1975.64,148.42447012987222,6.748799999999999,2.1882266792999303,17.822400000000002,2.3796940979882266,6.216,L
682995,FF,146,0.4,94.2582191780822,0.8658865776894622,2339.5479452054797,83.31800999095063,12.096986301369862,1.8454840949297393,15.301643835616439,2.0964554741350225,6.185616438356165,L
682995,FS,30,0.0821917808219178,85.11333333333332,0.6339440491646449,692.8666666666667,84.58773585734083,1.6600000000000001,4.01857411665313,6.296,2.909799850919955,6.293333333333335,L
682995,SI,66,0.18082191780821918,93.68636363636364,0.9048393590766626,2093.257575757576,89.0383341135993,7.7290909090909095,2.0500181817375536,16.636363636363637,1.5832776483889717,6.254545454545455,L
682995,SL,72,0.19726027397260273,82.43472222222222,0.9406560075658051,2156.2083333333335,90.01657711182744,-4.465,1.9087633338862973,-2.356666666666667,2.87494666208943,6.080555555555556,L
682995,ST,26,0.07123287671232877,82.79999999999998,1.066208234820947,2371.230769230769,87.34314292138001,-1.2323076923076923,3.1425445838585104,-11.653846153846153,2.2693207387640504,6.092307692307691,L
682997,FA,21,0.5384615384615384,68.50952380952381,4.779320533496866,1514.1904761904761,283.00876648040764,13.36,4.801999583506854,-6.782857142857143,3.3656992480867074,5.242857142857143,R
682997,SL,17,0.4358974358974359,70.6,5.00112487346597,1704.1764705882354,159.72642051885063,14.858823529411765,2.480488566676284,-6.5858823529411765,2.5128048542006036,5.029411764705882,R
683000,FF,139,0.4664429530201342,96.34316546762591,1.1318863541888262,2354.8705035971225,95.6416041401344,17.41640287769784,1.4040588199383712,-9.38158273381295,1.7779667018094565,6.50863309352518,R
683000,SL,159,0.5335570469798657,84.92767295597484,2.1327142019147343,2273.7861635220124,83.64007918046744,3.1932075471698114,2.0713853129921023,1.0332075471698114,1.6180951923753588,6.370440251572327,R
683003,CH,96,0.14746543778801843,93.39270833333335,1.1706268938314233,1651.1770833333333,76.8463942641651,4.17625,2.3469690420221836,-11.6325,2.222861598078145,6.5894736842105255,R
683003,CU,61,0.09370199692780339,85.6950819672131,1.1015785990278073,2939.1967213114754,79.00882222303429,-10.414426229508198,2.341703457307781,5.706885245901638,1.8311340211133342,6.532786885245903,R
683003,FF,293,0.4500768049155146,98.57133105802048,1.1802588247710344,2551.976109215017,70.18465938919324,15.609010238907851,1.9326511468380054,-8.723139931740615,2.0733814542938265,6.715410958904109,R
683003,SL,201,0.3087557603686636,90.07711442786069,1.3607988947088383,2692.532338308458,91.88677923948022,1.7474626865671643,2.3744460469445805,3.4913432835820895,1.9146526281723177,6.560696517412937,R
683004,CH,703,0.17058966270322737,90.4950213371266,1.5583030869956234,1539.891583452211,170.7734914204124,3.471294452347084,3.2926500904746185,-13.830554765291609,2.974356806058375,6.70099573257468,R
683004,CU,373,0.09051201164765833,81.90965147453083,1.793061038826106,2672.750677506775,130.15622993585757,-10.61308310991957,2.8786287778947175,5.589812332439679,2.910675053275697,6.5809651474530835,R
683004,FC,141,0.03421499636010677,93.02695035460992,1.2204729430268368,2456.723404255319,87.4780059200988,11.228936170212767,2.421853393618691,0.9276595744680852,2.5469933642568425,6.636170212765958,R
683004,FF,1583,0.38413006551807816,97.11705622236259,1.15431348514824,2431.7162849872775,87.25451501362971,17.439494630448515,1.5188989782101419,-8.596487681617182,2.375077678084262,6.855969677826911,R
683004,SI,434,0.10531424411550594,96.07327188940093,1.1638015611397992,2353.6102088167054,97.65166516496879,14.54847926267281,1.8765040442203786,-13.74304147465438,1.8419609901593879,6.872350230414746,R
683004,SL,886,0.2149963601067702,87.2939051918736,1.4535003874481758,2576.2971428571427,111.17913238082609,0.667313769751693,2.7150329787036838,3.925869074492099,1.8490022598283764,6.677765237020316,R
683101,CH,16,0.34782608695652173,86.55625,3.233773595455728,1437.125,317.49475061277263,2.925,4.821128498598642,-9.1725,5.563648083766622,6.65625,R
683101,FF,15,0.32608695652173914,92.33333333333331,0.6510065466717835,1877.0,116.75737969946788,13.552,1.69066005706985,-7.928,2.248412773491558,6.639999999999999,R
683155,CH,31,0.09198813056379822,83.96451612903225,1.114016273698242,1518.9032258064517,175.82441143343542,6.627096774193549,3.5277700166426067,-14.009032258064515,2.2473382104743522,6.0612903225806445,R
683155,FC,15,0.04451038575667656,88.70000000000002,1.2772738827004064,2463.8,57.166673608218375,8.047999999999998,3.0267832996197703,3.04,1.4203420111266964,6.193333333333333,R
683155,FF,159,0.47181008902077154,91.63647798742139,1.49672306121765,2371.1572327044023,107.39177859011977,16.049811320754717,1.9766009283610113,-6.862641509433963,3.003132637179702,6.116352201257862,R
683155,SI,22,0.06528189910979229,89.83636363636363,1.0144411806955143,2178.7272727272725,71.57292772189764,13.98,1.4370207275570421,-14.001818181818182,1.6596259944814196,6.063636363636363,R
683155,SL,64,0.18991097922848665,82.475,1.3988657536823883,2455.46875,97.0655103198391,1.965,2.805504792877236,5.979375000000001,2.0162261423617287,6.0453125,R
683155,ST,46,0.13649851632047477,77.53695652173914,1.7804317448494436,2541.195652173913,123.93414372430355,4.074782608695651,2.6052201776266517,15.054782608695657,2.71443035900961,5.978260869565216,R
683175,CU,38,0.037698412698412696,86.76052631578948,1.5250236105720711,2241.4736842105262,68.36141508589645,-8.270526315789475,2.8003001261625617,3.628421052631578,2.5929118832192124,6.065789473684211,R
683175,FF,498,0.49404761904761907,98.25923694779117,0.9383003063356303,2501.8052208835343,116.23903515001768,16.32144578313253,1.5690090677880406,-9.604819277108435,2.0789432163604147,6.069076305220883,R
683175,ST,472,0.46825396825396826,85.95402542372882,1.078483199725946,2465.9533898305085,100.10702313975234,1.0360169491525424,2.5150487671610495,15.439322033898307,2.6516924784197653,5.901271186440678,R
683232,CH,42,0.03288958496476116,84.45238095238095,0.8408004592715597,1538.4285714285713,161.11140560935345,1.948571428571429,3.980285914125787,-15.368571428571428,3.2206351225083685,6.490476190476192,R
683232,CU,87,0.06812842599843383,81.86091954022989,1.0353469614869457,2574.7011494252874,112.8286532697411,-13.866206896551725,1.6971311233134956,6.0827586206896544,2.053605275388884,6.544827586206896,R
683232,FF,618,0.4839467501957713,95.26601941747573,0.9456600584447603,2277.28640776699,90.88820056166537,18.475728155339805,1.5327596759433255,-5.639417475728155,2.3431333488005683,6.690776699029126,R
683232,SI,44,0.03445575567736883,93.76136363636364,0.7880549824670364,2193.681818181818,78.69303705117923,14.244545454545454,1.598609067712994,-13.576363636363636,2.0304714665124832,6.534090909090909,R
683232,SL,486,0.38057948316366486,86.16584362139918,1.3833568943496815,2512.7551440329216,89.13506330040295,-1.017037037037037,2.8904203430383917,1.9866666666666666,1.490017920047224,6.621604938271605,R
683352,FF,46,0.4107142857142857,91.63260869565218,1.1533630724154447,2390.0434782608695,72.39274258338305,15.06,1.2361876880150524,4.708695652173914,1.9516040225592808,6.297826086956522,L
683352,SI,16,0.14285714285714285,90.80000000000001,1.2441864811996641,2260.25,44.35538298786293,10.8975,1.7686435480333507,13.5225,1.820796528994934,6.1875,L
683352,SL,16,0.14285714285714285,86.99375,1.405450698767718,2472.5,51.4664939548052,7.364999999999999,2.3608303623937066,-4.109999999999999,2.0722162049361548,6.11875,L
683352,SV,28,0.25,80.125,1.2140001220330656,2362.3214285714284,53.1260231771995,-2.108571428571429,2.0321229809053905,-13.362857142857143,3.1353833212908073,6.092857142857143,L
683409,CH,456,0.375,88.79627192982457,1.0383669154814097,1838.296052631579,110.29974179176074,7.089473684210526,2.761170270165246,-11.921315789473685,2.6946918968110536,6.264035087719297,R
683409,FF,520,0.4276315789473684,97.11788461538461,1.1204902528354603,2304.528846153846,89.97500795481788,9.627230769230769,2.2372767699788247,-14.477307692307692,2.3139797273844276,6.321153846153846,R
683409,SL,240,0.19736842105263158,90.43458333333335,1.4166714455576135,2136.9083333333333,97.33318490751184,4.542,2.1144514110933073,0.5625,2.2809849777276585,6.219166666666666,R
683618,CU,73,0.07588357588357589,82.96164383561644,1.8089000753209652,2763.041095890411,138.3644983324203,-9.973150684931507,3.6194785062953816,9.93205479452055,2.4692120644404123,6.617808219178082,R
683618,FC,131,0.13617463617463618,95.3236641221374,1.6061340140018345,2648.7265625,97.61443636325392,9.578931297709921,2.2759387756766003,1.3529770992366412,2.15810447264634,6.524427480916031,R
683618,FF,311,0.3232848232848233,100.59549839228298,1.1913582621816057,2506.299003322259,183.44595107461484,15.545594855305467,1.785087568965924,-8.87652733118971,2.273948569167372,6.637299035369774,R
683618,SI,263,0.2733887733887734,100.86273764258556,1.1198671351421652,2441.8423076923077,116.95345301554876,12.107224334600762,1.7289650455897645,-15.253231939163499,1.599553793758956,6.588593155893537,R
683618,SL,184,0.19126819126819128,88.53641304347825,1.8776890118398546,2673.3575418994415,103.12714736799848,1.083913043478261,2.929006604018898,5.7228260869565215,2.5702766435218183,6.520652173913043,R
683627,CH,142,0.19425444596443228,87.16197183098592,0.9926490380169903,1914.0352112676057,92.69498612924622,6.208732394366197,1.6780949428143779,-13.699436619718307,2.1890079279711183,6.284507042253522,R
683627,CU,118,0.16142270861833105,83.78474576271186,1.2025348667506992,2217.364406779661,113.91207174753701,-2.0694915254237287,2.020079903411468,2.8911864406779664,1.412209379824446,6.411016949152542,R
683627,FC,21,0.028727770177838577,90.98095238095239,0.9474275949216637,2022.2857142857142,81.12776519610463,9.011428571428572,2.7737669075001334,-0.28,1.141788071403796,6.214285714285715,R
683627,FF,313,0.42818057455540354,95.81821086261981,0.9079531045212799,2169.747603833866,68.80414093603025,15.276038338658147,1.664624281489801,-6.876805111821087,1.7991864303778629,6.294568690095846,R
683627,SI,31,0.04240766073871409,94.99032258064517,0.9620654304532106,1987.258064516129,75.04708199609784,13.292903225806452,2.353083358133022,-9.495483870967744,1.870805243221356,6.229032258064515,R
683627,SL,106,0.14500683994528044,87.17547169811323,1.170576684964232,2051.443396226415,75.47488767968161,5.043396226415096,1.574260755791022,3.9373584905660377,1.5999811319642208,6.305660377358492,R
683742,CH,36,0.12,88.21666666666665,1.1077648022675468,1755.75,131.4756631472152,7.52,1.8358711439376287,-16.736666666666668,2.3665936943813812,6.444444444444445,R
683742,FF,140,0.4666666666666667,95.14214285714284,0.8634936446836443,2346.9928057553957,80.28621774291024,16.88485714285714,1.456488082135192,-9.653142857142857,2.47703439699683,6.469064748201439,R
683742,SL,124,0.41333333333333333,85.03870967741936,1.3323193101864994,2504.3790322580644,202.20208810699316,0.839032258064516,1.5417313777786907,3.1558064516129036,1.215507586953606,6.271774193548388,R
683766,EP,65,0.9285714285714286,50.173846153846156,4.3156791514733275,1327.6923076923076,97.78930205372082,5.442461538461538,4.734463416920005,7.5120000000000005,4.368055631513867,5.275384615384615,R
683769,CH,265,0.16129032258064516,79.24264150943397,2.094281672380876,2129.6415094339623,237.0519133735828,7.909132075471699,3.4791051076267068,-17.928,2.9371934656310015,7.171320754716981,R
683769,FF,525,0.31953743152769326,94.82876190476192,0.9143425611643976,2283.462857142857,93.53819611817693,16.885714285714286,1.743267341827348,-7.137142857142856,1.9852667799487698,6.927238095238096,R
683769,SL,846,0.5149117468046257,88.98203309692671,1.4841118727960851,2299.300236406619,71.60849954470933,4.919148936170212,3.040565384055216,5.682695035460992,1.891167716448924,6.860756501182034,R
684007,CU,96,0.022609514837494113,73.446875,2.127709572830791,2509.9583333333335,120.27371561013099,-13.00625,2.017726312878982,-9.503750000000002,2.5490131217270817,6.214583333333334,L
684007,FF,1919,0.451954780970325,91.27498697238146,1.0372919781339773,2489.2168803418804,67.46238711571597,17.91508077123502,1.6524123930247316,11.54326211568525,1.983486147879519,6.189586603872319,L
684007,FS,1362,0.3207724917569477,83.05124816446403,0.9176779941225035,1206.595982142857,141.9945821811658,6.399383259911895,2.807255986431696,12.11488986784141,2.767072426143029,6.306696100073583,L
684007,SI,162,0.038153556288271315,89.91728395061727,1.216735283933769,2327.9930555555557,287.1670037858207,9.72888888888889,1.9275111877449604,16.06222222222222,1.5707829277819325,6.209259259259259,L
684007,SL,46,0.010833725859632595,84.97173913043478,2.4844997746900246,2509.5652173913045,98.92930184371576,6.289565217391305,2.686210843484214,-2.835652173913044,1.900628728925613,6.195652173913044,L
684007,ST,661,0.15567593028732926,80.85506807866868,1.350766068803551,2532.001540832049,90.99977104891806,0.8773978819969743,2.853743188939704,-12.613615733736763,3.248065685071648,6.1226788432267885,L
684049,FF,178,0.5476923076923077,96.87921348314607,0.9368570183392593,2338.8595505617977,111.40341231534642,19.264719101123596,1.449747369293812,-3.4961797752808987,1.9331912117748635,6.540449438202246,R
684049,SL,136,0.41846153846153844,86.35367647058823,1.784455849758845,2671.3088235294117,107.59708895317874,-1.3455882352941178,2.978945069230078,6.132352941176471,1.3959392087443507,6.485294117647059,R
684320,FF,534,0.3768525052928723,95.6634831460674,1.3066419453168412,2443.5280898876404,89.17904791254797,13.605168539325842,2.424156159571353,-4.162921348314606,2.681710496501829,6.423408239700375,R
684320,FS,194,0.136908962597036,89.05051546391752,1.3493136778799921,1573.6340206185566,171.3447728067793,4.764742268041236,2.76460871231243,-15.252371134020619,2.4688961571120913,6.61340206185567,R
684320,SI,100,0.07057163020465773,95.535,1.2692457793842957,2381.81,77.41971338232932,10.9176,2.4043584666941067,-16.253999999999998,1.9261549073926343,6.435999999999999,R
684320,SL,588,0.41496118560338746,85.70187074829931,1.3019235815616659,2753.668367346939,96.62754792559701,0.6071428571428571,2.65792389937244,6.60204081632653,3.390966441723269,6.209353741496599,R
684384,SL,24,0.5454545454545454,82.48333333333333,1.589275653072579,2235.5833333333335,84.04342390365397,3.1449999999999996,1.4163179451447794,2.4,2.026914553871389,5.933333333333334,R
684974,CH,176,0.4433249370277078,77.75625000000001,1.6098857545978666,2408.8920454545455,153.25804474552316,-3.7077272727272725,2.4824162088107293,-16.86818181818182,2.555024873439807,6.982386363636365,R
684974,FC,32,0.08060453400503778,90.228125,1.4469621960418289,2497.0,70.59790730700898,9.92625,2.3115108172069014,-1.1625,2.9107132481409477,6.859375,R
684974,FF,124,0.3123425692695214,93.36048387096774,1.2466422249932476,2373.9435483870966,110.3531141175303,10.108064516129032,1.9096126868268362,-16.56677419354839,2.0993826225229584,6.84758064516129,R
684974,SI,47,0.11838790931989925,94.74468085106385,0.7350860673176156,2418.191489361702,70.59918656320167,7.194893617021276,1.4038857137004725,-17.81106382978723,1.2136814889857852,7.080851063829789,R
684974,ST,18,0.04534005037783375,76.0888888888889,1.314126365527747,2866.1111111111113,69.48287041455434,-9.626666666666667,1.4297017377143837,19.353333333333335,1.6969592182003945,6.611111111111111,R
685005,CH,20,0.07751937984496124,88.03999999999999,1.9826616878381065,1898.1,88.68566608207355,3.503999999999999,3.118687983245856,-13.584,2.723539492722852,6.435,R
685005,FF,73,0.28294573643410853,96.06849315068493,1.2883965823552375,2150.054794520548,108.73667101087212,14.381917808219177,2.159506539270183,-8.526575342465753,2.311786357859126,6.390410958904109,R
685005,SI,82,0.3178294573643411,95.82073170731708,1.1809953747913364,2052.5853658536585,90.8857580579363,10.44731707317073,2.410889927786509,-14.58,2.021594530177712,6.4658536585365844,R
685005,SL,83,0.32170542635658916,87.2831325301205,1.7022810576678395,2376.9277108433735,105.99180630233849,0.7734939759036145,2.8902411215704698,7.619277108433736,3.4627177339773585,6.351807228915663,R
685068,CU,30,0.3157894736842105,81.30333333333334,0.8057908230891658,2561.3,67.39443853039793,-12.960000000000003,1.5344863231264294,7.232000000000001,1.5515207222992988,6.556666666666667,R
685068,FF,27,0.28421052631578947,93.92962962962963,1.2287626092364423,2269.4814814814813,95.21246297314813,17.222222222222225,1.0631351796720914,-4.337777777777778,1.582105056643335,6.7555555555555555,R
685068,SI,22,0.23157894736842105,92.41818181818184,1.0026803904375345,2099.590909090909,73.42742389657,11.138181818181819,1.4317077261043938,-13.036363636363633,1.4750707665172427,6.736363636363637,R
685107,CH,37,0.07414829659318638,87.15675675675678,1.104420547049332,1669.0,97.71528937570505,6.116756756756756,2.121977659917557,16.61189189189189,2.136827656230711,6.035135135135134,L
685107,FF,151,0.3026052104208417,94.00264900662252,1.1845081690934034,2299.523178807947,81.71028776003554,14.632052980132451,1.652847368585817,8.445298013245033,2.224578704068711,6.0682119205298015,L
685107,SI,56,0.11222444889779559,92.68571428571428,0.98172919269634,2329.589285714286,77.62210949927142,9.925714285714283,1.7014804859756234,16.714285714285715,1.3635553222671664,5.8875,L
685107,SL,115,0.23046092184368738,87.07130434782607,1.353083886184115,2365.504347826087,78.29704727835868,2.901913043478261,3.0437891596680258,-2.387478260869565,1.9148202441758655,6.0,L
685107,ST,140,0.280561122244489,82.705,1.2510326669647562,2435.95,74.59389573266394,0.3325714285714287,3.2573426454656516,-11.333142857142857,3.3528476216031082,5.983571428571428,L
685112,FC,60,0.4838709677419355,88.36500000000001,0.8892626921181492,2670.55,93.41440839032946,1.328,2.688812225954181,5.012,2.2153767709552556,6.063333333333333,R
685112,FF,33,0.2661290322580645,94.05757575757576,1.1093439229535347,2516.909090909091,103.36384874448478,12.58909090909091,1.97028608905592,-1.9054545454545457,2.478544294173864,6.212121212121212,R
685112,ST,20,0.16129032258064516,83.865,1.2986936756440675,2790.7,103.82429489539679,-2.16,1.9458782349528343,15.648000000000001,2.8143571762996737,6.084999999999999,R
685126,CH,493,0.26591154261057176,83.89837728194725,1.3652620447609887,1332.3813387423936,91.35546926632686,2.4369979716024344,2.632979222742605,12.615091277890466,2.6341298531231954,7.098377281947261,L
685126,FF,623,0.3360302049622438,89.74093097913322,1.115605656474996,2067.7351524879614,95.7003235601558,15.155056179775281,1.6075284963613174,9.073964686998394,2.594950236877377,7.093739967897271,L
685126,SI,84,0.045307443365695796,88.48095238095237,1.0861090262870556,1987.3095238095239,106.22299528577301,9.195714285714285,2.097388097860401,15.71285714285714,2.368151417450426,7.1,L
685126,SL,651,0.3511326860841424,84.77434715821813,1.293963260411886,2149.705069124424,89.32157438820434,4.284792626728111,2.466082364026177,-3.3000921658986178,2.588907341381999,7.097081413210446,L
685299,CH,459,0.20797462618939738,83.7169934640523,1.3207344216839898,2109.433551198257,90.02753973735248,8.136470588235293,3.176823920754507,-12.671372549019608,2.26386819486006,6.329411764705882,R
685299,CU,96,0.04349796103307658,80.54895833333333,1.3539023358749778,2258.6145833333335,81.56758512413161,-3.4475000000000002,2.3717588410291635,2.03625,1.678596688339776,6.1291666666666655,R
685299,FF,1034,0.4685092886270956,92.42234042553191,1.4143210057237963,2245.191489361702,80.07729860149537,14.691528046421665,1.9791799629975373,-10.628588007736942,2.143821970530083,6.184235976789168,R
685299,SI,45,0.020389669234254643,92.00666666666667,1.4449598924915148,2070.4666666666667,68.75371064366438,14.896,2.2666980389985785,-11.693333333333335,1.894700743941087,6.266666666666667,R
685299,SL,573,0.2596284549161758,85.33019197207679,2.0096392184312877,2091.7748691099478,84.09115057541116,3.5132984293193714,2.8216505194285197,1.3476439790575916,1.5455510928855778,6.0888307155322865,R
685314,CU,191,0.44730679156908665,79.6565445026178,0.938109294978406,2201.8167539267015,84.46041073181267,-9.344921465968588,2.4880224379403577,-8.131727748691098,2.4159009759278454,6.186910994764397,L
685314,FF,41,0.09601873536299765,89.17560975609756,0.7654346764436798,2350.609756097561,94.26634554515744,9.102439024390243,1.7800010961903994,-2.16,1.782313103806399,5.990243902439024,L
685314,SI,195,0.4566744730679157,89.30153846153846,0.8322418440063842,2300.005128205128,106.88579016180964,4.977846153846154,2.432634115335875,7.870153846153845,2.620008947203397,6.040000000000001,L
685326,CH,28,0.055776892430278883,87.57857142857142,1.9330185841219545,2053.3571428571427,122.85800725671056,6.244285714285715,1.6931177215561886,-16.722857142857144,2.296946212857825,7.046428571428571,R
685326,FF,286,0.5697211155378487,94.33986013986014,1.0973102591937753,2321.6608391608393,72.51540916461055,12.902937062937061,1.9497346044023467,-11.31020979020979,1.941613533566445,7.129370629370629,R
685326,KC,90,0.17928286852589642,78.71111111111112,1.5330401934413251,2633.011111111111,91.84360111715617,-11.970666666666666,1.8301131542348332,11.144,2.291375525258313,6.868888888888888,R
685326,SL,97,0.19322709163346613,85.30824742268041,1.4437126692931874,2509.2474226804125,69.54360606360514,2.6202061855670107,2.2986526757453682,3.388453608247423,2.180443064783597,7.077319587628866,R
685464,CU,18,0.3050847457627119,78.40555555555555,0.7696234543189985,2372.5,90.47147746828344,-11.853333333333332,1.6574395561687736,12.873333333333335,1.4695817732386633,6.722222222222222,R
685464,FF,19,0.3220338983050847,95.73157894736843,0.49671435070755793,2475.0,51.33549778986597,14.823157894736841,2.047581371688122,-4.4526315789473685,2.657184897395619,6.7894736842105265,R
685464,SI,19,0.3220338983050847,95.16842105263159,1.2400952613851657,2451.1052631578946,96.18321332912407,7.591578947368421,2.7328643157721997,-12.189473684210526,3.28154007489744,6.815789473684209,R
685801,CU,22,0.03577235772357724,81.15909090909089,1.55522440301165,2338.2272727272725,141.2400630531416,-15.365454545454547,2.131390619765878,6.818181818181818,2.182623228100571,6.945454545454547,R
685801,FF,297,0.48292682926829267,96.86195286195286,1.1059117360986666,2384.3973063973062,77.86672427601376,18.3220202020202,1.6808142210061305,-4.077575757575758,2.0249670121983225,6.7711864406779645,R
685801,FS,23,0.03739837398373984,87.9,1.5391851445134574,1267.9565217391305,253.7453050637533,1.8208695652173912,5.425956064094711,-9.563478260869566,4.288130137839963,6.813636363636363,R
685801,SL,262,0.42601626016260163,88.88740458015268,1.5122341888140285,2339.5458015267177,82.75900826942186,3.6297709923664128,2.1586058597389646,4.8893129770992365,1.7543147425266297,6.811494252873562,R
686218,CH,467,0.16037087912087913,85.78950749464668,1.3572556465033292,1228.9379014989293,161.8882224396993,0.163169164882227,2.7744586564100575,-13.500385438972163,2.58089960470626,6.570663811563169,R
686218,CU,238,0.08173076923076923,77.41386554621849,1.9994558792505353,2618.873949579832,80.90631709277363,-13.655798319327731,1.8655950039188445,10.395126050420169,2.1262299455874016,6.551054852320675,R
686218,FF,1312,0.45054945054945056,95.0452743902439,1.3038845621257054,2443.3117378048782,83.37806655612454,18.162713414634148,1.668060791503859,-9.048932926829268,2.179073783130027,6.690853658536587,R
686218,SL,894,0.3070054945054945,87.20178970917225,1.3881989977694043,2372.3724832214766,101.70353553930721,3.523892617449664,2.4125630624813432,2.9264429530201346,1.9278622177906157,6.609395973154363,R
686228,FC,91,0.3473282442748092,91.77142857142859,1.2318266214840574,2435.3736263736264,100.5317692574672,5.40923076923077,2.0215028682032203,0.4325274725274726,3.8535128543552726,6.176923076923076,R
686228,SI,85,0.3244274809160305,95.76117647058824,0.994998697970799,2406.5882352941176,83.57735141452969,3.621176470588235,2.3175980031493126,-14.191058823529412,2.339095278668459,6.051764705882353,R
686228,ST,76,0.2900763358778626,85.2842105263158,1.147292770723491,2814.5789473684213,99.22140402929126,0.8873684210526316,2.6910753084574712,13.269473684210528,2.6480795027022093,6.334210526315789,R
686249,CH,21,0.4375,85.5142857142857,0.9608775750769271,1752.904761904762,103.1818321032849,7.548571428571431,1.9460377327130265,-11.94857142857143,2.980634639995795,6.614285714285713,R
686294,FF,16,0.38095238095238093,93.95624999999998,0.8981230427953628,2277.8125,77.3685713538342,17.8725,1.4429760912780225,-8.235,1.9829069569699935,6.45625,R
686475,EP,68,0.6415094339622641,46.64411764705883,3.4439383197339195,1198.6323529411766,85.11675991402417,15.596470588235297,2.615049307320811,-0.8258823529411764,2.6675788314075155,4.310294117647058,R
686475,FA,38,0.3584905660377358,46.54736842105263,5.105044502657245,1154.0,133.17210973327263,12.296842105263158,2.1405860592599755,-0.9031578947368422,3.004308712376329,4.302631578947368,R
686560,FC,167,0.3436213991769547,90.73892215568863,1.3608931466336218,2679.7005988023952,94.41395106797397,3.544670658682635,1.7873652226318104,0.5195209580838323,2.2476375303708576,6.064670658682635,R
686560,FF,128,0.26337448559670784,97.46171875,1.0484424964236654,2475.359375,77.2580026051375,12.369375000000002,1.6747686407381768,-11.716875,2.208060306006299,6.211718749999999,R
686560,SI,86,0.17695473251028807,95.93255813953488,0.9098728884028895,2381.6279069767443,73.33774351453016,2.026046511627907,2.3828861783534037,-17.12232558139535,1.8616056791153073,6.175581395348839,R
686560,ST,105,0.21604938271604937,85.83333333333331,1.4899449310078197,2879.6761904761906,104.93702280214907,4.331428571428572,2.77363806792958,12.129142857142856,3.099638972242051,5.950476190476191,R
686563,CH,384,0.21250691754288878,85.59140624999999,1.1048689307389687,1835.5963541666667,134.37252332913036,1.2315625000000001,2.807885884377548,-15.462187499999999,2.5532571541660785,6.343489583333333,R
686563,FC,418,0.23132263420033206,89.30837320574163,1.2080671025122869,2312.5406698564593,85.21590309653128,9.548038277511962,1.7608561462640482,0.3984688995215312,2.110471676112505,6.1688995215311015,R
686563,FF,333,0.18428334255672385,93.78438438438438,1.4005794829099092,2274.744744744745,92.376053449547,15.007567567567566,1.6151826053370943,-8.826666666666666,2.1879737008617473,6.192492492492492,R
686563,SI,393,0.21748754842280021,93.01806615776081,1.1199509490442188,2164.6972010178115,83.5184350742263,5.1025954198473285,1.8767129268689253,-15.06381679389313,2.0942356959099344,6.175318066157761,R
686563,ST,272,0.1505257332595462,81.61323529411766,1.1901693776032107,2624.926470588235,72.68301824869981,2.6192647058823533,2.4596665637742428,15.078088235294118,3.283470739249375,6.188970588235295,R
686580,CU,112,0.11522633744855967,84.84017857142855,1.1397375880555884,2743.625,75.62581248167528,-15.572142857142856,2.088857366247178,5.206071428571429,2.3904808808477935,6.775892857142858,R
686580,FC,371,0.3816872427983539,92.89784366576819,1.352673304011521,2561.0970350404314,86.99363920112506,8.211428571428572,2.49715402487276,4.513746630727763,1.7636754406508113,6.764420485175202,R
686580,FF,309,0.31790123456790126,96.63883495145632,0.8972070309782278,2455.0679611650485,75.91612709627111,17.908349514563106,1.5875944171251992,-1.916893203883495,2.347568109931073,6.854045307443366,R
686580,SI,39,0.040123456790123455,97.15384615384617,0.6277973834414016,2395.5897435897436,80.12054009222207,14.80307692307692,2.111649584474502,-11.347692307692308,1.950506629919602,6.94871794871795,R
686580,ST,140,0.1440329218106996,85.55214285714287,1.1672058412499025,2632.614285714286,76.90913874038822,0.8314285714285715,2.8121004135465095,14.28857142857143,3.1360839282348927,6.756428571428572,R
686610,CU,67,0.3489583333333333,81.55820895522388,1.4190424912735358,2339.134328358209,100.74403441581738,-3.483582089552239,2.5863111096768683,-14.652537313432834,2.6287474510620834,6.650746268656717,L
686610,FC,45,0.234375,87.62444444444444,1.2968765896911285,2306.5777777777776,112.67481143233891,7.368000000000001,3.024813743326716,-2.6666666666666665,1.9952124516634133,6.680000000000001,L
686610,FF,63,0.328125,93.31269841269841,1.5238419255387672,2412.1746031746034,81.30320385754352,17.304761904761907,1.4899652054206012,9.790476190476188,2.0448483093606065,6.746031746031746,L
686613,CH,432,0.11437648927720413,88.02777777777777,1.3488386915906374,1488.2800925925926,117.90189311847152,7.427500000000001,2.575467204703993,-14.064166666666667,2.15372234830683,6.7875,R
686613,FC,43,0.011384696849351337,93.4139534883721,1.7255201279819583,2367.8372093023254,81.0743134216287,10.652093023255814,2.4586877628015653,2.921860465116279,1.7230969569132168,6.630232558139537,R
686613,FF,1380,0.3653693407466243,96.46101449275363,1.2418443381502768,2270.9021739130435,94.06607383205238,17.271217391304347,1.704122705356409,-6.81104347826087,2.0460865026565656,6.7134782608695645,R
686613,KC,701,0.18559703468361133,83.38944365192582,1.530556333505776,2568.817403708987,114.77788878447396,-16.123309557774604,1.578807652188359,5.2889015691868755,1.9760331309427097,6.582025677603424,R
686613,SI,898,0.23775483187715118,95.66848552338529,1.2315791588151672,2167.9398663697107,100.27834591087965,12.648507795100222,2.308705979631252,-14.102538975501114,1.8628195179485938,6.724498886414254,R
686613,SL,323,0.08551760656605772,91.08328173374613,1.430164957434198,2216.334365325077,92.7069430712591,5.261424148606811,1.7495317429355939,3.6995665634674926,1.7013413956254015,6.688235294117646,R
686642,CH,32,0.08579088471849866,89.69375,1.4882198718928514,1701.46875,87.54795344967127,3.40125,3.830384255970554,11.276250000000001,3.1591319244578933,6.0843750000000005,L
686642,FF,190,0.5093833780160858,94.87421052631578,1.0459385587460095,2531.0789473684213,69.22243174786018,14.643789473684208,1.8394162744132827,11.000842105263157,2.220043215727849,6.219473684210525,L
686642,SI,49,0.13136729222520108,93.71020408163265,1.2232546917205454,2397.6530612244896,222.07220588324495,6.4236734693877535,2.4798107235210103,15.768979591836736,2.1307630136662694,6.204081632653061,L
686642,SL,99,0.26541554959785524,84.84141414141413,1.5262338669197044,2353.5454545454545,98.55220027025072,-2.3612121212121213,2.093382807083892,-7.207272727272727,3.4239319258747134,6.163636363636364,L
686654,FC,19,0.18627450980392157,93.08947368421053,0.9831325991962319,2204.842105263158,59.39534508312802,9.549473684210525,1.766948008051707,3.284210526315789,1.4143326490275414,6.268421052631578,R
686654,FF,43,0.4215686274509804,96.98139534883721,1.1564016055467867,2185.4651162790697,90.92680175813041,16.624186046511625,1.502762903958888,-5.427906976744186,2.0290187144335547,6.22093023255814,R
686654,SL,31,0.30392156862745096,86.87419354838708,0.8453668796979953,2211.2258064516127,97.17705822446618,-1.238709677419355,1.4989234846726587,3.255483870967742,1.9973763436229328,6.203225806451612,R
686676,FA,36,0.8181818181818182,77.59444444444445,5.10388896231908,1729.0555555555557,120.54541395423065,16.37333333333333,2.0996217346397015,-8.249999999999998,2.265676814678437,5.608333333333333,R
686678,CH,17,0.1619047619047619,85.81176470588234,1.457258707703086,1267.8235294117646,302.8133161070773,5.781176470588235,2.8913013556894698,-11.91529411764706,3.133747990918899,6.694117647058824,R
686678,FF,28,0.26666666666666666,91.6107142857143,1.214218018654557,2063.0714285714284,94.95571231678113,16.924285714285713,1.7845207439854225,-4.975714285714285,2.202660728690255,6.682142857142856,R
686678,SI,22,0.20952380952380953,93.18181818181819,0.5778748947128557,1974.2272727272727,104.12672307757725,11.694545454545455,1.6094267754248859,-16.456363636363637,1.4571810537392476,6.8,R
686678,ST,23,0.21904761904761905,81.91304347826087,1.506140265056251,2106.086956521739,73.96861314926282,6.015652173913042,2.2636652219694833,13.617391304347823,2.2988321489425574,6.686956521739131,R
686701,CH,104,0.07580174927113703,87.60576923076923,1.1779385418452235,1487.1057692307693,176.96332340479623,7.431923076923076,3.492182136099905,-14.248846153846156,2.386271132509703,6.4125000000000005,R
686701,FF,583,0.4249271137026239,93.47186963979416,1.1136752737128643,2409.8456260720413,92.9513609861975,18.594854202401375,1.364932788274655,-7.813584905660377,1.9974738374208318,6.44253859348199,R
686701,SI,98,0.07142857142857142,92.63877551020408,1.23627580523545,2318.1020408163267,106.3626833441281,13.713061224489795,2.059935144691849,-14.857959183673469,1.883573024473179,6.446938775510205,R
686701,SL,332,0.24198250728862974,87.44939759036144,1.1514208738578198,2624.2921686746986,78.7436979617832,3.584457831325301,1.8536585873178688,3.8703614457831326,1.794526384451049,6.3882530120481915,R
686701,ST,245,0.17857142857142858,82.64897959183673,1.4236472510715004,2815.8938775510205,111.53032449533232,-0.6631836734693878,2.794816863068671,15.032816326530613,3.1351210899920083,6.356734693877551,R
686730,CH,66,0.22448979591836735,87.0878787878788,0.7387130496322437,1637.7727272727273,105.50520154213987,4.183636363636364,1.996908099548389,-16.436363636363637,1.7152309881346424,6.583333333333332,R
686730,FC,53,0.18027210884353742,87.88490566037736,1.0098355209589438,2445.0754716981132,86.552529416135,7.725283018867924,1.8987127256417142,1.8724528301886794,2.8632531966147403,6.537735849056602,R
686730,FF,41,0.13945578231292516,92.15365853658537,1.1362432752222573,2282.243902439024,79.24417344127103,16.92292682926829,1.5837017457565026,-5.6136585365853655,2.0811460257482666,6.6170731707317065,R
686730,SI,68,0.23129251700680273,92.00000000000001,0.8830070738886028,2136.6911764705883,62.840536720429725,8.56235294117647,1.964240096616348,-16.383529411764705,1.7238794887286493,6.679411764705883,R
686730,ST,66,0.22448979591836735,81.2909090909091,1.1433725111706585,2691.030303030303,106.72912798250888,3.1090909090909093,3.10374896252542,14.103636363636362,2.387711898845443,6.534848484848485,R
686747,CH,28,0.16184971098265896,84.76071428571429,1.1573722745990513,1494.2142857142858,136.68979672638528,4.890000000000001,4.4121801111619785,13.41,2.348701769063071,6.528571428571428,L
686747,FF,34,0.19653179190751446,92.74117647058824,1.5556578355306068,2180.5882352941176,83.11624486481453,12.271764705882353,1.9525220218961183,14.325882352941179,1.835175026987656,6.391176470588236,L
686747,SI,64,0.3699421965317919,91.578125,1.3273040763559465,2155.34375,71.25701719830826,5.67375,1.5125333526428906,17.420625,1.679667271472878,6.364062499999999,L
686747,ST,47,0.27167630057803466,78.38510638297873,1.119001636437443,2159.7021276595747,100.98728178504051,1.3761702127659576,2.6000757122684366,-12.730212765957445,3.1961114208700696,6.368085106382977,L
686751,CU,42,0.07909604519774012,80.60714285714286,2.591015702256159,2773.5238095238096,89.1625640833307,-9.462857142857143,7.036063993148403,12.248571428571427,3.9729184280874597,6.516666666666665,R
686751,FF,257,0.4839924670433145,97.60233463035019,1.080470454575282,2374.8326848249026,80.56664083247597,17.28793774319066,1.2963479456183626,-7.957821011673151,2.0939574335365645,6.414396887159533,R
686751,FS,25,0.047080979284369114,89.456,2.055699394366793,1608.36,297.4377918153643,5.7264,3.6316145169882774,-9.571200000000001,3.8423867582532605,6.428,R
686751,SI,30,0.05649717514124294,96.00666666666667,1.094794370027394,2192.4666666666667,94.77877448012305,9.744000000000002,1.986703386222409,-13.92,1.6093519792461337,6.446666666666667,R
686751,SL,177,0.3333333333333333,88.03954802259886,1.3274701756661047,2588.2655367231637,97.57906234334742,2.8,2.370281916489337,5.391864406779661,1.7187857182168984,6.466101694915254,R
686752,CH,708,0.25195729537366546,86.67514124293785,1.3592901497771015,2503.7638483965015,88.49922877671496,2.1803389830508477,2.4457797611870253,-14.407796610169491,2.039970103613706,6.652118644067798,R
686752,CU,92,0.032740213523131674,80.69021739130434,1.2591694264591173,2940.818181818182,99.03262500331404,-11.13,1.8988359650001425,16.176521739130433,2.36635131330573,6.519565217391302,R
686752,FC,174,0.06192170818505338,91.58735632183908,1.170425998006501,2512.872611464968,79.39141319216678,13.964827586206894,2.1958625635151483,2.4268965517241377,2.1721480859176405,6.601149425287357,R
686752,FF,1269,0.4516014234875445,95.12009456264775,1.0631249650752777,2410.117932148627,68.75630804841182,19.08047281323877,1.4163795418443639,-7.829787234042553,2.0449452266335983,6.737982663514578,R
686752,SI,71,0.025266903914590747,94.66478873239436,0.9880859695895893,2390.576271186441,74.14064067466188,15.703098591549294,1.8918612087037432,-12.513802816901407,2.070446719359432,6.623943661971831,R
686752,SL,495,0.17615658362989323,89.00868686868688,1.294188697816499,2585.9421487603304,98.33355139287282,8.767515151515152,3.1870484497613525,6.7985454545454544,1.7831104565499123,6.57939393939394,R
686753,CH,66,0.20689655172413793,89.56666666666668,1.0999766897297039,1978.9242424242425,168.93670281235381,3.696363636363636,2.6450485738530323,-16.54909090909091,1.778234844119067,5.7303030303030305,R
686753,FF,61,0.19122257053291536,96.78524590163936,1.203028964125382,2360.377049180328,77.78285242357431,16.24327868852459,1.707072270791403,-9.60983606557377,2.29733359339567,5.719672131147541,R
686753,SI,67,0.21003134796238246,95.8238805970149,1.1574645164060258,2210.0746268656717,132.36385955443632,9.779104477611941,3.290274802626344,-15.211343283582092,1.7378468875632562,5.714925373134329,R
686753,SL,102,0.31974921630094044,87.0294117647059,1.1195462513755885,2527.676470588235,91.68220637418004,3.3588235294117643,2.434650561104901,2.4235294117647057,2.588959669904827,5.682352941176472,R
686753,ST,23,0.07210031347962383,83.11739130434783,1.038203069080526,2669.608695652174,117.3513524461845,0.1773913043478261,2.9192483736732093,11.739130434782606,4.2311549176033365,5.547826086956521,R
686790,CH,175,0.1320754716981132,83.82342857142856,1.7933689206033092,1628.3771428571429,104.04025272552984,1.4866285714285712,2.6976706755813664,-13.540799999999999,2.0807595430183827,6.912571428571428,R
686790,FC,21,0.015849056603773583,89.59047619047618,1.658585168722055,2497.0476190476193,171.50290848568025,5.028571428571429,2.783354604994279,-2.977142857142857,2.368782689182659,6.685714285714286,R
686790,SI,716,0.540377358490566,93.4655027932961,1.078964745332538,2278.2569832402237,86.65698568464848,1.2207821229050277,1.9386880294519029,-16.354189944134077,1.8942639326103023,6.676256983240225,R
686790,SL,402,0.30339622641509434,85.91019900497513,1.2066195065616034,2740.5273631840796,132.53791815228607,-4.059402985074627,2.604525821508358,9.278507462686568,3.5465640372082645,6.5211442786069655,R
686799,CH,554,0.174268637936458,89.89205776173286,1.3467965167080895,2134.083032490975,159.67044598480425,1.6373285198555956,2.8856226653434645,-9.762671480144405,3.07179175797399,6.379061371841155,R
686799,FF,622,0.1956590122680088,95.81672025723472,1.2216815510259473,2265.710610932476,93.32275569777784,13.99273311897106,1.9228752431714151,-6.931832797427654,2.166911807243634,6.398713826366559,R
686799,SI,1391,0.43755898081157596,95.60265995686555,1.1123311958780315,2137.8310567936737,95.73309456240247,3.6175988497483824,2.5257613112787665,-13.82312005751258,2.225157218429049,6.391301222142343,R
686799,SL,505,0.15885498584460522,86.68217821782179,1.9367066240245236,2768.1445544554454,96.39955344201006,-2.057584158415842,2.826654541708492,4.19809900990099,3.0170556757367026,6.348118811881188,R
686799,ST,106,0.03334381881094684,82.36981132075472,1.755327662334396,2838.0283018867926,91.84349602886006,-3.1562264150943395,3.0316352503401727,13.142264150943396,3.9436452276974276,6.40377358490566,R
686826,CH,100,0.205761316872428,82.604,0.938827982006278,1978.71,120.17884778339929,5.190000000000001,2.290240162079078,-17.392799999999998,1.6483441829467973,5.939999999999999,R
686826,CU,19,0.03909465020576132,82.7,0.8724168218868279,2411.0526315789475,275.48088735563056,-9.246315789473684,1.8462821817741841,10.117894736842105,2.153342566923878,5.852631578947369,R
686826,FC,34,0.06995884773662552,88.12941176470588,0.903370594702167,2378.235294117647,78.39606469078522,6.0070588235294125,1.655125243657565,0.37764705882352945,3.4036300219329374,5.832352941176472,R
686826,FF,186,0.38271604938271603,94.04677419354842,0.8307048928507059,2116.6236559139784,88.27247913425786,14.830967741935481,1.4962252067199182,-10.748387096774195,1.8777291001820375,5.935483870967742,R
686826,SI,48,0.09876543209876543,92.99791666666665,0.7297593842255468,2039.4166666666667,71.13332801584592,10.717500000000001,2.0426500309490536,-15.5725,1.5151132251770434,5.95,R
686826,SL,99,0.2037037037037037,85.06161616161617,0.8739666867404361,2496.717171717172,126.2386014578807,-2.046060606060606,2.4116273691675496,5.8533333333333335,2.6315573103299537,5.760606060606059,R
686857,CH,15,0.2542372881355932,80.75999999999999,2.0198302616096955,1915.8,135.48600349429879,5.4479999999999995,2.201412533546846,16.488,1.481404738753052,6.246666666666666,L
686857,FF,20,0.3389830508474576,93.26000000000002,0.9433423221938598,2030.05,77.69743950261912,14.573999999999998,1.237605497895453,4.146000000000002,1.6321648523550425,6.345,L
686857,SI,15,0.2542372881355932,91.52666666666666,2.3765120500030124,2119.4666666666667,73.40384056385476,12.112000000000002,3.1405258886280265,12.112000000000002,5.050085147797016,6.366666666666668,L
686894,FA,22,0.5116279069767442,78.20454545454545,5.525307771882574,2088.9545454545455,139.5954963363883,17.252727272727274,1.9146109434908862,-7.990909090909093,4.171850005397182,5.1863636363636365,R
686894,SL,16,0.37209302325581395,61.931250000000006,4.2440104853781895,1484.6875,440.71225968122707,11.399999999999999,3.046519325394146,-3.7725,4.114902185957766,4.80625,R
686930,CH,54,0.06625766871165645,85.45370370370371,1.0577143322586073,1107.462962962963,150.2180444105398,1.2911111111111113,3.4193095775933164,-8.68222222222222,2.582161349084213,6.05,R
686930,CU,112,0.1374233128834356,78.78125,1.1606561712013372,2796.714285714286,113.62982641779162,-15.669642857142858,1.5946373693628089,8.771785714285715,1.9067760698873324,6.017857142857143,R
686930,FF,392,0.48098159509202454,94.57142857142857,1.026129220162153,2268.5408163265306,84.47096304830961,14.78387755102041,2.0870413143691,-0.44418367346938775,2.3424093760160396,6.232397959183674,R
686930,SL,100,0.12269938650306748,87.62700000000001,1.664231857875482,2483.28,101.29366049544096,-1.9163999999999999,2.88738724297748,3.2676,1.8029353843108187,6.010999999999999,R
686930,ST,157,0.19263803680981595,84.20700636942675,1.471268188772021,2759.2420382165606,94.63285338300217,-1.1487898089171977,4.460600935472316,14.876942675159238,3.000952127203918,6.074522292993631,R
686973,CH,232,0.10627576729271644,92.88879310344828,1.4723877919292734,1711.7327586206898,135.2054302143839,2.418103448275862,2.8740817961690497,-13.16689655172414,2.417782753639702,6.969396551724138,R
686973,FF,931,0.4264773247824095,98.32309344790548,0.9256055796653134,2214.164516129032,101.96389021345774,15.941439312567132,1.625978108054415,-7.676648764769067,2.1533851180928463,6.954672395273899,R
686973,KC,750,0.3435639028859368,87.83146666666667,1.259695317108393,2455.64,126.77873453399057,-6.8784,2.4540294865712764,4.343520000000001,2.441277300118683,6.8751999999999995,R
686973,SI,98,0.04489234997709574,97.06122448979592,1.1587971592566515,2118.1530612244896,94.69020045758296,12.00857142857143,2.0994432251599715,-15.108979591836732,2.1117699078993217,7.008163265306123,R
686973,SL,172,0.0787906550618415,91.59418604651164,1.5596411831427888,2441.063953488372,87.3889034571119,5.352558139534884,2.7492715403262697,4.066046511627906,1.6018324879529209,6.872093023255814,R
686993,FC,576,0.3138964577656676,87.88211805555555,1.2832742198883103,2672.5086805555557,89.43704082952989,5.408125,1.975077576902388,4.129583333333334,2.3153181770265543,6.485416666666667,R
686993,FF,866,0.4719346049046321,93.51258660508083,0.9149704224693709,2361.0323325635104,109.76581005687987,17.331685912240186,1.4797313217175023,-9.156997690531178,2.2243092566814586,6.533718244803695,R
686993,ST,392,0.21362397820163487,81.45255102040817,1.0204024192123944,2722.390306122449,78.09685250547264,3.2347959183673467,2.5592361110907027,14.999387755102042,3.112045672656297,6.529591836734694,R
687003,CH,56,0.43410852713178294,84.3267857142857,1.0152457958415917,1589.25,174.17026674545176,-1.4185714285714286,2.3417036755097995,-14.016428571428573,2.4972395149054476,6.808928571428571,R
687003,SI,33,0.2558139534883721,90.91212121212122,0.8981778692711632,2030.5454545454545,99.70772628948161,4.945454545454545,2.341299173147639,-14.200000000000001,1.8853912060896012,6.866666666666667,R
687003,ST,19,0.14728682170542637,80.77368421052631,1.0327106216506998,2237.7894736842104,128.24827438621128,-4.541052631578948,1.6619329266343992,13.345263157894736,3.1606528306331705,6.647368421052631,R
687040,SI,15,0.5769230769230769,89.86666666666666,0.7138093649734558,2379.6,53.19747577255361,8.248,1.761570727666485,10.984000000000002,3.1958473054887966,6.133333333333334,L
687064,CH,43,0.018166455428812844,87.12558139534885,1.3109598488740646,1773.1162790697674,96.88486276732849,10.292093023255815,1.8760756383111137,-14.547906976744187,1.9138897790569704,6.653488372093023,R
687064,CU,308,0.13012251795521756,75.59058441558442,1.1604821737480304,2715.996753246753,114.17169476358721,-15.35805194805195,2.3211232476633157,11.948181818181817,2.032635507635251,6.276948051948053,R
687064,FC,86,0.03633291085762569,86.78837209302324,1.1059644292387758,2066.5697674418607,96.5097423546299,5.486511627906977,2.1660035128111543,4.195813953488372,1.760599139408333,6.463953488372091,R
687064,FF,992,0.41909590198563584,94.06381048387097,1.129420699482145,2230.797379032258,83.39377052179655,17.843830645161287,1.2569004865325653,-4.360282258064516,2.466269385755697,6.551008064516129,R
687064,FS,449,0.18969159273341782,85.68084632516702,2.3247673070943904,1462.8240534521158,155.26478751335915,3.9233853006681514,3.3176178975521653,-9.475723830734967,2.9358284718997862,6.517149220489978,R
687064,SI,197,0.08322771440642163,93.59340101522844,1.0179045636066326,1876.3502538071066,113.49563581664736,11.555939086294416,1.6905354049691663,-14.757563451776651,1.626809244704926,6.512182741116752,R
687064,SL,291,0.1229404309252218,83.6893470790378,1.2960643022907747,2066.0,104.64415893875778,2.303917525773196,2.4294514309291126,2.6787628865979385,1.6115663344957025,6.29381443298969,R
687074,FC,18,0.2727272727272727,94.20555555555556,0.9289286822636232,2281.9444444444443,94.578614808449,9.026666666666666,1.9578139069170102,3.7533333333333334,1.2033873758979643,6.488888888888889,R
687074,FF,28,0.42424242424242425,95.49642857142855,1.088826123879441,2226.714285714286,81.89101028890514,15.84857142857143,1.4217092328803183,-1.512857142857143,1.7065643570524685,6.474999999999999,R
687074,SL,15,0.22727272727272727,87.97333333333334,1.780636590286368,2522.0,80.29855006696661,-0.512,2.7868753624290923,6.5680000000000005,1.550387969878139,6.46,R
687075,CH,161,0.09029725182277061,91.02360248447205,1.3893575641258757,1685.125786163522,83.87979208807563,3.2019875776397515,2.708434238604423,-14.945590062111805,2.3185924730104297,6.367701863354037,R
687075,CU,208,0.1166573191250701,82.33557692307691,1.8498161950331478,2504.633663366337,98.39429490117831,-11.076923076923077,1.6105372086153267,11.004807692307692,2.2792998250137457,6.22512077294686,R
687075,FC,353,0.19798093101514302,93.0099150141643,1.4713700494105295,2144.0416666666665,77.90571064590696,7.863909348441926,1.9472695081096234,1.6140509915014165,1.8615101908327816,6.304815864022663,R
687075,FF,375,0.21031968592260236,96.872,1.3305903157002508,2054.2655367231637,101.46402870245514,12.833279999999998,1.932212071929241,-7.278079999999999,1.8865730309398356,6.3431999999999995,R
687075,SI,471,0.2641615255187886,96.14246284501061,1.3287578130510571,1968.047619047619,130.40586991807888,6.051719745222929,2.233470397141446,-15.585987261146498,1.9512188857898307,6.363269639065817,R
687075,ST,205,0.11497476163768929,85.93317073170729,1.6511648280336062,2477.093596059113,123.181770656834,4.089951219512194,2.986009616357815,12.899121951219511,3.2949934109482304,6.30390243902439,R
687134,CU,150,0.13357079252003562,81.05733333333333,1.774477772375085,2520.1266666666666,97.83737339641543,-9.8896,2.9136021848006584,1.0424,2.232308126238356,6.420666666666666,R
687134,FC,123,0.10952804986642921,90.0479674796748,1.7590678228798162,2341.9756097560976,122.877552233363,5.334634146341463,2.7459479215754983,4.592195121951219,2.2872915247061107,6.516260162601626,R
687134,FF,512,0.45592163846838824,94.682421875,1.369175474935329,2097.197265625,100.8316016472381,16.924453125,2.223237993531198,-2.8961718750000003,1.8570125709323517,6.552539062499999,R
687134,FS,169,0.15048975957257346,87.03727810650886,1.7706858167055235,1310.8698224852071,139.44159760781818,7.82059171597633,2.9503320442956302,-8.588165680473374,3.1731930847868317,6.549112426035503,R
687134,SL,169,0.15048975957257346,85.34970414201183,1.2694732813048994,2526.591715976331,102.41683119448115,-2.2324260355029586,1.787490768083792,4.020355029585799,1.2005801640650975,6.536686390532544,R
687166,FF,19,0.5277777777777778,94.06842105263158,0.9591967887415842,2403.4210526315787,49.208531091303094,15.031578947368422,2.2732679930929947,-0.991578947368421,1.5701424675554294,6.715789473684211,R
687209,FC,89,0.19866071428571427,93.5123595505618,1.2683041849721923,2292.449438202247,159.11252530806013,9.159101123595507,2.006579881092021,0.28449438202247196,2.8027352756791464,6.200000000000001,R
687209,FF,258,0.5758928571428571,99.0468992248062,1.0135704110379762,2485.0542635658917,183.69378216020095,17.09767441860465,1.6120627536171956,-9.131162790697672,2.008901447055014,6.181782945736434,R
687209,ST,101,0.22544642857142858,86.95841584158417,1.4894473691092731,2730.2178217821784,143.01892210196496,-1.9592079207920792,2.7695890248079467,9.70217821782178,4.298626665334034,6.230693069306934,R
687223,CH,25,0.02828054298642534,81.30799999999999,1.0107423014794616,1526.68,110.9026299658098,5.2703999999999995,3.9448072196243,11.424,3.5422027045328734,7.5920000000000005,L
687223,FC,109,0.12330316742081449,81.99908256880735,1.3808542319107882,1950.7339449541284,62.249296024851034,5.719266055045874,1.7684056988135752,-2.1313761467889907,2.0694539751711516,7.372477064220184,L
687223,FF,398,0.4502262443438914,90.43668341708543,1.2239882184762427,2159.2688442211056,83.169128065313,12.789648241206033,2.245163484004837,10.921507537688443,2.2781214893183757,7.348994974874371,L
687223,SI,67,0.0757918552036199,90.65671641791046,1.1715340733539936,2135.686567164179,90.45008818784316,4.405970149253731,1.8017937692683421,16.504477611940302,1.3960455879311713,7.362686567164177,L
687223,ST,285,0.3223981900452489,73.87578947368421,1.39675548003778,1978.621052631579,69.47968275538881,1.4172631578947368,2.9905521801961434,-9.830315789473685,3.0659109757449707,7.350526315789474,L
687239,FF,66,0.6,96.09848484848483,0.7246203089029397,2336.757575757576,102.06635256704496,15.483636363636363,1.8165966796467226,-0.4599999999999999,2.2277163194626017,6.580303030303031,R
687239,SL,43,0.39090909090909093,88.6279069767442,1.0259317672928556,2479.279069767442,107.98155168303505,1.1693023255813955,2.845277955581541,4.473488372093023,2.3897388617258004,6.465116279069767,R
687273,CH,22,0.1732283464566929,82.39090909090909,1.2779854276347409,1450.409090909091,174.47135365656231,7.669090909090909,2.1552039105625007,13.167272727272728,2.3802564524060807,6.2727272727272725,L
687273,FF,61,0.48031496062992124,94.07868852459015,0.9176264225522942,2180.44262295082,94.96412034555716,17.474754098360656,1.3813322151186478,6.358032786885245,2.2016530302419977,6.465573770491803,L
687273,SL,27,0.2125984251968504,85.6888888888889,1.2042659217367278,2250.8518518518517,85.1833785266115,4.902222222222223,2.5146544851106643,-2.017777777777778,2.643152740621777,6.381481481481482,L
687287,FC,39,0.4482758620689655,86.4,0.7451598203705947,2255.846153846154,80.40245429009269,8.40307692307692,2.3552920858603925,-5.138461538461538,2.0198143980151118,6.207692307692308,L
687312,CH,17,0.07423580786026202,88.25294117647059,0.96573653696209,1476.2941176470588,110.29095877829376,3.070588235294118,1.1006842791431797,-10.270588235294118,2.309048696401386,6.847058823529412,R
687312,FF,126,0.5502183406113537,93.03253968253969,1.021514903666461,2224.7936507936506,66.5944523167289,9.740000000000002,2.565497846422795,0.8599999999999999,2.224464699652481,6.9341269841269835,R
687312,SL,35,0.15283842794759825,86.61999999999999,1.069579356569675,2285.0285714285715,70.12656025915939,4.443428571428572,3.0351566902639115,7.443428571428571,3.4343643498317062,6.8428571428571425,R
687312,ST,27,0.11790393013100436,85.4962962962963,0.9308728251078208,2329.5925925925926,101.02180239138755,2.2533333333333334,2.304243576868223,13.057777777777776,2.2039219121538305,6.788888888888888,R
687330,CH,160,0.1271860095389507,85.92375,1.0409530889205973,1855.54375,88.42968616168491,-7.943250000000001,2.1794718505109927,-12.229499999999998,2.1027803696579603,6.955414012738854,R
687330,FC,82,0.06518282988871224,89.37073170731706,1.4135576171514643,2315.9268292682927,91.65175373478594,7.982926829268293,1.5010782032784713,-1.6624390243902438,2.399342276631995,7.063414634146342,R
687330,FF,85,0.06756756756756757,92.50117647058823,1.037911607123498,2148.2738095238096,83.1615282911655,10.311529411764706,1.8996049124829648,-11.131764705882352,2.569957001896459,7.219999999999999,R
687330,SI,742,0.589825119236884,91.19070080862534,0.9313014094384358,2097.577291381669,107.12717051100731,-2.7373584905660375,2.5070753381586117,-16.87423180592992,1.915049606701095,7.102567567567567,R
687330,ST,189,0.15023847376788554,78.52433862433861,1.186555990573636,2621.532608695652,108.06772326020318,5.4006349206349205,2.488419052725154,18.19873015873016,2.506478091162823,6.983510638297871,R
687362,CH,88,0.14593698175787728,87.18636363636364,0.7975799341170544,1973.4772727272727,144.23025789904804,6.316363636363636,2.7656123937069896,-17.15727272727273,2.507520975387099,5.788636363636363,R
687362,FC,148,0.24543946932006633,86.86351351351352,1.0850968575626476,2519.858108108108,87.95128600152226,7.910270270270271,2.661821264372173,1.8186486486486484,1.745190728382871,5.73445945945946,R
687362,FF,182,0.3018242122719735,91.40989010989013,0.8181038506872955,2328.445054945055,87.68536641708594,19.44131868131868,1.6246275961148513,-7.143956043956045,2.553624173199082,5.798901098901098,R
687362,ST,180,0.29850746268656714,81.24555555555555,1.1453243409874552,2540.1666666666665,176.8262885230846,-2.548,3.1730792192826787,14.865333333333329,3.569088643199656,5.6944444444444455,R
687377,CH,181,0.17188983855650522,85.60497237569061,1.4120228296507393,1958.3370165745857,90.51851995859283,13.33060773480663,1.9826968630702804,-8.488176795580111,2.522748829641699,6.494475138121547,R
687377,FF,342,0.3247863247863248,96.56520467836258,1.1892183485653756,2628.3245614035086,91.86157145359735,17.97859649122807,1.3334181225291335,-7.759298245614033,1.8504102989404985,6.399122807017544,R
687377,SI,202,0.19183285849952517,96.19009900990099,1.440218678150835,2446.930693069307,115.34363604738535,12.496039603960394,2.1448455297951945,-14.514059405940595,2.2514235091046064,6.430693069306931,R
687377,SL,328,0.3114909781576448,86.97896341463414,1.3734984545945532,2158.4908536585367,105.08362728526295,3.4082926829268296,2.1334647158767943,3.0632926829268294,2.059344365769608,6.381402439024389,R
687396,FF,654,0.5400495458298926,94.17859327217126,1.1882917241829598,2369.9648318042814,83.02238845568972,18.167706422018348,1.821165824726892,8.132477064220184,1.9901554754520092,6.9344036697247695,L
687396,FS,92,0.07597027250206441,84.57065217391303,1.0046636355241856,1088.4891304347825,189.2395130176244,4.668260869565217,4.408042751407047,10.597826086956523,2.90341739762069,6.8478260869565215,L
687396,SI,87,0.07184145334434351,93.32758620689656,1.1491847115250382,2348.574712643678,88.36639266776788,14.052413793103446,1.6824932810379276,14.987586206896555,1.9788397854681727,6.972413793103446,L
687396,SL,378,0.31213872832369943,83.57063492063492,1.7205144252762543,2057.291005291005,91.38167240484606,4.225079365079365,2.031928072372939,-3.2707936507936513,2.038174640976917,6.792857142857143,L
687424,FF,62,0.4806201550387597,92.54838709677418,0.8838703887409463,2337.7419354838707,69.68969523840666,16.60838709677419,1.4974537881683128,-13.141935483870968,1.8447220579749324,5.646774193548389,R
687424,SL,67,0.5193798449612403,83.94029850746269,1.0844716213078056,2634.865671641791,91.05357988442483,0.8955223880597015,1.7933608905019898,3.970746268656716,1.1551115824794982,5.708955223880596,R
687473,CH,264,0.11650485436893204,87.27727272727272,1.7642452649772975,1633.0871212121212,300.73743962160773,6.627727272727273,3.7506786389043274,-14.734545454545456,2.431415542775908,6.429166666666666,R
687473,CU,292,0.12886142983230361,80.20924657534246,1.450494683061474,2455.541095890411,141.1769198698907,-13.49794520547945,2.3961300178160907,8.29068493150685,2.455338151845814,6.368835616438355,R
687473,FC,262,0.11562224183583407,89.09885496183206,1.4395210683023703,2398.8091603053435,76.15829597644309,7.457404580152671,3.0655594172464835,4.20824427480916,1.8369504467820066,6.523664122137404,R
687473,FF,903,0.39849955869373344,94.0765227021041,1.251359474161982,2421.8084163898116,82.24432164896412,18.138338870431895,1.4590913508700014,-5.63641196013289,1.8557408901532375,6.456810631229236,R
687473,SI,257,0.11341571050308914,93.26731517509728,1.0615537099849819,2298.805447470817,99.748478065879,8.039066147859922,2.2479989155944047,-15.618677042801556,1.779251894883766,6.490661478599222,R
687473,SL,48,0.02118270079435128,85.70625,1.2103114158778536,2423.75,91.05352646026986,0.4375,3.489231153499749,3.9,2.0474207957558743,6.564583333333334,R
687473,ST,240,0.1059135039717564,82.39166666666667,1.2463223444727043,2303.9083333333333,137.72177980694943,2.3434999999999997,2.7481074963901033,13.1675,3.258879405421363,6.565690376569037,R
687531,FC,25,0.12562814070351758,87.264,1.675032337996294,2623.0,94.95656901973659,5.284800000000001,2.1786638106876426,1.6128,2.5152526712042267,6.179999999999999,R
687531,FF,96,0.4824120603015075,95.4875,1.0047518677710798,2395.125,125.3419953147136,11.66625,1.8721298031920757,-16.476249999999997,1.7200448280571978,6.179166666666666,R
687531,SI,29,0.1457286432160804,94.0310344827586,0.7066538090970208,2251.689655172414,91.38658210679814,3.666206896551724,1.7987384741874421,-19.66344827586207,1.46539189263991,6.199999999999999,R
687531,ST,44,0.22110552763819097,81.63181818181818,1.1040670537592439,2905.5,86.34988318221048,5.214545454545455,2.9445617627467113,16.077272727272728,2.9324855428072936,6.161363636363635,R
687562,CH,178,0.24722222222222223,83.49662921348315,1.2856398910804037,1979.191011235955,110.19652464138522,5.354157303370786,2.8789549300466906,12.051910112359549,2.3917772870283343,7.24494382022472,L
687562,CU,33,0.04583333333333333,79.1,1.5118283632740857,2214.6666666666665,82.27380607864612,-9.603636363636362,2.7986132929785716,-3.483636363636364,2.6560565437573733,6.957575757575757,L
687562,FC,27,0.0375,85.10000000000001,1.291093752181875,2031.4814814814815,71.27323932497136,3.2622222222222224,2.1986382732069085,0.6977777777777779,1.4264893251867659,7.037037037037036,L
687562,FF,244,0.3388888888888889,92.92377049180327,1.1048008426145102,2155.1106557377047,80.14929516606881,11.931147540983606,1.7981994637624077,11.752622950819674,2.3271674452334152,7.125819672131147,L
687562,SI,201,0.2791666666666667,92.4457711442786,1.3678064656095117,2027.233830845771,131.78262423305753,4.791641791044777,1.6192225884802796,16.850149253731345,2.2674744712150434,7.145273631840795,L
687562,ST,37,0.05138888888888889,79.4108108108108,1.092597258265263,2217.0810810810813,69.9072315359507,-6.638918918918919,3.0294625337249577,-11.503783783783785,3.0965997044709748,6.883783783783784,L
687570,CH,139,0.12024221453287197,86.31798561151079,1.0314090403361424,1895.3237410071943,133.6891384392468,4.186187050359712,1.9346764683590887,13.656690647482012,2.430024270317518,5.806474820143884,L
687570,CU,201,0.17387543252595156,82.43731343283582,1.4759575692643248,3204.0696517412935,111.92691867633144,-8.170149253731342,3.1915890207875983,-12.189850746268656,2.7174753867536574,5.776119402985074,L
687570,FF,344,0.2975778546712803,95.43720930232558,1.0546906485923173,2273.8081395348836,90.55142599584694,15.327906976744186,1.4141023309506857,8.342790697674417,1.7036216960283526,5.854651162790696,L
687570,SI,125,0.10813148788927336,94.98320000000001,1.0798548289529033,2316.992,83.85620334065737,9.6624,1.7031083537215503,14.90208,1.4040168733477392,5.839999999999998,L
687570,SL,347,0.30017301038062283,87.44582132564841,1.425958192118924,2889.6685878962535,127.93629745681926,0.9700288184438041,2.0924761306998465,-2.732680115273775,3.0314033680849835,5.806628242074928,L
687606,CH,173,0.17145688800792863,86.51040462427746,0.8139098561462322,1753.5838150289017,240.9603850810008,3.6180346820809253,2.676941733639675,-5.899421965317918,3.748601244709859,6.036416184971097,R
687606,FC,371,0.3676907829534192,88.73288409703504,1.0716479025644277,2250.0891891891893,99.06090290541296,9.624258760107816,2.50488003227809,2.312345013477089,1.9518345215624469,6.004043126684636,R
687606,FF,361,0.35777998017839446,93.66703601108034,0.7109026510396171,2250.994459833795,106.26967777153435,16.42238227146814,1.7224542819658824,-7.934626038781164,1.9839419055921326,6.0191135734072025,R
687606,SL,104,0.10307234886025768,85.13076923076922,1.670827765497295,2242.8076923076924,119.08152359053133,3.7915384615384613,2.6527592410053646,5.4496153846153845,1.7222924004856797,6.121153846153846,R
687762,SI,28,0.45901639344262296,96.025,0.594807780964822,2370.714285714286,83.70842567567813,12.514285714285714,1.4623659889761818,-13.35428571428571,1.413027819629755,6.7250000000000005,R
687765,CH,36,0.02269861286254729,88.06111111111112,1.2114401766440233,1774.25,303.04816920275704,3.710000000000001,2.9472679843252414,-9.413333333333334,3.6432199259132614,6.008333333333333,R
687765,CU,276,0.17402269861286254,81.76376811594203,1.2942638218615672,2797.307971014493,74.3253002920581,-10.267826086956521,2.4602243028946282,10.186521739130436,1.8086847666136399,6.248550724637681,R
687765,FC,702,0.4426229508196721,91.2019943019943,1.5079046159897724,2673.562678062678,90.48851995002694,4.702393162393162,2.497801366865001,3.7408547008547006,1.55437897253865,6.2629629629629635,R
687765,SI,165,0.10403530895334175,92.68424242424243,1.3230577810857882,2383.327272727273,102.36187383531824,5.360727272727273,3.199754480603458,-8.320727272727273,3.4570267013997285,6.097575757575757,R
687765,SL,406,0.25598991172761665,84.54334975369457,1.0858882059810893,2754.502463054187,76.52246499061157,2.3355665024630543,3.2807530074003592,13.604334975369458,2.2600419369229074,6.252216748768473,R
687798,CH,17,0.5666666666666667,86.56470588235294,0.9367104518410355,1538.7058823529412,159.08871923626543,3.2117647058823526,2.7510276154877964,-14.407058823529413,2.6867912198054262,6.958823529411766,R
687830,CH,98,0.21166306695464362,84.18877551020408,1.7646519269565866,1311.091836734694,276.2200708883047,1.7657142857142856,3.2437778662172327,-13.618775510204083,1.9011376221523626,7.475510204081633,R
687830,FC,50,0.1079913606911447,87.654,1.1719876714542754,2522.72,95.33978761273185,7.7616,2.0506239568104383,1.9464,1.4683515121609356,7.225999999999999,R
687830,FF,131,0.28293736501079914,92.7854961832061,1.0555437634337008,2295.587786259542,75.74662929581119,14.381679389312977,1.685297578229826,-10.792671755725191,1.8411153912057185,7.350381679389312,R
687830,SI,85,0.183585313174946,91.07294117647058,1.1117755249721817,2196.258823529412,70.09333113804772,4.987764705882354,1.435880662628662,-15.280941176470584,1.3963077361805478,7.341176470588234,R
687830,SL,99,0.21382289416846653,82.33333333333333,1.192750209064953,2637.848484848485,60.032536014514264,-1.4096969696969701,1.9843065177071846,7.0654545454545445,1.8336666026427746,7.276767676767676,R
687847,FF,66,0.46808510638297873,96.32424242424241,1.4093163215447744,2130.5757575757575,137.51073363487617,17.578181818181815,1.8990288279830008,-3.0163636363636366,2.358930420184692,6.827272727272728,R
687847,SL,68,0.48226950354609927,87.075,1.624842127807655,2086.529411764706,110.009290053869,5.2694117647058825,2.652567262417783,2.225294117647059,2.034190198322162,6.772058823529411,R
687849,CU,130,0.2106969205834684,81.72923076923077,1.494612866514718,2835.8230769230768,86.51544338410065,-14.276307692307693,2.761190378748323,7.10123076923077,2.3336629940050364,6.130769230769231,R
687849,FF,225,0.3646677471636953,92.60177777777778,1.5024671509495768,2714.351111111111,92.3501503939099,10.8896,2.470229948810434,1.4666666666666666,2.459593462342913,6.085777777777778,R
687849,SI,23,0.03727714748784441,93.55652173913045,1.5090111412795904,2594.391304347826,87.54725432091195,11.78086956521739,1.5408554679536073,-9.349565217391305,3.0056484374664096,5.991304347826087,R
687849,SL,235,0.38087520259319285,86.42510638297873,1.2746406772717027,2803.506382978723,97.1435351018014,-2.429106382978723,2.648252538133083,6.085276595744681,1.650367295329326,6.131489361702128,R
687863,FF,314,0.5032051282051282,96.02993630573249,1.2644293043023962,2371.8630573248406,65.426668250939,15.00076433121019,1.9294414896167915,-0.29885350318471343,2.42606742573016,7.282165605095541,R
687863,SL,108,0.17307692307692307,86.22777777777777,0.9360718613413266,2628.4074074074074,64.05065708944349,4.365555555555555,2.9302493700564995,11.346666666666666,3.1957027220707603,7.199074074074075,R
687863,ST,199,0.3189102564102564,83.96331658291456,1.1292310136094188,2664.889447236181,73.66226395177513,0.7947738693467338,2.8749037443914123,15.991356783919597,2.8637218257530974,7.169346733668343,R
687866,FF,16,0.5925925925925926,94.48125,0.7816382368674999,2220.25,55.19722215232695,17.385,0.8718256706475209,-8.97,1.5257784898208524,6.10625,R
687888,CH,149,0.18304668304668303,80.88120805369128,1.0339748237510022,2076.5906040268455,136.72378020403522,0.0676510067114094,2.2357145267113836,17.61744966442953,1.6156620073862515,6.49261744966443,L
687888,FC,223,0.273955773955774,88.22914798206277,1.1169063977908307,2303.4215246636772,96.41250471870025,6.777040358744395,2.0987658821539776,-1.8941704035874438,1.6936447471032339,6.6363228699551575,L
687888,FF,157,0.1928746928746929,91.78025477707007,0.8035529668727397,2179.356687898089,62.00765179610781,12.058089171974522,1.7552701354514193,9.996687898089172,2.268011494491921,6.687261146496816,L
687888,SI,102,0.12530712530712532,91.50882352941179,0.842098150622877,2104.549019607843,84.35270452928911,5.18,1.8030535156223237,17.52235294117647,2.1134239388930736,6.7245098039215705,L
687888,ST,183,0.22481572481572482,79.52950819672132,0.8408546663885443,2555.3551912568305,86.15249425790773,-2.3560655737704916,2.217057211033386,-16.681311475409835,3.024427731943138,6.448087431693989,L
687911,CH,26,0.014270032930845226,86.83076923076925,1.259450429598316,1611.1153846153845,106.72294108506452,6.258461538461538,3.2614741357952752,11.44153846153846,2.4491626198481673,6.565384615384615,L
687911,FF,1114,0.6114160263446762,91.93096947935368,1.105187292475174,2108.9281867145423,97.93519803583952,13.90987432675045,1.8900907203576662,3.6146499102333927,2.102774129988174,6.531687612208259,L
687911,SI,139,0.07628979143798024,91.23165467625898,1.114660926621486,1968.7122302158273,92.57971454368443,6.353093525179856,1.892342635626526,11.707338129496405,2.871222679398975,6.631654676258993,L
687911,ST,539,0.29582875960482985,80.34675324675325,1.4151607539236517,2276.4972170686456,113.13495531849331,2.5273469387755103,2.6522240460719324,-15.596215213358068,3.4412992162269984,6.524675324675325,L
687922,CH,92,0.2100456621004566,87.35978260869565,1.6395563446148311,1368.6195652173913,239.9328130494678,7.394347826086956,3.022404727898961,13.578260869565215,2.005771128845244,6.405434782608694,L
687922,FC,32,0.0730593607305936,91.48125,1.2532377422938075,2237.375,73.47536343740032,9.39375,2.4104741201412985,-1.4625000000000001,2.4247314450563717,6.365625,L
687922,FF,218,0.4977168949771689,93.8133027522936,1.4006111602455449,2208.0504587155965,77.09185510942497,17.38844036697248,1.5411260317496005,5.092293577981652,2.084448288918475,6.297247706422019,L
687922,SL,53,0.12100456621004566,86.4245283018868,1.5225112934250036,2255.0754716981132,166.09935037345798,1.8067924528301889,2.9948646903972307,-3.362264150943396,1.6297128599251818,6.29811320754717,L
687922,ST,43,0.09817351598173515,81.13720930232559,1.3138498964446421,2340.6976744186045,87.23545993833801,1.4623255813953486,3.452626906884023,-11.514418604651164,2.8735586882615984,6.279069767441859,L
687931,CH,215,0.3706896551724138,81.78558139534884,1.5260438473226496,2031.2232558139535,123.68865955846087,7.14586046511628,2.6758136292667833,15.882976744186049,1.5750123792477766,6.663255813953489,L
687931,FF,264,0.45517241379310347,92.68068181818182,0.9897026424278264,2273.8030303030305,81.20887394560022,16.645,1.5861661936620481,10.541818181818181,1.8409775127789854,6.662878787878788,L
687931,SL,97,0.16724137931034483,84.22061855670104,1.9512783280203936,2508.5257731958764,113.76749799330369,-0.5665979381443299,2.5584414553419768,-1.3509278350515466,1.409497607360381,6.615463917525774,L
687941,FF,72,0.5413533834586466,95.30833333333334,0.9344351310200764,2161.097222222222,144.9883103323173,16.728333333333335,2.1460261342803086,3.4233333333333333,2.4432142301992035,6.404166666666667,L
687941,SL,45,0.3383458646616541,88.90222222222222,1.0482645590968847,2126.0666666666666,232.82957091166296,1.7093333333333336,1.71683429602277,-3.658666666666667,1.1374485003326922,6.5399999999999965,L
687985,FF,24,0.4897959183673469,94.17916666666667,1.0120917498650637,2177.7083333333335,58.34863670898491,17.8,1.0229369482035537,-4.239999999999999,1.8956059029055683,6.570833333333333,R
688107,CH,86,0.0776173285198556,87.80232558139534,1.24437338298401,1949.7209302325582,114.13074557796998,1.107906976744186,1.8746112483449309,16.28651162790697,1.9066877763110008,6.823255813953491,L
688107,FC,172,0.1552346570397112,88.04941860465117,1.1755052213834674,2405.9244186046512,90.47360823029946,6.521162790697675,1.8231438809844698,-2.2346511627906978,2.073358547640679,6.857558139534884,L
688107,FF,267,0.24097472924187727,92.68314606741573,1.0707915653050608,2238.3220973782772,83.20570350845155,14.127640449438205,1.6965870356352224,7.690337078651685,2.1470415645570986,6.8872659176029964,L
688107,SI,271,0.24458483754512636,92.31291512915129,1.0930500938132137,2096.0959409594097,87.07360669837426,7.103025830258303,2.2912939242878627,14.626273062730627,2.3232328495673293,6.873800738007381,L
688107,ST,312,0.2815884476534296,80.86410256410257,1.6175066644012546,2455.2371794871797,87.8191368651285,4.741923076923077,2.655039766419024,-13.474615384615385,3.2422360162945276,6.819551282051282,L
688138,CH,168,0.12008577555396711,87.35714285714286,1.496445746321998,2043.0119047619048,151.17678068772548,2.092142857142857,2.36115777519205,-17.860714285714288,1.481284266964034,5.770833333333333,R
688138,CU,141,0.10078627591136526,81.69078014184397,1.5392438175573577,3058.77304964539,134.72354597440994,-10.094468085106381,2.8883619741329207,11.494468085106382,2.0069495066364897,5.80709219858156,R
688138,FC,363,0.2594710507505361,87.83415977961432,1.5199742098829652,2549.749311294766,115.61024954236596,2.667107438016529,2.7803726363047954,1.442314049586777,2.3371964932503495,5.8347107438016526,R
688138,FF,148,0.10578984989278056,92.82432432432432,0.9924628625565596,2089.2432432432433,129.4287092200266,11.366756756756756,2.1077499419953134,-13.295675675675675,1.8944193597048964,5.763513513513513,R
688138,SI,246,0.1758398856325947,93.01829268292683,1.0664602577377167,2019.5934959349593,122.53558166447411,5.374146341463415,2.228539533408854,-17.661463414634145,1.510092676127125,5.795528455284553,R
688138,ST,333,0.23802716225875625,84.15585585585586,1.3986235499881905,2842.642642642643,138.88328803063465,-0.30054054054054047,2.28303453650786,14.341261261261259,3.6846388513217256,5.8525525525525515,R
688158,CU,295,0.24022801302931596,82.97627118644068,1.366128023483856,2574.9419795221843,88.83461649519795,-10.449762711864405,2.195045041136621,9.171661016949152,2.350930258850431,6.0640677966101695,R
688158,FF,418,0.34039087947882735,97.7665071770335,0.9099122424262636,2449.3956834532373,96.86811653249691,15.390143540669856,1.8809759389592915,-6.982966507177034,2.3699462811157432,5.994019138755981,R
688158,SI,294,0.23941368078175895,96.78673469387756,0.8959108189903925,2150.0,144.39733473225112,5.919183673469388,2.626100422089713,-16.79877551020408,2.417759913768708,6.008503401360544,R
688158,SL,220,0.1791530944625407,87.80227272727272,1.1537290416453538,2307.663636363636,91.0080810574902,0.05836363636363638,2.197646947215981,4.046181818181819,1.3624923320588096,5.991363636363636,R
688230,FF,19,0.41304347826086957,92.61052631578947,0.6522565419305716,2336.6315789473683,64.94887778203869,17.917894736842108,1.1271575801662852,7.800000000000001,1.6904437287292349,5.8578947368421055,L
688230,SL,21,0.45652173913043476,83.68095238095239,1.075462248346751,2393.3333333333335,68.81012522393296,2.662857142857143,1.7045150127151796,-0.7314285714285715,1.607688669221394,5.819047619047619,L
688297,FC,183,0.2446524064171123,88.6311475409836,1.5739857348453536,2218.55737704918,143.09082544715528,1.4052459016393442,2.5512605847047998,3.6977049180327866,2.698390480855853,6.9849162011173185,R
688297,FF,192,0.25668449197860965,95.04739583333334,1.4771535842983916,2196.0677083333335,87.21238803737403,8.911875,1.8152329909734244,-5.893750000000001,3.364187508392336,6.877956989247312,R
688297,SI,358,0.4786096256684492,95.63491620111732,1.3459073220577713,2145.667597765363,89.03625680353848,3.1930726256983237,4.487145792957897,-16.55262569832402,2.344936813781186,6.962678062678061,R
688297,ST,15,0.020053475935828877,86.07333333333331,1.1990869542320626,2338.266666666667,96.08959113145151,4.144,1.7126620882624304,13.280000000000001,2.3899790794063454,7.153333333333333,R
688328,FF,20,0.4166666666666667,94.895,0.891170135566893,2274.9,114.86188502535968,13.860000000000003,2.902412789387478,-5.076,2.7950904325827794,5.7700000000000005,R
688328,SL,22,0.4583333333333333,86.06363636363636,1.2673727810844617,2652.5454545454545,76.37796196281408,0.289090909090909,2.1826303683114383,3.889090909090909,1.2490869392553035,5.709090909090909,R
688497,CU,40,0.09950248756218906,75.3975,1.6064752785252636,2024.225,148.36916666000593,-10.095000000000002,2.672138296743467,1.959,2.2822478797482506,6.682499999999999,R
688497,FF,209,0.5199004975124378,90.06794258373206,0.8467562975595484,2198.1722488038276,72.37581536152453,16.845933014354067,1.7174005444586116,2.465454545454546,1.8353418537917452,6.83157894736842,R
688497,FS,93,0.23134328358208955,84.81075268817204,0.9277675830573322,1303.720430107527,147.2842095488233,6.6154838709677435,3.1250240055178957,-10.787096774193548,2.7429033255979762,6.645161290322581,R
688497,SL,57,0.1417910447761194,83.62631578947368,1.4445125618537853,2141.157894736842,108.12935201376773,2.336842105263158,2.906140763166565,5.469473684210526,1.8763722797810747,6.680701754385965,R
688642,FC,434,0.27485750474984166,92.18064516129031,1.3238245205073915,2331.0138248847925,82.44869518251649,8.530783410138248,2.4923357500719536,1.0321658986175115,1.9590602946318425,6.0624423963133625,R
688642,FF,417,0.2640911969601013,95.01486810551557,1.070751687962044,2354.978417266187,88.05937689984486,14.576115107913669,2.301501446837529,-7.525755395683452,2.173698874222033,6.136450839328536,R
688642,FS,222,0.14059531348955034,86.47477477477479,0.8901134676226184,1436.8423423423424,125.29121700559061,1.5583783783783784,2.140499599372774,-10.515675675675675,2.7807527291169962,6.142342342342342,R
688642,SI,133,0.08423052564914503,93.74511278195487,1.1290560662873363,2251.8496240601503,84.97989924901506,8.814135338345864,1.6998480893889654,-14.224962406015038,2.4324852063021916,6.137593984962406,R
688642,SL,129,0.08169727675744141,84.74806201550388,1.5087816263873417,2283.5891472868216,135.31604281754048,-3.164651162790698,2.535934876465565,3.2130232558139538,2.6133272029670227,6.075968992248062,R
688642,ST,242,0.1532615579480684,84.32479338842974,1.3453334740147715,2505.9421487603304,160.21556005891009,-3.0436363636363635,2.4468457127307217,12.620330578512396,3.620654885373375,6.000413223140495,R
688883,CU,116,0.23625254582484725,81.60172413793104,0.8003241472239138,2776.7586206896553,158.89994777626063,-14.53448275862069,2.3981291058647787,9.273103448275865,2.0212593636869944,5.719827586206899,R
688883,FF,257,0.5234215885947047,95.42451361867704,0.697639894691645,2270.9571984435797,107.95905852275955,15.983813229571984,2.0890277559143495,-12.092451361867704,2.0534591201133403,5.703891050583658,R
688883,SL,107,0.21792260692464357,85.61495327102801,0.8212741755228326,2531.7102803738317,138.12183638284608,-3.530467289719626,2.376052451289414,4.8,3.8348668521325355,5.653271028037384,R
689017,CH,221,0.2653061224489796,84.61266968325792,0.8631983994184277,1633.1085972850678,294.1088805316305,8.101357466063348,6.351365777517383,-13.087058823529413,3.5986200563772255,6.002714932126698,R
689017,FF,399,0.4789915966386555,93.07969924812029,0.8770175074170506,2400.3684210526317,76.37100074002778,18.977443609022558,1.3113315497500457,-6.541654135338347,2.225226829536968,5.948621553884712,R
689017,KC,112,0.13445378151260504,80.18571428571428,0.9942951818363143,2899.5089285714284,115.26514639567536,-14.945357142857144,2.2539270748378835,7.8985714285714295,2.154961949515816,5.808035714285714,R
689017,SL,101,0.1212484993997599,85.29702970297029,1.314644852843881,2614.1881188118814,124.6165890137655,1.1869306930693069,3.3447468491873216,4.46019801980198,1.9849805944633414,5.876237623762377,R
689147,FF,598,0.323943661971831,97.48745819397993,0.9225955089440342,2388.138795986622,91.94229746715898,15.98026755852843,1.707993208216677,-11.376120401337793,2.1092034900321157,6.344648829431438,R
689147,FS,28,0.015167930660888408,92.56428571428573,1.0314370721776647,1717.107142857143,190.61971824584936,6.681428571428571,3.1555333108985675,-16.73142857142857,2.1310225580357294,6.3999999999999995,R
689147,SI,353,0.19122426868905743,96.43201133144476,0.955588038786188,2287.1898016997166,99.56916114060948,10.601473087818697,1.9440942285038774,-16.85167138810198,1.651617590253481,6.352407932011331,R
689147,ST,867,0.4696641386782232,86.91880046136102,1.023073050699099,2903.838337182448,131.4200315856442,0.8146712802768166,2.5321592948230927,13.96304498269896,3.185644757150339,6.102422145328719,R
689149,CU,25,0.3048780487804878,84.37199999999999,1.2627747225851498,2679.52,81.70073439082417,-14.0976,2.07618496285856,5.52,2.467792535850613,6.316,R
689149,FC,26,0.3170731707317073,92.38846153846154,0.8310604902541914,2442.6153846153848,43.466839703918595,10.195384615384617,1.907805505326433,4.564615384615385,1.4561022787406954,6.384615384615385,R
689149,ST,23,0.2804878048780488,83.7304347826087,0.960319446192348,2719.6521739130435,65.47283176711348,-2.253913043478261,2.47385187167784,15.328695652173913,2.064626984464806,6.23913043478261,R
689225,CH,125,0.21626297577854672,89.5872,1.3070513478079018,2119.848,91.15566763474163,5.97216,2.195098492903767,-14.045759999999998,2.3132142363442707,5.862399999999999,R
689225,FF,283,0.48961937716262977,95.63038869257952,0.9298414744090868,2502.632508833922,85.17990516778386,17.91689045936396,1.834426170354948,-4.770318021201414,1.911292562693111,5.902826855123675,R
689225,SI,91,0.157439446366782,95.79890109890108,1.0404587135270362,2506.4175824175823,85.47632107900681,15.443076923076923,1.6383105744826096,-13.115604395604393,1.9942713560993253,5.985714285714287,R
689225,SL,79,0.13667820069204153,88.72278481012657,1.4539027378227074,2455.5569620253164,95.44077863549639,3.3174683544303796,2.1522972034992858,3.6637974683544305,1.396236979185407,5.837974683544303,R
689233,FF,21,0.7241379310344828,95.23809523809524,0.9738974229744072,2096.6190476190477,139.8322123798648,13.85142857142857,1.9051569114230085,-10.554285714285715,1.5028658337608567,6.566666666666667,R
689254,CH,75,0.04352872896111434,87.36533333333333,1.4660567937575009,1858.04,108.17996017647532,2.5536000000000003,3.253160060368745,12.0896,2.710849791964615,6.742666666666667,L
689254,FC,930,0.5397562391178178,90.47537634408603,1.003645732294107,2719.3118279569894,98.04744776281211,10.534064516129032,2.0690187989082585,-3.2131612903225806,1.9121184285012394,6.69247311827957,L
689254,ST,717,0.416134648868253,81.92092050209206,1.416959424905202,2722.246861924686,100.27502199216808,1.3578242677824266,3.165737270570911,-15.955481171548117,2.566035940029851,6.861087866108786,L
689266,FC,445,0.4441117764471058,87.09393258426967,1.0463725607953525,2057.788764044944,78.31804734628949,5.671550561797753,2.1021243170652886,1.7786966292134831,2.020310187162723,6.386292134831461,L
689266,SI,465,0.46407185628742514,93.83333333333333,0.8057355460167701,2159.227956989247,77.32580306838436,16.545806451612904,1.9407272469208665,10.020645161290323,2.247400129369611,6.2995698924731185,L
689266,SL,78,0.07784431137724551,82.62179487179488,0.935538935711978,2342.25641025641,109.88334261547101,-0.8661538461538462,1.9574892683650236,0.10769230769230767,1.3373252264272744,6.4333333333333345,L
689296,CH,148,0.2252663622526636,87.48918918918919,1.6093745409144375,1154.8581081081081,196.70458564925227,-1.2032432432432434,2.120959934197495,-6.7451351351351345,2.1601475404657555,6.614189189189189,R
689296,FC,27,0.0410958904109589,90.34074074074076,1.4253904348415882,2530.0,255.45208793581867,5.4977777777777765,2.2279161241865135,3.6044444444444443,2.3136340601103202,6.511111111111112,R
689296,FF,180,0.273972602739726,96.08611111111111,0.9957879948071826,2608.0555555555557,80.88841353261735,17.179333333333332,1.8357418545167459,-4.522666666666666,2.071338217475163,6.495555555555555,R
689296,SI,106,0.1613394216133942,95.71698113207549,1.017884987245444,2383.735849056604,85.87147670868005,9.24,2.2479857650794854,-15.559245283018868,2.4139529715359127,6.565094339622641,R
689296,ST,196,0.2983257229832572,85.98826530612246,1.2903647073481397,2935.183673469388,128.68449566433844,-0.8957142857142857,2.6766235906742373,15.683265306122449,2.9679846483500283,6.339795918367346,R
689441,CU,61,0.20677966101694914,74.12131147540983,1.1324184671310573,2953.409836065574,99.89717664498504,-14.622295081967213,1.8059682476376515,17.516065573770494,1.857994688446413,6.31639344262295,R
689441,FC,107,0.36271186440677966,87.37757009345796,0.9349915155719329,2867.0841121495328,95.5573641303195,7.382803738317757,2.189691885964231,2.653457943925233,1.525332690468157,6.365420560747665,R
689441,FF,54,0.18305084745762712,91.31481481481484,0.8038603575829337,2579.5,117.15926106300854,14.102222222222222,2.1928001110552744,-7.540000000000002,2.3281412133790256,6.383333333333334,R
689441,SI,50,0.1694915254237288,91.32400000000001,0.8350876771761321,2510.42,89.30573261303566,8.1264,2.382183666388501,-14.215199999999998,3.0052567821287104,6.423999999999999,R
689441,ST,23,0.07796610169491526,79.09565217391304,0.9407338822186372,2982.478260869565,93.36432527042426,1.982608695652174,2.7564094190405553,21.339130434782607,1.8564431118857325,6.391304347826087,R
689520,CH,71,0.16136363636363638,83.20985915492959,0.9434215736316195,1709.9558823529412,157.40445420536054,1.6259154929577464,4.144223372863136,-15.430985915492956,2.865073998012006,6.430985915492957,R
689520,FC,76,0.17272727272727273,84.58815789473684,1.0819694518501168,2414.6849315068494,78.39073724907539,2.2957894736842106,1.7325874778553183,2.035263157894737,2.076930731429889,6.315789473684211,R
689520,FF,288,0.6545454545454545,92.75312500000001,0.891299774181754,2326.928057553957,98.56231075633548,14.519166666666665,1.4576270630899608,-13.824583333333333,1.6111358449247517,6.440972222222222,R
689546,FF,42,0.1268882175226586,94.95,0.663784419896671,2068.8571428571427,95.55194511901824,11.285714285714286,2.1371067093404608,-14.19428571428571,1.893713789456133,6.095238095238095,R
689546,SI,66,0.19939577039274925,94.8030303030303,0.6849974052662137,2037.9848484848485,103.93348352513254,4.503636363636363,2.5821539228169343,-17.16909090909091,1.9518486127241033,6.096969696969698,R
689546,SL,222,0.6706948640483383,87.46621621621621,1.0519032989415331,2083.0045045045044,135.71021488103443,-5.210270270270271,2.9094651152643505,0.8443243243243244,2.519595464772566,5.95,R
689557,FF,20,0.5,95.47500000000001,0.996771102901237,2454.55,105.20530054687309,12.534,1.4496910741693607,-2.2920000000000007,4.55632538923984,6.410000000000001,R
689690,CH,244,0.33062330623306235,74.01188524590165,1.6144607997780878,2154.565573770492,101.69380230496571,1.9288524590163938,2.7489814639704626,-20.879016393442626,2.4385786219032184,7.315573770491803,R
689690,FF,310,0.42005420054200543,85.23258064516129,1.1756991110076498,2320.7451612903224,80.7620033809424,13.382322580645162,2.178233546770894,-13.524387096774191,2.0788947411585768,7.348709677419353,R
689690,SI,113,0.15311653116531165,84.2221238938053,0.9465854532093557,2267.353982300885,97.13465619897227,4.862654867256637,1.9650145481554853,-18.663716814159297,2.0772896982651052,7.327433628318584,R
689690,ST,71,0.09620596205962059,71.80140845070422,1.1898971093269815,2238.830985915493,81.42094955327492,6.7149295774647895,3.750918696319395,14.261408450704225,3.2927545115969172,7.264788732394366,R
689818,CH,19,0.06070287539936102,91.4578947368421,1.2619719091228623,1239.7894736842106,129.36493554942777,7.446315789473684,3.8558991032879533,-10.206315789473685,3.882777085378047,6.484210526315789,R
689818,CU,89,0.28434504792332266,82.79775280898878,1.2732365280591291,2580.955056179775,103.47747999535933,-8.327191011235955,3.5967538991189505,4.675955056179776,2.0657030055281442,6.4584269662921345,R
689818,FC,50,0.1597444089456869,91.024,1.5076079174152215,2363.6,104.41479291552436,7.1424,3.4236169917387738,3.168,1.4750828409805,6.456000000000001,R
689818,FF,111,0.3546325878594249,96.84684684684684,1.1829715911304832,2306.3693693693695,115.2803640086304,16.18054054054054,2.029096457153388,-6.723243243243242,2.3634743924847603,6.484684684684685,R
689818,SI,28,0.08945686900958466,95.08214285714284,0.8037198569561473,2161.535714285714,85.26146372052966,12.39,2.7330325037706134,-14.421428571428569,2.2476188458434128,6.382142857142857,R
689818,ST,16,0.051118210862619806,85.46249999999999,1.5279070652366267,2733.0625,96.32823660104377,-1.6875,3.9342114838935647,12.1125,3.932503019706406,6.49375,R
689958,FF,36,0.5806451612903226,96.59166666666667,0.877781293945138,2601.0555555555557,52.323141258062016,17.773333333333333,1.1516348627680812,-10.086666666666666,1.7141695198716906,6.694444444444445,R
689958,SL,24,0.3870967741935484,87.04583333333333,1.2346374812652217,2239.75,75.29204011280227,0.47000000000000003,1.9397624238214242,3.72,1.8468680892609615,6.616666666666667,R
689981,SL,18,0.375,91.02777777777777,1.830077322556606,2536.9444444444443,97.51830731425719,1.3866666666666663,2.654789235015266,5.3133333333333335,3.5094024964875348,6.672222222222222,R
690155,CH,20,0.11494252873563218,86.815,0.9331751119022009,1136.05,118.14062762122452,2.1959999999999997,2.8504005258725895,-12.84,2.5745965447854258,6.495,R
690155,CU,20,0.11494252873563218,82.96000000000001,1.7584083712266612,2593.1,106.27615467559775,-4.29,2.09077673806197,10.565999999999999,3.0750958906743224,6.42,R
690155,FF,74,0.42528735632183906,94.94864864864866,0.8223326732813764,2183.7027027027025,76.45335756529136,16.465945945945943,1.1869875752877315,-9.645405405405404,2.1164283619998177,6.390540540540539,R
690155,SL,39,0.22413793103448276,88.18461538461537,1.278679100836086,2429.4615384615386,89.43325831203788,6.243076923076922,1.784881175237332,3.8276923076923084,1.6590714929211103,6.453846153846155,R
690155,ST,20,0.11494252873563218,84.59,1.392801039934314,2576.2,75.99141225718934,1.1759999999999997,2.5882780294811325,12.45,3.0705082726857427,6.385,R
690382,FC,61,0.3160621761658031,87.24754098360657,0.9770033362919917,2576.5081967213114,61.66296104654173,3.1062295081967215,1.2913431817742154,3.306885245901639,2.1363735167986633,6.522950819672131,R
690382,SI,79,0.40932642487046633,94.28987341772154,0.7765134002028423,2265.6835443037976,55.001525457585934,9.479999999999999,1.984958825381912,-16.948860759493673,2.0339471461136918,6.564556962025317,R
690382,ST,40,0.20725388601036268,82.93499999999999,1.4057665123268122,2741.35,66.8479138772751,-0.1200000000000001,3.3683412946022973,15.105,2.5042271953945887,6.5299999999999985,R
690440,FF,17,0.37777777777777777,93.4764705882353,0.8635170899906294,2487.4117647058824,92.26392769084337,15.183529411764702,2.477178185901427,-7.150588235294117,1.9261115965470281,6.247058823529412,R
690544,FC,35,0.15217391304347827,88.28571428571429,1.2379163844096728,2560.6857142857143,92.49635014375414,3.2125714285714286,1.9047376581089817,-4.474285714285713,1.8863009018809735,6.16,L
690544,FF,76,0.33043478260869563,95.48421052631579,0.9430521557268463,2403.2631578947367,74.85601617702305,16.90578947368421,1.2641975195439406,5.051052631578948,1.7090266851416676,6.218421052631578,L
690544,SI,44,0.19130434782608696,95.22727272727273,0.7098521419457342,2286.818181818182,72.44990979411553,11.094545454545456,1.9587578581139233,13.314545454545453,2.1249803879209397,6.161363636363637,L
690544,ST,75,0.32608695652173914,84.668,1.2096637906817274,2737.44,99.13902877790879,0.8064000000000001,3.1938795522991468,-12.2832,2.5043249940204797,6.165333333333333,L
690829,FF,57,0.5181818181818182,101.03859649122808,1.2723367683637565,2384.035087719298,75.96567949510413,13.404210526315788,2.7057999525941763,-9.029473684210526,2.235499641381439,6.719298245614036,R
690829,SI,50,0.45454545454545453,94.316,1.7588679104840734,1842.72,159.403228912576,4.9872000000000005,3.621499880954727,-14.263200000000001,2.151276260971707,6.782,R
690916,CH,25,0.03075030750307503,89.27600000000001,1.1251962791738455,1524.04,360.05282945701174,6.3072,4.840960235325219,-10.454399999999998,3.9129508046996966,6.644,R
690916,CU,92,0.11316113161131611,82.88478260869564,1.0499539270487008,2489.858695652174,102.25926772494813,-9.249130434782609,2.7908869172715707,5.915217391304348,2.088299943858256,6.570652173913044,R
690916,FF,316,0.3886838868388684,95.93164556962024,1.2720231907437194,2453.23417721519,83.0984627460066,17.11367088607595,1.7856942465421721,-2.5564556962025318,2.0520187739941838,6.6724683544303796,R
690916,SI,69,0.08487084870848709,94.88115942028985,1.209554531795856,2237.4927536231885,93.34670087563286,14.316521739130437,2.0047442451572346,-12.189565217391303,2.158568721591046,6.7275362318840575,R
690916,SL,227,0.27921279212792127,87.82466960352423,1.0696162785202485,2407.511013215859,102.34262086889305,0.785022026431718,2.4506299306575876,3.8981497797356828,2.1407802139335605,6.617621145374449,R
690916,ST,84,0.1033210332103321,85.03809523809524,1.0424605695244287,2456.3333333333335,115.65010934350498,1.4642857142857142,2.9719525388685866,12.498571428571429,2.6013041876651415,6.623809523809525,R
690925,FF,531,0.5257425742574258,95.9954802259887,1.3962545265495605,2427.8870056497176,87.53801568072488,17.856497175141243,1.7332501287910724,-3.6592090395480223,1.8931858283719327,5.991337099811676,R
690925,SL,479,0.47425742574257423,86.6267223382046,1.583543741920404,2799.707724425887,171.84908165275314,-5.6891022964509395,2.3967831972321703,3.9792901878914404,2.8556218349337477,5.833473684210526,R
690928,CU,146,0.10985703536493605,78.98082191780823,1.3674701065127353,2502.349315068493,90.8191528080339,-11.317808219178081,1.9490434411218893,6.8432876712328765,2.097104772542223,6.427397260273973,R
690928,FF,516,0.38826185101580135,95.52054263565891,1.4052483096488333,2373.4031007751937,82.98000876382332,15.389302325581394,1.8331261159465964,-1.7632558139534886,2.4928166041269044,6.390697674418605,R
690928,FS,126,0.09480812641083522,90.07857142857142,1.5589538616832583,1702.452380952381,392.7696445937309,4.9419047619047625,2.7042111498285673,-13.48857142857143,2.6057492478857487,6.515079365079366,R
690928,SI,65,0.04890895410082769,95.32923076923078,1.2723898622428829,2183.2615384615383,150.68554560357194,9.48,1.9236293821835848,-12.985846153846154,2.251748551339945,6.381538461538461,R
690928,SL,330,0.24830699774266365,87.88636363636364,1.7543594301692624,2581.221212121212,108.479864526302,1.5803636363636364,2.2264794653479103,6.066181818181818,1.6419968837466674,6.373030303030303,R
690928,ST,146,0.10985703536493605,81.72260273972603,1.5819137492484874,2593.2602739726026,134.0776951696045,1.2986301369863014,2.522921850208189,15.073150684931509,3.316457967922936,6.407534246575342,R
690953,CH,140,0.11618257261410789,88.2507142857143,1.4919687359817462,1696.7857142857142,149.98632003395463,2.8191428571428574,2.7752719707839657,-9.694285714285714,3.1384001658860043,6.887857142857143,R
690953,CU,217,0.18008298755186722,82.12442396313364,1.5493435781410179,2669.6267281105993,104.51122491939603,-9.422488479262674,2.3264014655260694,10.448294930875575,2.641034685290856,6.849769585253457,R
690953,FF,509,0.4224066390041494,95.94086444007857,1.3518069124093601,2528.679764243615,144.22127848708126,16.400864440078585,1.566056044570864,-7.9735166994106095,2.0629906264973323,6.81237721021611,R
690953,SI,124,0.10290456431535269,95.16854838709678,1.1069159481816317,2450.25,105.29738181876213,10.01516129032258,2.464375606161828,-14.72709677419355,2.324537465730119,6.749193548387097,R
690953,SL,152,0.12614107883817427,87.37236842105263,1.3775012106061213,2416.7894736842104,91.35830280336805,2.153684210526316,2.2135003247562586,2.2136842105263157,1.9907553507410216,6.811184210526315,R
690953,ST,63,0.05228215767634855,83.82698412698413,1.1769570317486922,2741.5396825396824,82.64709767884352,0.04571428571428577,3.6031230693017635,14.639999999999999,2.819361629872975,6.912698412698414,R
690978,CU,44,0.3697478991596639,83.60454545454546,1.1609848556700195,2627.7272727272725,74.25517400698494,-1.821818181818182,2.974301772843637,-13.83,2.99828322971353,6.729545454545455,L
690978,FF,31,0.2605042016806723,95.56774193548387,0.854551382022244,2379.6129032258063,73.95389438443156,11.152258064516129,2.4027854803365463,-0.6425806451612902,2.5614773962721014,6.932258064516129,L
690978,SL,25,0.21008403361344538,88.37599999999999,1.2897932650881165,2461.28,89.95254304354046,2.1839999999999997,2.7152900397563426,-5.6832,2.66598124524536,6.791999999999999,L
690986,CH,206,0.09423604757548033,86.19368932038836,1.4113508424797558,1422.5,352.5081939888324,-2.9324271844660195,3.6085817674982525,11.450679611650486,3.2309386273842704,6.560784313725491,L
690986,FC,22,0.010064043915827997,86.80909090909091,0.9491395054815709,2097.409090909091,67.4280280079357,5.061818181818182,1.6568347228077092,-0.32181818181818184,1.3344077921850412,6.354545454545455,L
690986,FF,1259,0.5759377859103385,94.8957108816521,1.1152993134730618,2341.5965051628277,79.30648836932788,14.164384432088958,1.82319654078745,13.234408260524225,1.8038924161626442,6.640637450199203,L
690986,SI,59,0.026989935956084173,94.13389830508476,1.2432729566158223,2254.2881355932204,90.06512028133666,10.299661016949152,2.3179226476202075,16.16949152542373,2.0428693678836365,6.5949152542372875,L
690986,SV,639,0.29231473010064046,82.17871674491394,1.2160953933995862,2169.8763693270735,75.45115334459459,-3.750610328638498,3.695588079996084,-10.52131455399061,2.8480341610870616,6.564420062695925,L
690990,CH,277,0.13712871287128714,88.07039711191335,1.18480301107994,1905.8231046931407,114.89967791938379,8.683321299638989,2.392050954637236,-12.912779783393502,2.5534642279945454,6.32202166064982,R
690990,CU,196,0.09702970297029703,83.94081632653062,1.3241222915630302,2566.4438775510203,80.39200057962972,-6.7285714285714295,2.4004461123844334,3.0,2.06015384040946,6.154591836734692,R
690990,FF,1009,0.4995049504950495,95.72646184340931,0.918031164519343,2481.0664023785926,115.0177460041434,14.549732408325074,1.9852241956250398,-0.026164519326065446,2.2820793516771025,6.198612487611496,R
690990,SI,113,0.05594059405940594,95.1283185840708,1.041930645017483,2333.070796460177,102.27673566063643,11.67929203539823,2.1499434032476628,-10.857345132743362,3.0418832329716623,6.2150442477876116,R
690990,ST,423,0.2094059405940594,83.39858156028369,1.177734942436317,2566.581560283688,74.11149753414823,-1.2147517730496455,2.8559876193427844,12.552056737588652,2.5932185123312284,6.1040189125295505,R
690997,CH,184,0.07020221289584128,87.66847826086956,1.6631282229171704,1331.4945652173913,224.7232176711291,-2.5865217391304345,3.237867622787291,-12.88695652173913,2.648419154884142,6.290760869565218,R
690997,CU,366,0.13964135826020602,81.24781420765028,1.6034152346481243,3313.7131147540986,124.73435748470044,-13.714754098360658,1.832412832492118,17.74098360655738,1.9205630209755518,6.253551912568306,R
690997,FC,249,0.0950019076688287,91.61164658634539,1.363014071264902,2561.7670682730923,103.00278907044058,6.0689156626506024,2.003219794550235,1.1686746987951808,1.842656373469539,6.469879518072289,R
690997,FF,476,0.1816100724914155,96.06260504201681,1.0180004857282463,2326.686974789916,114.39282604708812,13.924033613445378,1.9465282754917304,-11.21142857142857,2.2069327266934025,6.485504201680673,R
690997,SI,840,0.32048836322014496,94.98964285714284,1.1866258555941935,2191.0714285714284,112.10864236459027,4.454428571428572,2.5834207639332,-17.33585714285714,1.9488491096118077,6.455952380952381,R
690997,ST,489,0.18657001144601298,85.05910020449896,1.4290616576956572,2978.80572597137,137.98216907825267,-0.8736196319018404,2.9957705477382217,17.893496932515333,3.1619227005790784,6.275869120654396,R
691008,CH,43,0.17269076305220885,85.00000000000001,1.3480144128097649,1970.6279069767443,110.02878914517348,7.624186046511627,2.9605808893961685,-16.038139534883722,1.9303087044180678,6.469767441860465,R
691008,CU,65,0.26104417670682734,82.18923076923078,1.4247941821675374,2828.3384615384616,117.28094966296169,-14.407384615384615,1.9918821790920807,8.26153846153846,1.7419683826504562,6.427692307692308,R
691008,FF,102,0.40963855421686746,94.83823529411767,1.2972968176934059,2182.8627450980393,145.49274686529782,15.638823529411763,1.3942394172839228,-10.757647058823528,1.8034143505428082,6.487254901960784,R
691008,ST,20,0.08032128514056225,83.895,0.9366654179925492,2557.1,78.45877227798317,0.9059999999999999,3.1999809209957553,10.517999999999999,3.365696299274099,6.459999999999999,R
691094,FF,20,0.425531914893617,90.48500000000001,0.6098101516477328,2273.45,61.40416152535249,15.576000000000002,1.3590956745687843,-14.856,1.6552767299251143,6.18,R
691172,FF,29,0.15425531914893617,97.80689655172412,1.4466540297436012,2012.7142857142858,225.83767640643154,9.819310344827587,1.9407986777069801,-13.104827586206897,1.595973998825203,6.344827586206897,R
691172,SI,74,0.39361702127659576,95.57432432432434,2.1447649429473885,2040.1486486486488,146.53688884601507,5.278378378378378,2.696225178102332,-17.208648648648648,1.3009462565887935,6.2797297297297305,R
691172,SL,73,0.3882978723404255,86.6931506849315,1.3938683947843467,2631.671232876712,115.71145324019963,-3.00986301369863,2.9600509066337044,0.992876712328767,3.3090337123681652,6.1068493150684935,R
691251,FF,116,0.4549019607843137,94.21120689655173,1.510356799292609,2112.4137931034484,74.0405375412706,11.377241379310345,2.4250129847099777,-13.384137931034482,1.606420849599191,6.116379310344827,R
691251,FS,15,0.058823529411764705,88.17333333333333,1.6219330031375117,1120.3333333333333,159.1193023518906,5.304,3.7401848693805038,-12.328,1.8949074609896612,6.053333333333333,R
691251,SI,41,0.1607843137254902,94.49512195121952,0.953664306638399,2094.8048780487807,102.34114996231847,10.519024390243903,2.5034614086081386,-16.15609756097561,1.5090342574785711,6.143902439024391,R
691251,SL,83,0.3254901960784314,85.9867469879518,2.123720336897157,2192.9638554216867,74.47088902238056,3.0274698795180726,2.1303102049240725,2.900240963855422,1.5148613201468668,6.071084337349397,R
691441,CH,15,0.15,91.50000000000001,0.7559289460184533,2057.4,74.694425112301,6.319999999999999,1.5264524698978161,-12.216000000000001,1.7038309775326892,6.886666666666668,R
691441,CU,33,0.33,88.18484848484849,1.2313917969418813,2487.4848484848485,80.80382154179081,-1.1854545454545453,1.9933092630552387,1.3527272727272728,1.3437430760920983,6.821212121212122,R
691441,FF,29,0.29,95.3206896551724,1.0107915251866522,2370.0,75.60234312317499,17.433103448275865,1.185294126994513,-5.6275862068965505,1.5666927294062434,6.906896551724139,R
691548,SI,57,0.44881889763779526,96.32280701754385,1.1833695147844994,2178.6315789473683,97.00379808082394,6.538947368421052,2.1685690510849103,-17.334736842105265,1.27925495233855,6.078947368421052,R
691548,SL,63,0.49606299212598426,89.36825396825395,1.5820388434554127,2470.6666666666665,74.90230195868267,1.188571428571429,2.9194646311813566,0.6857142857142858,1.8036644726650013,6.1873015873015875,R
691582,SI,21,0.6,95.8,0.8197560612767686,2111.2380952380954,93.48256776635137,11.011428571428572,1.9670136901259374,-13.702857142857143,2.14280457078368,5.30952380952381,R
691587,CH,299,0.0903869407496977,89.73411371237458,1.3380242372652773,1660.2107023411372,199.66651497061738,9.193444816053512,2.605704603880257,-14.541672240802676,2.2561405870621756,6.711371237458193,R
691587,CU,256,0.0773881499395405,80.29140625,1.8872753404801095,2785.0,104.70234186567588,-7.43484375,3.1231525009383785,9.78328125,2.8208815502584,6.6019531250000005,R
691587,FC,16,0.0048367593712212815,84.0,1.0984838035522724,2525.375,86.61014182338386,11.34,1.7267773452301258,1.6575,1.9125950956749838,6.50625,R
691587,FF,1566,0.47339782345828296,98.01775223499362,1.108487870776915,2674.911877394636,74.42059833326687,17.80145593869732,1.7003336414676276,-10.557701149425288,2.509470334010074,6.5440613026819925,R
691587,SI,196,0.0592503022974607,97.55816326530613,1.1558478712239226,2588.015306122449,171.25963127071927,13.600408163265305,1.9267913640956384,-16.10142857142857,1.8795498642780648,6.644897959183674,R
691587,SL,615,0.18591293833131803,86.78162601626016,1.7907481985814486,2469.0243902439024,79.48849745876048,4.2370731707317075,2.0644177715955823,1.887609756097561,2.2872054504445156,6.541626016260163,R
691587,ST,360,0.10882708585247884,83.19250000000001,1.623220903105474,2525.1722222222224,86.26000926495772,10.084000000000001,2.7778081176925564,9.331,3.4240452545625732,6.518055555555556,R
691594,FA,208,0.9904761904761905,62.590865384615384,3.745975388952975,1558.173076923077,172.43481957283112,10.791923076923078,4.844094981241694,-9.795,3.663087317503116,4.0725961538461535,R
691602,FF,17,0.4146341463414634,92.65882352941176,0.9440993217939333,2409.823529411765,72.15022114841165,16.334117647058825,2.0509481308151405,-5.872941176470588,2.583301581082536,6.111764705882353,R
691725,CU,106,0.08885163453478626,81.16981132075472,1.1733687612065449,2637.311320754717,79.55942531425319,-7.595094339622642,2.8407789827986463,7.981132075471699,1.901139167649462,6.557547169811321,R
691725,FF,400,0.3352891869237217,96.52275,1.0451978443503347,2252.6925,108.64101490251102,16.2705,1.860923248913255,-2.553,2.333018310277531,6.480451127819549,R
691725,FS,169,0.14165968147527241,87.42603550295858,1.1126583455716017,1589.5680473372781,115.82117444207084,8.219644970414201,3.3471213455408435,-9.776094674556214,3.6068989966362737,6.571597633136094,R
691725,SI,125,0.10477787091366303,95.16560000000001,0.870771256212079,2136.376,92.06218655641625,14.217600000000001,1.6644859712196725,-11.70048,2.1129622441400344,6.5208,R
691725,SL,255,0.21374685666387258,88.14509803921568,1.1569226295070176,2543.913725490196,97.73888768141337,4.471058823529412,2.0383724537742602,6.374117647058823,1.7478828323298725,6.607874015748032,R
691725,ST,138,0.11567476948868399,83.06521739130434,1.3803444071401427,2607.5289855072465,122.28023290003736,2.1913043478260867,2.3379408951733622,15.70695652173913,3.013883836367577,6.52463768115942,R
691765,FF,17,0.3953488372093023,93.11764705882354,0.8931932140623662,2214.1176470588234,68.47434040659061,16.785882352941176,1.7635725772686863,-8.498823529411766,1.2679998144368023,7.152941176470589,R
691769,CU,40,0.13937282229965156,81.0875,1.1910321961675483,2283.025,54.36367919286383,-6.093,1.887119905692677,-2.475,1.372437472304154,6.425,L
691769,FF,182,0.6341463414634146,90.38406593406594,0.7805076659605305,2371.412087912088,79.17482206964651,12.917802197802198,2.110171003097992,-0.06461538461538456,2.356634133014516,6.456593406593406,L
691769,SL,50,0.17421602787456447,80.244,1.4107690766936665,2352.44,85.22626786791662,2.8944000000000005,3.506595627950161,-10.2552,3.4218972181274783,6.466,L
691799,CU,362,0.24726775956284153,84.45911602209947,1.5581569099518413,2499.477900552486,75.27891486151302,-15.010276243093921,2.2114856141379957,2.554475138121547,2.1886385997767666,7.1602209944751385,R
691799,FC,110,0.07513661202185792,95.26818181818183,1.091748182997907,2570.1363636363635,83.33314122858036,6.307636363636363,1.7774014262001185,3.0589090909090912,1.846249531106036,7.302727272727274,R
691799,FF,754,0.5150273224043715,98.44509283819627,1.0646479341892052,2392.702917771883,107.47652051306285,16.817665782493368,1.6283268903557098,-1.2913527851458886,2.243388284766436,7.315915119363396,R
691799,SI,69,0.0471311475409836,99.22028985507245,1.2788528533927823,2285.927536231884,103.78503219191037,12.161739130434782,2.0897220167804327,-11.82608695652174,1.8354781532752973,7.179710144927537,R
691799,SL,169,0.11543715846994536,89.66272189349112,1.3467225381701466,2640.6686390532545,72.8602479876872,0.3181065088757396,3.500804834404274,6.483550295857988,3.1460294986039496,7.101775147928994,R
691945,CU,71,0.4797297297297297,84.47464788732394,1.1167194698067524,2506.943661971831,97.59857834502417,-12.82647887323944,2.175331238220022,6.807887323943662,1.9239556836988274,6.528169014084507,R
691945,FF,50,0.33783783783783783,95.18,0.7785386624822114,2311.94,69.24738556915536,18.2256,1.5768894206309962,-9.0768,2.2357808661925374,6.587999999999999,R
691945,SL,16,0.10810810810810811,88.30000000000001,0.8679477710861015,2253.5,66.41887281990464,7.0275,2.6584694844966714,3.1725000000000003,1.5816763259276532,6.60625,R
691946,CH,77,0.2711267605633803,87.44155844155844,0.9745917700505016,1498.935064935065,97.37168853396892,4.725194805194805,2.0612551173787357,-14.325194805194801,1.764818173420655,6.631168831168831,R
691946,CU,23,0.08098591549295775,85.08695652173911,1.0592897911620212,2416.8260869565215,131.8162123336583,-5.718260869565218,2.09058419885211,5.968695652173913,1.6442497718573552,6.373913043478261,R
691946,FF,105,0.36971830985915494,97.18666666666668,0.8842713935415406,2342.961904761905,85.59889959410467,14.282285714285715,1.6950137605198516,-13.704,2.1072008410721996,6.387619047619048,R
691946,SI,36,0.1267605633802817,97.20277777777777,0.7500423268479532,2297.1666666666665,69.92792207490714,15.049999999999999,1.5522996765168402,-13.013333333333334,2.361539449475399,6.344444444444446,R
691946,SL,43,0.15140845070422534,90.65581395348836,1.0801900903217159,2273.860465116279,97.2731993127625,0.7032558139534885,1.1105462425359114,-0.6669767441860465,1.376779428479517,6.369767441860466,R
691951,CH,261,0.2858707557502738,80.77164750957854,1.5194004277635325,1861.4904214559388,117.72133369911597,9.406896551724138,2.874919922769018,13.641379310344828,1.5064838116624621,5.933333333333334,L
691951,CU,81,0.0887185104052574,74.99753086419753,1.0994288640746581,2065.456790123457,113.60051159465745,-8.87111111111111,2.9642537003434777,-12.220740740740741,2.426438633974584,5.624691358024691,L
691951,FC,59,0.06462212486308871,86.5677966101695,1.5354928084546338,2203.322033898305,92.80465964036692,5.841355932203389,3.3447021709723734,-1.2264406779661015,3.3809250737303898,5.577966101694915,L
691951,FF,431,0.4720700985761227,91.92784222737819,1.008690024609932,2249.872389791183,110.09082911173017,16.024872389791184,1.6159799158185495,4.925290023201857,2.2518469622228605,5.656844547563806,L
691951,SL,81,0.0887185104052574,82.08765432098765,1.0555073088389044,2259.259259259259,107.74655189120645,-3.115555555555556,2.1036349493198667,-3.502222222222222,2.0182764924558776,5.665432098765432,L
692024,FF,35,0.4166666666666667,97.75999999999999,0.9601470475615587,2464.114285714286,68.85653090840036,13.073142857142857,1.757604940266845,-10.309714285714286,1.5157632240097743,5.7,R
692024,FS,22,0.2619047619047619,90.38636363636364,1.1106820961079373,1649.0,117.60628425062198,0.6163636363636363,1.7180568909438012,-13.909090909090912,1.3949668338467651,5.863636363636363,R
692024,SL,27,0.32142857142857145,86.88148148148149,1.2955655245837738,2615.296296296296,66.38860816019036,-0.06666666666666668,2.2190226538865123,4.426666666666667,1.9433199190283383,5.699999999999999,R
692030,CH,24,0.21818181818181817,86.33333333333336,1.6531042384521324,1582.8333333333333,80.48908468620567,6.914999999999999,2.3016761378348303,-14.765,2.004700996896176,7.129166666666667,R
692030,FC,27,0.24545454545454545,91.4925925925926,1.6527194200715023,2115.3333333333335,89.63129604535031,6.7955555555555565,1.6641498946293485,-2.542222222222222,2.3935383099139322,6.818518518518517,R
692030,FF,38,0.34545454545454546,95.32894736842103,1.364988445597438,2093.0,93.70078888588846,14.248421052631578,1.6997337252764342,-10.784210526315787,1.6068647188705918,6.889473684210528,R
692230,CH,122,0.2646420824295011,87.02540983606556,1.030891572354746,1769.5573770491803,110.34941118300165,5.685245901639345,2.2799388179099935,-16.22360655737705,1.3308768411230383,6.344262295081968,R
692230,CU,22,0.04772234273318872,76.27272727272728,1.3732761724749505,2345.681818181818,60.26085072308663,-8.814545454545454,2.591165810931493,9.027272727272727,2.7963891374042,6.268181818181817,R
692230,FC,103,0.22342733188720174,89.5252427184466,1.369178832660038,2211.893203883495,62.9065464066417,8.920776699029126,1.9255473829946705,1.9409708737864075,2.370728983015151,6.273786407766991,R
692230,FF,135,0.2928416485900217,93.84000000000002,1.080989044085478,2266.266666666667,72.09438258283373,16.13422222222222,1.5323883741901836,-6.017777777777778,2.122384840912534,6.213333333333332,R
692230,ST,67,0.14533622559652928,80.55970149253731,1.4231910050361898,2313.89552238806,92.51979875391753,3.469253731343284,2.6414649937928076,13.110447761194031,2.933245917861986,6.335820895522389,R
692285,CH,17,0.05214723926380368,88.39411764705882,1.828069537871611,1862.9411764705883,61.24894957082457,4.284705882352942,2.1105867597870116,-17.14588235294118,2.0909299929204033,5.464705882352941,R
692285,FF,114,0.3496932515337423,96.58157894736843,1.1935346322964062,2190.8245614035086,81.55830159793939,16.211578947368423,1.4925772560888002,-8.628421052631579,1.9666869760726413,5.667543859649123,R
692285,SL,136,0.4171779141104294,84.94191176470588,1.8310715400413646,2343.7426470588234,87.55891107418326,-1.177058823529412,2.5834556580779364,3.890294117647059,1.861758603589417,5.620588235294117,R
692285,ST,45,0.13803680981595093,82.06666666666666,1.4122837726694495,2427.4666666666667,83.22712625973904,2.352,2.123078382486576,14.861333333333336,3.4545106218339576,5.595555555555555,R
692437,FF,18,0.5454545454545454,97.7,0.7707902743670446,2262.777777777778,91.00132872692222,14.826666666666666,0.9522234043357191,-9.046666666666667,1.387965078387612,6.544444444444444,R
692838,FF,35,0.6730769230769231,95.31714285714287,0.7901919775247899,2317.4,97.06462371261009,18.003428571428568,1.4712738435413975,-7.367999999999999,2.7282366638760736,6.457142857142856,R
692838,SL,17,0.3269230769230769,86.68235294117646,2.745276692365828,2278.1875,386.6544053372038,4.870588235294117,3.0093032220686804,4.616470588235295,2.0294363169870304,6.4,R
693312,CU,182,0.2017738359201774,83.76758241758242,2.24619842905131,2666.076923076923,91.19498032725858,-11.843076923076922,2.7729664560585365,7.99912087912088,2.1224897546956907,6.87912087912088,R
693312,FF,457,0.5066518847006651,97.43238512035012,1.271413687057741,2366.100656455142,78.72427691559899,17.306258205689275,1.4315334232757353,-7.22363238512035,2.0886934398363897,7.00765864332604,R
693312,SL,256,0.2838137472283814,90.305078125,1.4773895877095347,2561.1581027667985,76.03783717400508,1.5684375000000002,2.4147164612507392,4.33640625,1.454363945267524,6.905468750000001,R
693313,CU,37,0.04894179894179894,85.15675675675676,0.9898205618922788,1841.5945945945946,180.96737880676778,-8.192432432432431,2.698391913514217,8.89945945945946,3.1844011698921997,6.5540540540540535,R
693313,FC,92,0.12169312169312169,93.19347826086958,1.2421891653847015,2354.8695652173915,85.51989902636237,6.35217391304348,2.532921618500233,-0.7356521739130437,1.5638212598096322,6.544565217391304,R
693313,FF,165,0.21825396825396826,96.71454545454546,1.0042139594105157,2301.939393939394,83.43616641171926,14.308363636363639,1.3943930801908968,-7.932363636363637,1.5034569477679014,6.620606060606061,R
693313,SI,304,0.4021164021164021,95.95263157894736,0.9011138958294362,2248.3651315789475,79.1166676308623,5.957763157894737,2.3878040500310007,-15.07065789473684,1.9593929386057967,6.615131578947368,R
693313,SL,156,0.20634920634920634,87.06089743589743,1.3270181814613038,2094.769230769231,240.62085947583253,-5.54,2.189172181147403,0.6946153846153845,2.269606583675905,6.576923076923077,R
693433,CH,325,0.06960805311629899,89.55261538461538,1.2926791455033897,1871.4674922600618,221.34818703277855,4.116553846153846,2.648377642397726,-16.08369230769231,1.9556151894559342,6.6,R
693433,FF,2215,0.4744056543156993,95.71814898419865,0.9760942047225104,2290.8874202370102,107.77445414035931,14.78741309255079,1.5453058383878313,-10.047494356659142,2.2148845653024294,6.4433860045146725,R
693433,SI,1054,0.22574427072178196,95.43975332068311,1.0475605161554897,2293.1436726926736,76.58396764599784,5.791423149905123,2.130227632811275,-16.476888045540797,1.6721444434276647,6.482827324478179,R
693433,SL,575,0.12315270935960591,87.64765217391303,1.5131562016701816,2232.568695652174,82.30229225856034,3.3072000000000004,2.448193884513081,2.874573913043479,1.593718872406931,6.496521739130435,R
693433,ST,496,0.10623259798672093,84.55282258064516,1.7126599598740404,2482.7656565656566,76.2834159361382,3.6495967741935487,3.2847250763160485,10.978790322580645,3.0856003375056935,6.477217741935484,R
693645,CU,370,0.10616929698708752,84.02432432432433,1.7697251337425877,2551.435135135135,114.7997070811448,-11.62572972972973,2.403109916530966,6.183567567567568,2.489863728060462,6.51825613079019,R
693645,FC,822,0.23586800573888092,93.74257907542578,1.9104589790916309,2533.6423357664235,115.8065759311012,8.658394160583942,3.7136900304489266,6.156642335766423,2.106475930056136,6.589377289377289,R
693645,FF,1692,0.48550932568149213,97.84332151300238,1.2112899158576298,2458.182624113475,107.99022714929768,16.62468085106383,1.532711586183775,-5.539432624113474,2.341304060669119,6.57663271420012,R
693645,SI,511,0.1466284074605452,97.71389432485323,1.174276039209626,2305.74168297456,128.28728408974456,11.128767123287671,1.9879759749641468,-13.581135029354208,2.2543958547616736,6.7250000000000005,R
693645,SL,47,0.013486370157819226,89.52765957446809,1.4824630104131749,2496.2127659574467,62.05255001949795,3.145531914893617,3.9894506587676832,7.27659574468085,2.086191950603805,6.623404255319149,R
693645,ST,39,0.011190817790530846,86.80000000000003,2.3004576203785834,2415.0,85.00773958572057,7.870769230769231,2.6262875384880866,11.181538461538464,3.361902295506878,6.407692307692309,R
693686,CU,269,0.2530573847601129,80.67211895910779,1.4355311204346026,2863.289962825279,100.24446578872706,-10.565799256505576,2.8287071523191534,13.52743494423792,1.9771511335489118,6.642007434944238,R
693686,FF,177,0.1665098777046096,96.01638418079095,1.2987373367037427,2230.531073446328,121.02019175759767,14.96542372881356,1.556963086392317,-8.277966101694915,1.5281258348140687,6.7446327683615825,R
693686,SI,432,0.4063969896519285,96.03958333333334,1.2664812544927138,2255.939814814815,90.38615835535555,7.3580555555555565,1.9329685564079597,-16.401111111111113,1.7178237639948395,6.751851851851852,R
693686,SL,182,0.17121354656632173,87.3467032967033,1.336964943275284,2506.203296703297,97.37259640426646,-0.3876923076923077,2.469088040169132,3.686373626373627,2.210940909417515,6.737912087912089,R
693713,SI,25,0.5813953488372093,99.428,0.9985489472229195,2305.52,75.68306723875999,6.441600000000001,2.5783064208894952,-16.857599999999998,1.0112091771735459,5.827999999999999,R
693713,SL,15,0.3488372093023256,91.86,0.8894621167553205,2507.8,93.02396004716819,3.288,2.0409073612349133,-0.56,1.4239582658410825,5.913333333333335,R
693739,FC,21,0.75,97.43333333333334,0.7178672114906302,1986.047619047619,58.95292714571193,6.005714285714286,1.4961436141914028,-0.6228571428571429,1.7994475342647336,6.8428571428571425,R
693821,CH,401,0.09818805093046033,86.2927680798005,1.0714348176994035,1885.1321695760598,444.60417787907835,4.5136159600997505,2.9801407923359324,-11.80788029925187,2.5898613371445025,6.1142144638403995,R
693821,FC,223,0.05460333006856023,88.5730941704036,0.9820886113999786,2201.5112107623318,78.50258852601108,10.55677130044843,1.7616792707148254,1.7058295964125563,1.640336184951319,6.293273542600898,R
693821,FF,666,0.16307541625857003,92.66366366366366,1.0734111606418424,2223.8453453453453,65.61944364528433,15.327747747747749,1.4286537232951675,-3.957837837837838,1.878808807747586,6.194444444444445,R
693821,SI,1476,0.3614103819784525,91.41944444444442,1.0925423451265122,2089.2520325203254,85.32646873656792,8.154308943089429,2.096575447452903,-14.23382113821138,2.1043530748379635,6.154274084124832,R
693821,SL,1318,0.3227228207639569,83.93414264036419,1.3070115167522491,2479.261760242792,122.68523315112402,-1.1219726858877088,2.866131671796224,2.309863429438543,1.7614128930967823,6.127528517110266,R
693855,CH,675,0.3126447429365447,83.55955555555555,1.41500325919803,1689.6681481481482,152.66826425216965,8.447288888888888,2.246988138676112,15.592533333333336,1.91815965212455,6.22325925925926,L
693855,CU,29,0.013432144511347846,73.69655172413792,1.9074071328490267,1969.551724137931,129.34604367655908,-12.182068965517239,2.7299520918223674,-8.300689655172414,2.509584386527667,6.0827586206896544,L
693855,FC,235,0.10884668828161186,88.16255319148935,1.2252864100643939,2152.7106382978723,75.26018468727993,9.83591489361702,1.7625458450700828,-0.552,1.9788792476861938,6.252765957446808,L
693855,FF,621,0.2876331635016211,91.6206119162641,1.1039490458903845,2202.5169628432955,86.08305400904703,17.480386473429952,1.589828915144532,6.361545893719806,2.597221876799488,6.28578352180937,L
693855,SI,205,0.09495136637332098,90.41707317073171,1.0188186255063372,2004.3431372549019,75.54700296573134,10.893073170731707,2.475313570849472,14.714341463414634,2.154377026666238,6.26813725490196,L
693855,SL,65,0.030106530801296896,82.70769230769233,1.2815161543445925,2152.1692307692306,145.58927343201333,5.950153846153846,6.058399255452016,-4.192615384615384,2.219075171188352,6.2846153846153845,L
693855,ST,329,0.1523853635942566,81.30699088145897,1.4520107179069297,2185.6231003039516,98.95618740495546,6.7634042553191485,5.323061477915201,-12.383343465045593,3.1567457397149816,6.328267477203648,L
694037,FF,861,0.6960388035569928,99.55365853658536,1.2807705600353267,2348.7909407665506,82.85395086324377,15.56473867595819,1.6750124838833953,-11.134912891986062,2.512388402813032,6.7264808362369335,R
694037,FS,62,0.050121261115602264,88.6241935483871,1.7932190565783446,1135.0645161290322,265.6961700623997,3.760645161290323,3.984688675321887,-10.232903225806451,3.3229931141040394,6.7064516129032254,R
694037,SL,301,0.2433306386418755,88.99335548172758,2.027746459301931,2294.139534883721,109.85317685491066,1.6616611295681063,2.2456247604584463,2.181129568106312,1.573231087016827,6.627906976744186,R
694297,CH,592,0.14859437751004015,87.25641891891892,1.3054069569923292,2104.875,82.57166041212257,4.123986486486487,1.9818555081832352,-16.055675675675673,1.7107104280816865,6.722804054054055,R
694297,CU,473,0.11872489959839358,82.10591966173361,1.4308373044609837,2605.3150105708246,159.84665628096636,-9.297589852008457,3.210819913645563,10.315179704016913,2.6761331394245285,6.491966173361522,R
694297,FC,385,0.09663654618473895,89.91246753246755,1.193079169981672,2714.672727272727,92.62115887835617,7.181922077922078,1.9268555570312835,1.6185974025974026,2.252816548811155,6.515324675324676,R
694297,FF,933,0.2341867469879518,93.50471596998928,1.0174651082438222,2543.1652360515022,77.15970683184335,15.226495176848875,1.911908311015445,-5.945209003215433,2.397028714244901,6.632797427652733,R
694297,SI,905,0.2271586345381526,93.13237569060774,1.0310454099900244,2400.8978912319644,85.41963478415994,6.961591160220994,2.074194829583811,-15.356685082872927,1.9215769632563506,6.641767955801104,R
694297,ST,689,0.1729417670682731,84.6267053701016,1.2049489888303695,2817.834061135371,101.97312201584329,4.996632801161103,2.885238742111415,10.543280116110305,3.434810721177554,6.505079825834543,R
694298,CH,22,0.29333333333333333,85.86363636363636,1.22379015262517,1728.0454545454545,156.1514762971633,11.318181818181818,2.3777212707881556,12.283636363636363,1.880867442873723,6.131818181818181,L
694298,FF,37,0.49333333333333335,90.95135135135136,0.7858546733128006,2128.675675675676,87.36356157971062,16.55027027027027,2.4203104558512125,8.477837837837836,3.623834015648754,6.127027027027028,L
694335,FC,318,0.18640093786635403,92.10786163522013,1.3940730171010787,2284.1383647798743,85.01749517390932,6.3086792452830185,2.2056154639975882,1.800754716981132,2.2036389598113617,6.551582278481013,R
694335,FF,19,0.011137162954279016,96.6421052631579,0.7776858759405535,2238.5263157894738,77.04642786517508,12.056842105263158,1.9201535026357166,-8.431578947368422,1.92201648495039,6.6684210526315795,R
694335,SI,789,0.46248534583821804,96.57693282636247,1.022748969006473,2263.0887198986056,76.36010224742652,8.830722433460075,2.23237032530576,-15.38174904942966,1.8331719155521864,6.631082802547771,R
694335,ST,580,0.3399765533411489,86.94258620689655,1.157985058928056,2250.3327586206897,115.13686964785774,2.5243448275862073,2.7806089748860274,10.270137931034482,3.4344268398701674,6.466608996539792,R
694341,FF,67,0.48201438848920863,92.41791044776119,1.0049763110632413,2180.4626865671644,61.48967106123152,17.66328358208955,1.5094233175938636,-7.221492537313432,1.9859058338713018,6.52686567164179,R
694341,SL,47,0.3381294964028777,83.78297872340426,1.0104495660964083,2297.595744680851,65.69648907780984,1.1514893617021276,1.5923062010580267,1.2995744680851062,1.7022720845295949,6.3872340425531915,R
694346,CU,82,0.13247172859450726,84.25975609756098,1.446994309722664,2434.170731707317,79.68933582294709,-13.628780487804878,1.7460080679772743,8.37951219512195,2.0704743313162726,6.778048780487804,R
694346,FC,119,0.19224555735056542,91.85378151260501,1.4756664633923016,2369.798319327731,90.8997007166236,9.27529411764706,1.9208485163935252,3.997310924369748,1.740911361502492,6.861344537815127,R
694346,FF,119,0.19224555735056542,95.4487394957983,1.0513804925130732,2020.8235294117646,118.71041870649596,14.163025210084035,1.9054189248089468,-9.846050420168067,1.9809303662876012,6.889915966386552,R
694346,SI,157,0.25363489499192243,94.56560509554141,0.9397703876545221,2000.9299363057326,72.6313235606746,7.708280254777071,2.071037204021444,-15.36076433121019,1.4663295976607689,6.873885350318472,R
694346,SL,130,0.210016155088853,87.76307692307692,1.376273953120152,2211.3076923076924,85.0195459655229,-6.266769230769231,1.6646652550735286,2.8098461538461534,1.810406175084349,6.829999999999999,R
694350,CH,109,0.21206225680933852,88.18348623853211,1.0009730230452882,2072.1284403669724,107.35421647409683,9.13211009174312,2.3106100178165616,-16.274862385321104,1.7202936951443837,6.507339449541285,R
694350,CU,119,0.23151750972762647,83.11932773109244,1.157823594693017,2659.18487394958,71.34316286728325,-10.623529411764705,2.581422084832277,4.901848739495798,2.5560443374269672,6.479831932773109,R
694350,FF,272,0.5291828793774319,94.63198529411765,0.8229900663005804,2275.4375,64.25821231993235,18.771176470588237,1.6910736164115654,-6.8183823529411764,1.8911416027769714,6.626470588235295,R
694359,FA,21,0.84,57.61904761904762,2.34747077673377,1338.1904761904761,83.15985753211645,18.085714285714285,1.8489904581380925,-3.4857142857142853,1.888037529893332,4.519047619047619,R
694360,FC,157,0.4131578947368421,91.21974522292993,1.096991193338529,2481.0891719745223,101.41438070003444,3.8957961783439496,1.9661533861013003,2.9579617834394902,1.7464795134320426,6.34140127388535,R
694360,FF,54,0.14210526315789473,97.3648148148148,0.8154538977765835,2089.259259259259,104.90484190944059,9.78,2.1599685532302075,-13.93777777777778,1.7861972536455257,6.17037037037037,R
694360,SI,95,0.25,96.66315789473684,1.2298635654810042,2120.2,122.03797804415798,4.471578947368422,2.2424826267926727,-17.24463157894737,1.51312963720633,6.150526315789475,R
694360,ST,63,0.16578947368421051,88.1968253968254,1.1303679466565169,2647.1428571428573,132.3991834521718,4.617142857142857,2.639107515669392,10.302857142857144,4.061162803677335,6.344444444444443,R
694361,CU,205,0.18369175627240145,85.26243902439025,1.1395320257392147,2425.9219512195123,154.21863063647587,-13.14380487804878,1.876888111036094,7.825170731707316,2.811539002725207,6.430731707317074,R
694361,FC,51,0.0456989247311828,92.55098039215689,1.1925388964758519,2313.901960784314,92.88191533381745,6.515294117647058,2.230101659513464,0.7835294117647058,1.6440180333918626,6.498039215686274,R
694361,FF,588,0.5268817204301075,97.69914965986395,0.9886490143855604,2209.545918367347,95.20174722642628,16.275102040816325,1.7553067233812576,-8.184285714285714,2.28664994538796,6.784013605442177,R
694361,SL,40,0.035842293906810034,90.8425,1.356066615866147,2384.6,91.5669294237967,4.551,2.8094417731861037,2.154,1.4466385439780998,6.659999999999999,R
694361,ST,232,0.2078853046594982,88.8103448275862,1.3593593672157482,2503.2413793103447,128.16724197978198,-3.378103448275862,2.764747129585422,12.344482758620687,2.5353290196336817,6.638793103448276,R
694363,CH,144,0.2975206611570248,84.29652777777778,1.0973848885548736,1788.9166666666667,110.5683030997114,0.9700000000000001,2.5423187477939533,12.778333333333332,2.4997985932856683,6.636111111111111,L
694363,FC,28,0.05785123966942149,88.60357142857143,0.9852550498360884,2319.5,99.63135755076013,9.531428571428572,1.747357188114995,0.42,2.23606797749979,6.6499999999999995,L
694363,FF,155,0.3202479338842975,92.73870967741935,1.0646862288086716,2164.941935483871,75.3383052834534,13.494967741935486,1.4752971852026784,10.561548387096774,2.004067986875722,6.5277419354838715,L
694363,SI,33,0.06818181818181818,91.96060606060605,0.7988035560837977,2084.6060606060605,106.33582986050004,9.01090909090909,2.053710610754902,14.847272727272726,2.0944797574924072,6.633333333333334,L
694363,SL,122,0.25206611570247933,85.45655737704918,1.341824815511936,2260.3360655737706,87.45280764250882,3.751475409836065,3.250901889388797,-1.6908196721311473,1.6000333623401557,6.575409836065573,L
694370,FF,26,0.33766233766233766,96.05384615384614,1.282257624420543,2423.923076923077,73.8159457444924,16.776923076923076,1.2152720493149483,-10.915384615384614,1.9931507334253087,6.1499999999999995,R
694370,SL,18,0.23376623376623376,83.6111111111111,1.6006942938057303,2664.277777777778,62.81420367246994,2.52,2.4084556926647855,13.04,2.7246327329406737,6.061111111111112,R
694397,CH,17,0.17,89.11176470588236,0.9873464139685071,1837.1176470588234,172.98478341784184,2.774117647058824,1.594737669741992,-12.825882352941179,1.6599964564101084,6.347058823529412,R
694397,FF,45,0.45,94.58444444444444,0.9848755241043389,2246.6222222222223,140.8051989111341,13.944,2.670395272069457,-3.52,1.7563805758641058,6.366666666666666,R
694397,ST,27,0.27,84.37407407407407,1.883040216203694,2782.740740740741,136.48657093496064,-2.413333333333333,4.425172747605888,13.880000000000003,1.75355463164221,6.262962962962963,R
694462,CU,139,0.12906220984215414,82.3338129496403,1.5037419006894313,2280.1605839416056,115.07249847612965,-12.722589928057554,1.6648677268821577,7.088633093525179,2.23281332950252,6.216058394160584,R
694462,FC,219,0.20334261838440112,92.78995433789954,1.298372127470259,2283.199074074074,63.69463632687679,9.043287671232875,2.051535152291044,1.16,2.0573573501108275,6.323611111111112,R
694462,FF,23,0.02135561745589601,95.22608695652173,1.3860399414762856,2210.478260869565,75.76750896670528,13.674782608695654,2.3779381243674447,-4.121739130434783,1.569457497973317,6.295652173913043,R
694462,FS,320,0.2971216341689879,86.4115625,1.3879092988329003,765.6603773584906,77.46739052943985,1.8018750000000001,3.3777470533981395,-5.99625,3.00789447181995,6.39179810725552,R
694462,SI,245,0.22748375116063138,95.35102040816327,1.3482414850614917,2165.7479338842977,69.57743302669927,10.633959183673468,1.8404301212254937,-12.682775510204081,1.8481498420696454,6.3020661157024795,R
694462,SL,131,0.12163416898792943,86.71297709923662,1.4101498527333285,2248.9236641221373,87.22469818900632,-0.8436641221374046,2.4954380549952067,2.0152671755725193,1.5065188238218776,6.363358778625954,R
694477,CH,155,0.043996593812091964,88.7974193548387,1.1952258052757159,2009.0258064516129,184.47035268035413,4.103225806451613,2.500447215969412,-12.57832258064516,2.591724046195825,6.145806451612904,R
694477,FC,1462,0.4149872267953449,88.63481532147742,1.473488715237911,2435.3228454172367,105.79497178701924,12.250998632010944,2.489168423411249,3.360902872777018,4.117849462344359,6.138782489740083,R
694477,FF,821,0.23304002270791938,94.63532277710111,1.315376065795777,2328.8453105968333,74.30390261921707,16.019926918392205,1.6347096391740839,-7.395566382460414,2.250211443081694,6.102192448233862,R
694477,SI,788,0.22367300596082884,94.53426395939087,1.305503390181118,2176.8870558375634,78.87681151728205,10.324568527918782,2.345826419942987,-15.241827411167511,1.7934560449503336,6.140609137055836,R
694477,SL,107,0.03037184217996026,84.20747663551401,1.382825991766699,2441.495327102804,70.63437265665733,5.6646728971962625,3.3610000527013546,8.422429906542055,3.613263522791397,6.217757009345795,R
694477,SV,190,0.05393130854385467,85.57052631578948,1.4401920568727895,2442.1526315789474,103.83576199570467,-3.5362105263157892,2.206506577872699,5.168210526315789,1.7368194363220273,6.094210526315791,R
694536,FF,22,0.7096774193548387,96.5,0.8837151016885372,2303.090909090909,77.29776014182897,14.116363636363637,1.4824900078505163,-13.690909090909093,1.896972297136649,6.386363636363638,R
694646,FC,38,0.1623931623931624,88.26842105263158,2.052039889918098,2466.2631578947367,96.45323309014563,4.683157894736842,2.298020423383426,4.121052631578947,1.7023859083471156,6.728947368421053,R
694646,FF,122,0.5213675213675214,93.84836065573771,1.669227247677694,2195.0081967213114,94.18352893336045,18.420983606557375,1.4328123012586558,-6.259672131147541,1.9313318893499931,6.638524590163934,R
694646,SL,56,0.23931623931623933,83.54285714285713,1.3732320393022557,2602.464285714286,94.25978884024615,-1.2835714285714286,3.1447343744288303,5.884285714285714,1.664808869338631,6.448214285714285,R
694660,FC,16,0.6153846153846154,86.1875,1.2355160864998886,2371.8125,79.30634169682355,4.68,1.5572283069608002,2.535,2.504092650043125,5.425000000000001,R
694674,SI,18,0.6428571428571429,89.23888888888888,0.647291996014607,2180.8333333333335,71.89964411267563,-3.973333333333334,2.494794580722028,-12.7,1.7599064146241683,6.138888888888888,R
694680,FC,49,0.24257425742574257,88.60408163265305,1.0489993612314292,2094.7551020408164,69.23977981510006,5.096326530612245,1.6398967115308805,4.5600000000000005,1.9062004091910165,6.667346938775511,R
694680,FF,88,0.43564356435643564,95.00795454545455,0.9584735938428591,2273.409090909091,77.33144612693852,16.753636363636364,1.494091183278264,-8.45590909090909,1.8164260958694374,6.693181818181818,R
694680,FS,42,0.2079207920792079,87.08809523809524,0.8543154101248389,1016.452380952381,115.161011860479,-0.2857142857142857,3.8459361782416535,-13.162857142857144,2.8007997862233407,6.659523809523809,R
694738,CH,694,0.1843293492695883,86.94265129682996,1.0364340586281013,1860.9726224783863,149.30309720098015,-2.4546397694524495,2.1542690460042246,-15.699596541786745,2.0955063193733103,6.259365994236311,R
694738,CU,1156,0.30703851261620185,76.71167820069203,0.915131265530844,3047.0538194444443,72.82289110799015,-7.323010380622837,2.486744759960469,18.810622837370243,1.9641283387849844,6.0828125,R
694738,FC,390,0.10358565737051793,89.4428205128205,1.562851932549685,2337.1102564102566,102.63745888570635,6.440000000000001,2.6259171001702586,1.0664615384615383,3.7930697584679764,6.233333333333333,R
694738,FF,92,0.024435590969455512,92.9586956521739,0.8023526086156374,2147.6739130434785,76.78857926409987,11.23304347826087,1.749937354690623,-11.701304347826087,1.8689217772959943,6.406521739130436,R
694738,SI,1433,0.3806108897742364,93.05617585484997,1.0239614726859092,2077.8793828892008,112.78354755547396,3.065317515701326,1.8857705700398606,-17.616803907885554,1.8182578380337895,6.4063814866760165,R
694753,FC,22,0.3235294117647059,91.96818181818182,1.5360389267253567,2547.5,64.63800297480908,9.299999999999999,2.1078628309939225,4.172727272727272,1.6499067269976833,6.7318181818181815,R
694753,FF,20,0.29411764705882354,95.26499999999999,1.2995039539438835,2423.8,79.89703900712004,17.466,1.9209767252487389,-6.180000000000001,2.374442870942239,6.8050000000000015,R
694795,CU,18,0.1276595744680851,86.17222222222223,1.0503811944217067,2663.3888888888887,68.40204579748361,-3.0933333333333333,3.014100197405521,6.826666666666667,1.9665915572230996,6.7555555555555555,R
694795,FF,57,0.40425531914893614,97.12280701754386,0.797320858487001,2547.4736842105262,69.98242260513857,15.02736842105263,1.4568686163870561,-8.566315789473686,2.29447522134221,6.7666666666666675,R
694795,SI,19,0.1347517730496454,97.65263157894738,0.6475324282335484,2366.2631578947367,101.51455402237936,3.9978947368421056,2.2299964597564537,-14.646315789473686,1.8592358362340273,6.7105263157894735,R
694795,ST,47,0.3333333333333333,85.25744680851064,1.1539619240291934,2580.936170212766,67.82086515395736,5.982127659574469,2.3996058880848246,13.771914893617023,3.030854835863589,6.682978723404259,R
694819,CH,106,0.03425985778926956,92.34811320754717,1.362297158833841,2100.2169811320755,133.3720185344081,5.275471698113207,2.578872818398978,-16.336981132075476,1.9970564862227658,7.465094339622643,R
694819,CU,398,0.1286360698125404,87.5680904522613,1.4400398370711611,2342.9095477386936,191.32314536916624,-8.641507537688442,2.2186082138908727,6.247839195979899,2.5152838308818297,7.296482412060301,R
694819,FC,226,0.07304460245636717,95.98761061946901,1.2263139161904184,2576.592920353982,112.776367671651,7.091150442477876,2.038745475787561,1.407079646017699,1.9280662420229027,7.549115044247787,R
694819,FF,1818,0.5875888817065288,100.00198019801981,1.7440886670806148,2607.9389438943895,79.5439125555235,15.644950495049505,1.5357590945350759,-10.359009900990099,1.9766602668589401,7.558140814081408,R
694819,SL,546,0.17647058823529413,93.51227106227105,1.9149377951823794,2493.0714285714284,115.12495177686358,5.484175824175824,3.2785850828026293,2.8246153846153845,2.1017195097517503,7.523626373626373,R
694851,CH,201,0.383587786259542,87.90696517412937,1.0287133924379013,943.9601990049752,134.6444518276197,0.8155223880597015,3.3466302231866414,-8.379104477611941,3.1485414391476336,6.628855721393036,R
694851,FF,240,0.4580152671755725,94.56666666666666,0.8823071063108254,2272.475,106.19749207102649,16.1975,1.9137906261316717,-6.173,2.500343942867857,6.605833333333334,R
694851,SL,75,0.1431297709923664,86.59733333333335,1.325832052196141,2350.04,320.0997074392645,2.2928,1.826994696659413,4.1504,2.063529801879111,6.617333333333335,R
694918,CH,15,0.029644268774703556,83.18,0.9540889446407579,1538.0,160.90192221172677,6.4559999999999995,2.9478437640320863,-12.935999999999998,2.21742708045673,6.753333333333333,R
694918,FF,200,0.3952569169960474,95.9795,1.446371217389389,2244.345,92.49694263587811,17.4696,1.310363730239676,-6.63,2.1796343799249347,6.636,R
694918,SI,72,0.1422924901185771,94.8138888888889,1.4284144224028001,2135.652777777778,92.11461931076317,12.778333333333332,1.6367048655458345,-15.308333333333334,2.1457583445578017,6.6819444444444445,R
694918,SL,68,0.13438735177865613,88.19558823529411,1.8830297770752487,2497.6176470588234,128.9130251066285,1.7982352941176472,3.4723328392876502,4.268823529411765,2.381419073622747,6.6073529411764715,R
694918,ST,147,0.29051383399209485,82.96598639455782,1.2513826106230614,2849.469387755102,150.81674020136177,5.271836734693878,3.2296229519121935,14.303673469387753,3.8740775449330282,6.57687074829932,R
694973,CH,621,0.12363129603822418,88.75636070853461,1.0320253929119094,1826.415458937198,129.9956873453029,5.895072463768116,2.2608612838342235,-16.053719806763286,2.750813107723458,6.664734299516908,R
694973,CU,161,0.03205255823213219,83.62173913043478,1.595920410459663,2439.223602484472,109.25846506994776,-3.0447204968944104,2.2774651649673485,6.609689440993789,2.497109434516299,6.586335403726709,R
694973,FF,1996,0.3973720883933904,97.65656312625251,1.071261412568469,2224.8972945891783,122.17648179767058,12.164729458917835,1.7668847107002124,-13.383006012024047,2.1957636546385193,6.735789473684211,R
694973,FS,637,0.12681664344017518,93.59576138147567,0.8786769604543576,1666.7252747252746,116.96237181218697,0.561193092621664,3.228383723688,-13.330172684458399,2.4085198882081493,6.6492935635792785,R
694973,SI,539,0.10730639060322517,97.19647495361781,0.9738431344830085,2231.430426716141,118.23728694522306,6.775658627087198,1.97757570089356,-17.378404452690166,1.8852634477283887,6.693296089385475,R
694973,SL,290,0.057734421660362335,85.83068965517242,1.2559572399066494,2318.5689655172414,107.62557035105462,4.923310344827586,3.9224439904694783,3.522206896551724,2.498924465936789,6.689655172413793,R
694973,ST,779,0.15508660163249055,84.34480102695764,1.202293461817036,2342.2028241335047,118.66333505817919,5.646007702182285,2.3845377783530797,11.133504492939666,3.3712628614733458,6.665468549422336,R
694978,FF,15,0.45454545454545453,93.9,1.2524262168173543,2202.6,69.93139495248182,18.136000000000003,1.1446072314491613,-4.648,2.3976273986708487,6.579999999999999,R
695001,FF,18,0.07563025210084033,95.53888888888888,0.9049789655591864,2118.777777777778,57.711815036188575,9.466666666666665,1.8044128913175448,-6.720000000000001,2.480531252396883,6.194444444444445,R
695001,SI,56,0.23529411764705882,93.85178571428571,1.2418448258250991,1937.1785714285713,89.04791501675471,4.090714285714285,1.9937574003445284,-13.750714285714285,2.1001124274172103,6.232142857142857,R
695001,SL,74,0.31092436974789917,87.4418918918919,1.2577438767036042,2326.5405405405404,101.4504655686083,2.5362162162162165,2.2063809720231986,4.313513513513514,1.6143605820435467,6.154054054054055,R
695001,ST,90,0.37815126050420167,82.64999999999999,1.1180088641082948,2785.711111111111,102.5758414342411,2.5093333333333336,2.362537580701039,16.892,3.350116281731665,6.1,R
695034,CH,19,0.09090909090909091,88.88947368421051,0.9660312491162002,1725.9473684210527,122.71035167970437,1.471578947368421,1.6946230756191931,-16.446315789473687,1.3281407661602902,6.38421052631579,R
695034,CU,17,0.08133971291866028,76.84117647058824,1.3951069956859106,2608.3529411764707,82.41127135931603,-12.247058823529413,1.8490665371542288,15.734117647058824,2.5976890182033183,6.158823529411766,R
695034,FF,42,0.20095693779904306,95.07857142857144,1.0442725824615124,2320.0476190476193,103.4073055825909,14.359999999999998,1.543970175372253,-12.154285714285715,1.9901135435889845,6.207142857142857,R
695034,SI,72,0.3444976076555024,93.96111111111111,0.8409510972962804,2077.0555555555557,90.63141402481655,4.051666666666666,1.759083468141101,-17.096666666666668,1.5102541526623268,6.23888888888889,R
695034,SL,33,0.15789473684210525,88.44242424242424,1.4476339106949452,2134.6363636363635,81.44546418532855,5.363636363636363,1.8877331282880965,1.698181818181818,2.041349820807078,6.245454545454545,R
695034,ST,26,0.12440191387559808,81.58846153846153,1.0915409009567805,2496.846153846154,70.61313889507663,3.4984615384615383,2.2021729129342997,13.633846153846154,3.0526409247378923,6.06923076923077,R
695049,FF,34,0.576271186440678,92.23529411764706,1.0733358798034471,2231.764705882353,76.26987920636363,16.623529411764707,1.456641804835212,-5.738823529411765,2.3682390398210695,6.564705882352941,R
695076,CH,268,0.20647149460708783,86.21082089552239,1.14053443580723,1953.2350746268658,136.99074834529574,0.1208955223880597,2.1131496497472835,-17.559402985074627,2.3686162022158204,6.198501872659177,R
695076,FF,283,0.21802773497688752,93.3243816254417,1.0467812312246323,2240.4134275618376,91.4244374460332,13.468409893992932,1.9950381574874299,-10.760565371024736,2.161777497506545,6.155673758865248,R
695076,SI,394,0.3035439137134052,92.68045685279188,1.0183301176011048,2260.296954314721,76.85633563069516,6.801015228426396,1.7241145486500429,-17.421319796954315,2.063595588392142,6.235969387755102,R
695076,SL,351,0.27041602465331277,84.80626780626781,1.2691799498958949,2759.994301994302,95.04224607440914,-0.7309401709401708,1.9886003618795303,2.5292307692307694,1.7591118638251948,6.071181556195965,R
695239,CH,38,0.1386861313868613,86.97631578947367,1.0424592053788437,1320.8947368421052,119.84444635819321,8.058947368421052,3.648380454818411,9.101052631578945,3.9833245584179546,6.463157894736843,L
695239,CU,23,0.08394160583941605,80.94347826086957,1.3829566768198016,2603.1304347826085,84.46801672705695,-4.330434782608696,2.6005095274525605,-5.358260869565217,1.6163023236947434,6.269565217391305,L
695239,FF,89,0.3248175182481752,94.50786516853934,1.0908946202649379,2218.483146067416,78.49552858712147,17.336629213483143,1.3451841237779112,4.3658426966292145,2.3867021794007486,6.378651685393257,L
695239,SI,62,0.22627737226277372,94.7209677419355,1.2071015409193624,2098.2580645161293,71.50671996023294,12.70258064516129,1.6837681545592238,14.020645161290323,2.0975894603464544,6.414516129032256,L
695239,SL,62,0.22627737226277372,85.8741935483871,1.2262077330321552,2374.7580645161293,71.85132315285114,3.418064516129033,1.9129471200987298,-2.7367741935483867,2.0179333480954953,6.4403225806451605,L
695243,CH,41,0.02399063779988297,94.26341463414633,2.308003043494632,2065.6341463414633,171.46628766284655,4.782439024390245,2.574490998710041,-14.5609756097561,2.2044770410213492,6.63170731707317,R
695243,FF,835,0.4885898186073727,101.22095808383233,1.2643911310562432,2538.8994011976047,104.09093486689198,16.7282874251497,1.770398297873974,-7.602826347305389,2.5792341105271746,6.742155688622755,R
695243,SL,832,0.48683440608543005,87.81670673076923,1.1138758215794464,2406.5415162454874,98.15922838785067,-2.6578846153846154,2.263012984952555,9.234663461538462,2.7647310089896395,6.748798076923077,R
695378,SI,19,0.4318181818181818,94.4157894736842,2.6124197293132805,2000.578947368421,99.7008390633776,9.391578947368421,2.680848255388778,-15.296842105263158,1.9646346921716031,6.363157894736842,R
695378,ST,18,0.4090909090909091,83.0888888888889,3.5942583115932996,2455.4444444444443,133.61059407724076,5.846666666666667,2.8767056321628823,11.946666666666667,5.932736696153164,6.144444444444445,R
695380,FF,154,0.3623529411764706,97.70584415584416,0.8970712705480797,2286.3571428571427,104.30057611252343,14.023636363636365,1.9347019557942282,-1.9667532467532467,2.349480510823834,6.43116883116883,R
695380,SI,65,0.15294117647058825,97.53230769230768,0.9029652007946671,2148.1692307692306,77.73785460418586,9.404307692307691,2.1853274706199417,-12.483692307692309,2.720668328526312,6.398461538461538,R
695380,SL,200,0.47058823529411764,88.34200000000001,1.0727956246467947,2366.735,87.39355204875525,-3.5010000000000003,2.0099088706560075,4.209,1.6638971629413342,6.485,R
695418,CH,340,0.10490589324282629,85.89941176470589,1.1055770158221816,1955.0735294117646,134.5642498969855,5.096117647058824,2.688363471930421,-17.541882352941176,2.0702565609137067,5.529117647058824,R
695418,FF,1438,0.44369021906818884,94.68796940194714,1.1843275653061993,2354.323816155989,111.13035452658201,10.448595271210015,2.0152411893150486,-15.661502086230875,2.094170314928764,5.60041782729805,R
695418,SI,641,0.19777846343721073,94.32745709828393,1.0998556404352309,2255.9703125,94.4322001852497,4.326926677067083,2.013650775625666,-18.414477379095164,1.5173068503118017,5.564375,R
695418,SL,658,0.20302375809935205,85.39999999999999,1.3572512287787066,2528.197568389058,98.538191655715,-0.23398176291793304,2.560801864933662,1.1323404255319147,1.8946258192701735,5.394072948328267,R
695418,ST,163,0.05029311940759025,83.1355828220859,1.367916365467193,2676.7654320987654,84.99569175854735,0.05521472392638035,2.902542805465519,10.970061349693252,3.2994226013631267,5.187037037037037,R
695445,CH,39,0.057777777777777775,85.74615384615386,0.9800231344869125,1626.657894736842,148.9125040247042,-4.880000000000001,1.6435904215114574,-12.963076923076922,2.4508539369458386,6.002564102564103,R
695445,FF,139,0.20592592592592593,89.54100719424461,0.9140460259905011,2470.8529411764707,77.10901656570292,6.153669064748201,1.3504031303007005,-4.6351079136690645,2.178580633170775,5.9640287769784175,R
695445,SI,257,0.38074074074074077,89.03035019455253,0.9827481963909815,2390.8844621513945,82.8873367747424,-1.0800000000000003,3.118467171544379,-9.366070038910506,2.6714358050869182,5.937354085603113,R
695445,ST,240,0.35555555555555557,79.99541666666667,1.0805332604402853,2967.6260869565217,114.17946961500765,5.1635,2.6310246345511596,18.756500000000003,2.485887413844324,5.7820833333333335,R
695505,CH,144,0.056009334889148193,90.46875,1.367273267789285,1745.9722222222222,195.1066391018015,9.034166666666668,2.7176500286684595,-14.813333333333333,2.0606903588954735,6.2756944444444445,R
695505,CU,18,0.007001166861143524,84.57222222222222,1.8879822891603102,2705.0555555555557,103.23159127858341,-4.0,2.283526684242393,3.1399999999999997,1.9809088823063012,6.338888888888889,R
695505,FF,1475,0.573706728899261,98.09993220338984,1.2059638080767612,2604.08813559322,105.99837606079491,18.515877966101694,1.5484316348610505,-3.6404338983050843,2.19343978763286,6.379537729435757,R
695505,SL,925,0.35978218591987554,90.65091891891892,1.4597158143180673,2766.797837837838,100.20957042108306,0.8143135135135136,2.5296833659384985,3.5444756756756757,2.045043281832936,6.325405405405405,R
695534,CH,100,0.19120458891013384,87.546,1.3591010100634742,1814.7,268.71044458729745,2.6772000000000005,3.5942861726508495,-15.739200000000004,2.282883025713519,6.487999999999999,R
695534,FF,94,0.17973231357552583,96.81276595744683,1.1975992151462722,2342.053191489362,132.98729561938046,13.405531914893613,1.7607877129109653,-15.26808510638298,1.826211353227637,6.380851063829784,R
695534,SI,156,0.2982791586998088,96.22692307692309,1.229074981509956,2119.4551282051284,125.38191169376648,11.282307692307691,2.2540995902530914,-15.227692307692308,1.6161993833219108,6.375,R
695534,SL,97,0.18546845124282982,90.4020618556701,1.9823165836466907,2332.556701030928,162.38893442084273,2.455670103092784,2.3863399918496593,-0.8622680412371134,3.443225082545747,6.444329896907217,R
695534,ST,76,0.14531548757170173,83.8671052631579,1.9355886724125895,2379.934210526316,169.51918951562706,2.7347368421052636,2.9408449913516175,11.49157894736842,3.598019104129967,6.359210526315789,R
695549,CH,158,0.1671957671957672,85.37784810126583,1.370323473724246,1822.873417721519,103.535017257138,6.804303797468354,2.0684420941684984,-16.162025316455697,2.037192010091145,6.060126582278481,R
695549,CU,78,0.08253968253968254,81.44743589743591,1.625744533450839,2921.025641025641,106.2657749156092,-10.764615384615384,2.9262589442138247,10.48923076923077,1.981681543099632,6.033333333333333,R
695549,FF,296,0.31322751322751324,96.45641891891891,1.136733059095609,2375.814189189189,108.03858037216096,17.682567567567567,1.576105959451695,-7.382027027027027,2.133028390463029,6.0206081081081075,R
695549,SI,124,0.1312169312169312,95.20241935483872,1.3740015567663413,2406.548387096774,94.39945869683491,9.85935483870968,2.195661554448616,-16.155483870967743,2.363352777164517,6.037903225806452,R
695549,SL,285,0.30158730158730157,88.77929824561403,1.4424254071190457,2727.6736842105265,103.59989825147912,1.440421052631579,2.836153880905432,6.047578947368421,1.5742393976919034,5.976842105263159,R
695611,CH,67,0.07469342251950947,88.03134328358207,1.2606166066079416,1521.2686567164178,254.40867755411747,8.124179104477612,3.2090790471834616,13.013731343283583,2.8921172048743093,6.573134328358209,L
695611,CU,110,0.12263099219620958,82.77818181818182,1.4774998606424627,2629.4,104.94430152237113,-11.583272727272726,2.4355554757377553,-7.312363636363637,2.7830601358516263,6.3963636363636365,L
695611,FF,436,0.48606465997770343,96.33119266055044,1.3306776251620558,2356.3073394495414,75.69461962558185,16.44963302752294,1.6052554072461123,8.542018348623852,2.1174453399034046,6.49151376146789,L
695611,SL,213,0.23745819397993312,87.35821596244129,1.1512464985006625,2299.2018779342725,95.22258728123384,2.3436619718309863,2.176556852980088,-5.11718309859155,1.598640799240409,6.397183098591551,L
695611,ST,61,0.06800445930880714,84.13114754098362,1.392664231321457,2512.688524590164,105.58149158882071,3.131803278688525,3.9419409382505646,-13.532459016393442,2.84557706844482,6.368852459016394,L
695684,CH,32,0.10062893081761007,87.6,1.2176126827367117,1298.96875,217.40574292426504,2.37,4.037655020493471,-10.1775,3.2049628853973013,6.703125,R
695684,CU,29,0.09119496855345911,77.30344827586208,1.5532184922698633,2318.310344827586,119.41228204606207,-10.17103448275862,1.594773483305447,13.216551724137931,1.7144600896535265,6.451724137931035,R
695684,FF,68,0.2138364779874214,95.23529411764706,1.1791427072852492,1916.5,141.28224107010422,11.641764705882352,1.7395203843850051,-10.020000000000001,2.0132753442935463,6.592647058823529,R
695684,SI,132,0.41509433962264153,95.06742424242422,1.261012328826971,1884.2954545454545,114.52842166245941,5.994545454545454,1.7859828964228797,-16.396363636363635,1.521963011621481,6.5977272727272736,R
695684,ST,52,0.16352201257861634,80.19615384615385,1.30653884005534,2420.0384615384614,139.24037074299088,-3.2007692307692315,1.9622874268825548,16.770000000000003,2.9773616429552483,6.655769230769232,R
695740,FF,18,0.6206896551724138,92.21111111111111,0.6369863687606897,2227.277777777778,63.68840097145362,14.800000000000002,1.2692934579335626,-4.76,1.6566443759103204,6.044444444444444,R
695766,CH,18,0.26865671641791045,83.05555555555556,0.8060230782145024,2163.1111111111113,85.65518348305804,6.566666666666666,2.519766562483867,17.50666666666667,1.981609565627961,6.688888888888888,L
695766,FF,33,0.4925373134328358,93.0090909090909,0.9084202071328407,2263.787878787879,58.8226984121338,18.37818181818182,1.5385412217126622,4.858181818181818,1.5470000293823822,6.6,L
696062,CH,34,0.11147540983606558,87.3558823529412,1.85230260903469,1265.0588235294117,85.2813316373912,4.380000000000001,1.6855104433213859,-13.905882352941177,1.7704889200564855,6.738235294117646,R
696062,FC,61,0.2,91.65245901639345,1.139240471743791,2206.7377049180327,90.61455027373626,8.54950819672131,2.015578019848986,0.21442622950819656,2.2575861183944266,6.6573770491803295,R
696062,FF,149,0.4885245901639344,98.06845637583893,1.3589089049437513,2302.261744966443,80.69741581089286,16.402953020134227,1.4926131191483127,-10.179865771812082,2.0506749009603213,6.675167785234899,R
696062,SL,61,0.2,87.76393442622951,1.2528677486584197,2215.8032786885246,99.89691681463968,1.9140983606557378,1.7117606696509693,5.2327868852459005,1.8351604209146957,6.691803278688523,R
696070,CH,60,0.17543859649122806,88.68833333333332,1.3605945443534206,1369.75,248.9670609892544,4.2299999999999995,2.190254222532634,8.262,2.780819779142078,6.844999999999999,L
696070,FF,144,0.42105263157894735,95.98472222222222,1.080424640971042,2219.5486111111113,148.4792293100925,16.1775,1.6297974905306059,6.418333333333333,2.83172783252249,6.686805555555556,L
696070,SI,46,0.13450292397660818,94.70217391304347,1.3233776869871492,2023.9565217391305,120.76146488415161,10.379999999999997,2.0721003836687064,15.185217391304347,1.7920190216381755,6.663043478260871,L
696070,SL,92,0.26900584795321636,88.62826086956522,1.479109182973075,2370.967391304348,139.16955040580137,5.740434782608696,2.348566040427521,-4.197391304347827,1.8717546974419703,6.700000000000002,L
696131,CH,18,0.044226044226044224,88.1611111111111,1.087435671600524,1365.111111111111,132.10908544652156,1.6133333333333333,3.087858576462869,-15.473333333333333,2.832392462005138,6.55,R
696131,FC,29,0.07125307125307126,90.72413793103448,1.1960217306953773,2240.310344827586,103.7435379909363,7.9448275862068956,2.0395913818522837,-3.9682758620689653,2.492488814941972,6.572413793103447,R
696131,FF,103,0.25307125307125306,93.81844660194172,1.187083059751146,2170.9320388349515,111.37124476061085,14.39650485436893,1.9355587472851068,-12.272621359223297,2.054288656600467,6.685436893203883,R
696131,SI,103,0.25307125307125306,93.87572815533983,1.1193893660505072,2119.669902912621,79.41062164712373,9.08504854368932,2.0426025660217033,-16.278058252427183,1.73877918534727,6.671844660194175,R
696131,SL,42,0.10319410319410319,86.85238095238097,1.1645658869270523,2455.0238095238096,117.32391852603756,0.74,2.0848583036603383,0.26571428571428574,1.388224243601389,6.5,R
696131,ST,98,0.24078624078624078,82.77448979591837,1.4268638542824224,2637.030612244898,100.10936844855073,-3.478775510204082,2.688228353589693,13.983673469387753,3.169060932081874,6.394897959183674,R
696136,CH,104,0.2619647355163728,82.97692307692309,0.9749514072263175,1489.1442307692307,85.93985459127522,6.4569230769230765,2.1504043769292913,12.800769230769228,1.9021825442542106,6.232692307692308,L
696136,FF,155,0.3904282115869018,93.82967741935482,1.094150574501338,2316.5935483870967,81.54782651949996,15.791225806451616,1.5682914582535357,3.5519999999999996,2.0504514548828436,6.245161290322581,L
696136,SI,37,0.09319899244332494,93.33783783783784,0.8926711947082542,2175.2702702702704,71.53035433710357,9.843243243243245,1.9688547912909138,13.806486486486488,1.4740273934892651,6.235135135135136,L
696136,SL,64,0.16120906801007556,86.5015625,1.0162945747658059,2497.5625,106.65087308671565,1.0706250000000002,1.8228147386469562,-3.71625,1.6801317975512686,6.303125,L
696136,ST,27,0.06801007556675064,82.57407407407409,1.0132174922541002,2800.814814814815,78.2432287741428,-1.8844444444444444,2.7707779153895133,-13.324444444444444,2.103486726902837,6.388888888888889,L
696146,FF,51,0.5930232558139535,95.28039215686275,1.2354787910511664,2257.372549019608,95.89931402972886,14.148235294117649,1.5427828180043397,8.051764705882352,2.0323982935264957,6.6,L
696146,SL,27,0.313953488372093,81.97777777777777,2.884885457442652,2350.4444444444443,211.80312580923845,-3.9555555555555553,2.574677475445051,-4.102222222222223,3.245813082126351,6.574074074074075,L
696147,CH,139,0.1318785578747628,91.5546762589928,1.1264425869429195,1847.1223021582734,157.84511122201616,-1.4771223021582733,2.708666243424451,-15.21755395683453,2.3646336976879687,6.26546762589928,R
696147,FF,21,0.019924098671726755,97.96666666666667,1.5907021510431583,2291.5238095238096,95.53304090607554,12.977142857142857,2.1400026702253037,-11.725714285714284,1.7131624891660788,6.1952380952380945,R
696147,SI,338,0.3206831119544592,98.23639053254436,1.3525472138620982,2345.359050445104,103.8446578356365,8.767100591715975,2.2065296668887515,-16.44355029585799,1.5364954339441004,6.249704142011835,R
696147,SL,552,0.523719165085389,88.40271739130435,1.306069819614512,2671.4036363636365,108.10007163579273,-1.443695652173913,2.330121415119964,2.121739130434783,1.4813472619233998,6.13623188405797,R
696149,CH,379,0.18107978977544195,91.8179419525066,1.2601524165844744,2047.710027100271,165.52592379472492,7.038205804749341,2.148860396850247,-16.86079155672823,1.9211180624510333,6.642744063324538,R
696149,CU,83,0.03965599617773531,85.48072289156626,1.2455244591624945,2421.1625,102.99937860817843,-3.2096385542168666,1.761325336482295,1.328674698795181,1.5767709912166339,6.5771084337349395,R
696149,FF,1030,0.4921165790731008,98.62097087378642,1.2382418918086826,2410.4199395770393,86.22605958764714,17.77852427184466,1.6003722103786935,-7.907766990291262,2.401667922221445,6.611953352769679,R
696149,SI,114,0.05446727185857621,97.99473684210525,1.2874370578489198,2306.5789473684213,114.68740853623935,12.600000000000001,2.301611593906222,-13.933684210526316,2.0761763967370293,6.606140350877193,R
696149,SL,385,0.18394648829431437,89.92259740259739,1.6719448214372195,2413.0785907859076,100.54469481046954,2.410909090909091,2.441698831104725,2.0200519480519477,1.638612534725961,6.642857142857143,R
696149,ST,101,0.0482560917343526,87.64158415841585,1.473178015497969,2504.960396039604,105.7045808649823,1.1073267326732672,3.0735409192295164,8.83009900990099,2.2676677424391367,6.530693069306931,R
696263,FF,24,0.8571428571428571,93.08750000000002,0.7415099166712061,2368.875,79.87724957708546,13.1,1.5107268622004155,-13.19,1.860687110112587,6.4875,R
696270,FC,389,0.340630472854641,90.29151670951155,1.6349453828809017,2509.6912928759893,95.87241965190694,8.284935732647813,2.351173496973239,2.8260154241645243,2.277738480903887,6.3125,R
696270,FS,232,0.2031523642732049,84.87758620689655,1.6946356007637826,1808.816593886463,320.75768506842167,1.7906896551724139,3.073526035822624,-12.604137931034483,2.9005299020169404,6.059388646288209,R
696270,SI,296,0.2591943957968476,92.84864864864865,1.6016722822920342,2200.4329896907216,90.73142335370667,5.408513513513514,2.1213664815324362,-13.042702702702702,3.050170897039248,6.2761245674740485,R
696270,SL,16,0.014010507880910683,86.49375,0.9320005364805335,2534.8125,67.55562522839975,2.1075,1.252429638742233,7.177499999999999,0.8176674140504805,6.45625,R
696270,ST,203,0.1777583187390543,80.56798029556651,2.225061876902631,2438.0495049504952,129.06771536293434,5.286502463054187,3.30420869988862,10.65694581280788,2.4123766129673423,6.2445,R
696519,FF,266,0.7710144927536232,94.67406015037595,1.0160801763001606,2296.9473684210525,106.60219232334296,19.09894736842105,1.692268439902831,6.036992481203007,2.2954596645642384,6.807142857142857,L
696519,SL,75,0.21739130434782608,84.932,1.333980023352188,2540.1866666666665,101.03754899197776,7.3936,2.1396240134469697,-6.6384,2.2428402842245676,6.593333333333334,L
696522,FF,21,0.44680851063829785,94.5,0.6708203932499371,2325.2380952380954,43.06843944456865,16.617142857142856,1.5196089722594524,-11.377142857142857,1.612479900206954,5.947619047619047,R
696522,SL,18,0.3829787234042553,87.94999999999999,1.179855424842133,2333.6111111111113,62.317157385227084,5.18,2.176894712253051,4.94,2.086697362425357,5.866666666666666,R
697812,CH,17,0.05,87.65882352941176,0.767348375519076,2014.1764705882354,95.79420343509676,1.6729411764705882,2.926029230685082,16.82823529411765,2.1325461170104787,6.941176470588235,L
697812,FF,128,0.3764705882352941,93.5546875,1.171704416718432,2317.6640625,92.92976582071067,12.910312500000002,1.795081617033338,12.883125,2.0797008226692184,6.913281249999999,L
697812,SI,84,0.24705882352941178,93.56428571428573,0.8469140092539302,2306.6071428571427,110.62103090500183,6.287142857142857,1.715765712253848,18.41142857142857,1.5748085696303118,6.78690476190476,L
697812,SL,111,0.3264705882352941,85.33153153153152,1.4261825703593225,2540.063063063063,78.4645002856566,-2.0118918918918918,2.482260521640969,-4.048648648648649,2.0717557273027616,6.82972972972973,L
699008,FF,47,0.5662650602409639,99.16595744680849,0.8312579769462773,2172.723404255319,80.19750135098799,14.435744680851062,1.5765506440945705,-6.827234042553194,1.611374922134969,6.4191489361702105,R
699008,SL,19,0.2289156626506024,88.12105263157895,0.5855471774981285,2311.7368421052633,123.65626286213424,3.858947368421053,3.716183667774183,5.418947368421052,1.8809627993747189,6.457894736842105,R
699044,FF,39,0.7358490566037735,95.25641025641026,0.9552610202107799,2562.4871794871797,65.76748188439562,20.27076923076923,1.1703876654550804,-4.716923076923078,1.7095492693846064,6.992307692307692,R
699134,CH,335,0.39227166276346603,89.39014925373134,1.250122739527672,1787.6616766467066,98.13490086177488,8.57910447761194,2.5475968077856765,-16.647402985074624,2.389759114333903,6.403283582089551,R
699134,FC,19,0.02224824355971897,89.65263157894738,1.7905208494403797,2437.0,97.49358953285082,3.2273684210526317,3.01380682508806,6.322105263157895,2.5405676945372497,6.336842105263158,R
699134,FF,219,0.25644028103044497,98.11780821917806,1.072467248800004,2388.123287671233,136.42401640972832,16.883835616438354,2.3169023709917735,-7.544657534246576,2.5324518066137833,6.236073059360731,R
699134,SI,226,0.2646370023419204,97.86106194690265,1.0431945490926597,2256.734513274336,92.83668026992252,11.765309734513275,1.8699057947971416,-14.841238938053097,1.9302629102417286,6.184070796460176,R
699134,SL,55,0.06440281030444965,88.16181818181819,1.6569149052884409,2569.2363636363634,82.68300995174361,3.837818181818181,2.819597220322166,3.7090909090909085,2.150010570798538,6.22,R
699151,CH,36,0.24324324324324326,83.94166666666666,0.6669225699327581,1808.1944444444443,138.36118767186213,3.413333333333334,3.396105332372868,-12.293333333333333,3.510246226609833,6.725,R
699151,CU,28,0.1891891891891892,79.00714285714285,0.78924650959637,2745.285714285714,98.10231134924138,-6.921428571428573,2.5699916620209384,16.225714285714286,3.160482181415934,6.557142857142857,R
699151,FC,29,0.19594594594594594,87.85862068965517,1.416614989881389,2432.6206896551726,79.56731821595358,8.350344827586207,2.3463687488156504,0.72,2.392918122890364,6.686206896551725,R
699151,FF,27,0.18243243243243243,91.74074074074075,0.7972352510922022,2430.5925925925926,61.73470490067795,16.764444444444443,2.1854436855165367,-8.004444444444445,1.6617074937761445,6.814814814814816,R
699151,SI,28,0.1891891891891892,91.14285714285715,0.5705283914956759,2326.8214285714284,84.14936172880385,7.38,2.3441274140569517,-15.102857142857143,2.2418359822762617,6.778571428571429,R
699823,FF,251,0.6212871287128713,96.22310756972112,0.9572585358107132,2420.3505976095616,61.02160756356255,18.668844621513944,1.5327600789950646,-7.658486055776892,2.279809662845734,6.815139442231075,R
699823,FS,25,0.06188118811881188,86.324,1.0125380651280895,1230.52,134.74733145162222,4.2816,2.413392632788954,-13.017599999999998,2.0561478546057916,6.84,R
699823,SL,128,0.31683168316831684,87.203125,1.5149614740040545,2565.421875,90.8808694451278,-0.08812500000000004,2.957634123129366,6.253125,1.499044183660685,6.764843750000001,R
699911,FF,98,0.5268817204301075,93.66428571428571,0.9995101893210998,2365.8673469387754,71.56204686600006,14.50530612244898,1.4899845734215822,-7.261224489795919,2.08083412364266,6.8959183673469395,R
699911,FS,50,0.26881720430107525,84.49799999999999,1.2744730803956046,1114.88,218.80357792843725,6.734399999999999,3.2355652188936457,-3.8183999999999996,2.901014150610234,6.854000000000001,R
699911,SL,38,0.20430107526881722,81.97894736842103,1.1035955719122106,2207.5789473684213,60.084009465552604,-1.9042105263157898,1.5161413176288474,1.7210526315789476,1.1984670151256727,6.763157894736841,R
700187,FF,64,0.47058823529411764,96.37812500000001,0.7885024483862503,2409.203125,93.02997975349939,14.319374999999999,1.42725385668723,-13.9725,1.7193852722079812,6.234375,R
700187,SI,19,0.13970588235294118,96.1157894736842,0.5610141193457285,2202.2105263157896,114.78703902220572,9.6,1.8382600468921693,-17.570526315789476,1.4785483634828773,6.473684210526316,R
700187,ST,51,0.375,84.93333333333334,0.9611798305554826,2826.627450980392,111.72268539277307,-5.15764705882353,1.6478914870042798,14.602352941176466,2.2102801525917877,5.986274509803922,R
700241,CH,498,0.15243342516069788,87.12048192771084,1.0876581125026632,1735.3112449799196,173.84137151077908,2.296626506024096,2.400032835343006,-13.80457831325301,2.673005362677934,6.722690763052208,R
700241,CU,380,0.11631466176920723,78.79552631578947,1.4550996617726486,2522.0526315789475,63.30653630732503,-11.97094736842105,1.6194719317086053,12.191684210526317,2.213972969939648,6.656052631578948,R
700241,FC,349,0.10682583409856138,87.59713467048711,1.35963688385895,2311.8624641833812,66.80997667688206,6.364813753581663,1.7806946152874568,1.5813180515759315,2.0131188944111753,6.671346704871059,R
700241,FF,832,0.25466789103152737,92.27175480769232,1.2271430028465886,2237.3185096153848,65.47290337962559,12.929278846153846,1.845562788524713,-8.825336538461539,2.140409979557357,6.706009615384615,R
700241,SI,633,0.19375573921028466,91.15813586097946,1.2697930412427598,2192.303317535545,65.96484203381497,4.667488151658768,2.296990913474426,-12.81345971563981,2.6371116377410746,6.747709320695103,R
700241,SL,81,0.024793388429752067,83.45925925925926,1.0556725081408747,2411.259259259259,58.01115793056061,-2.265185185185185,2.1663558751455816,3.6977777777777776,1.5384017680697069,6.707407407407408,R
700241,ST,494,0.1512090602999694,82.87530364372468,1.484004439814904,2463.253036437247,54.91086951749195,-0.6094736842105264,2.6258884570676733,13.298623481781377,2.9024295145886656,6.598785425101215,R
700249,CH,322,0.14153846153846153,83.72360248447205,1.1860831388252873,1160.9596273291925,236.82670080765178,3.887701863354037,5.08769209971396,11.207701863354037,3.9412647603069804,6.240683229813665,L
700249,CU,499,0.21934065934065933,78.48216432865733,1.8059980734250412,2556.478957915832,86.66867308140235,-14.71623246492986,1.713264643018177,-9.636793587174349,2.2401726795082153,6.11442885771543,L
700249,FC,33,0.014505494505494506,91.4969696969697,0.5725408547021161,2478.6969696969695,65.02715050677142,14.978181818181817,1.6421964227549306,1.2254545454545454,2.223394211151459,6.245454545454545,L
700249,FF,864,0.3797802197802198,92.18229166666667,0.8483089732737316,2373.3622685185187,82.46771628569914,17.69152777777778,1.552089901699857,9.982083333333334,2.5323015079170257,6.214351851851853,L
700249,SI,270,0.11868131868131868,91.83444444444444,0.9435550639004299,2206.32962962963,91.96996566002097,12.480444444444446,1.7393499049063261,15.657333333333332,1.5373308593154946,6.240000000000001,L
700249,SL,84,0.036923076923076927,85.43571428571428,1.7972296523838895,2232.8571428571427,562.8179988485468,7.288571428571428,4.762229189177918,-3.9971428571428578,2.9228722346055225,6.177380952380953,L
700249,ST,203,0.08923076923076922,82.68669950738916,1.3917616315160264,2456.783251231527,83.2743427097062,-0.2914285714285714,3.5951820660008975,-10.352512315270936,2.4001796742966954,6.094581280788178,L
700270,FF,80,0.5594405594405595,95.6925,1.5089417030790615,2196.25,85.59094652229452,16.5945,1.8225117596120062,-8.4765,2.2266709555531095,5.9662500000000005,R
700270,SL,50,0.34965034965034963,84.06400000000002,2.9571608004976673,2658.0,136.28691224391136,-1.2984,5.774150475549257,0.7872,1.221399398147845,5.734000000000001,R
700327,FF,29,0.5686274509803921,94.59310344827585,1.0302326486502102,2229.448275862069,82.93223834936248,15.314482758620688,1.830432396626734,8.867586206896553,1.6886546952538743,6.275862068965518,L
700363,CU,108,0.1518987341772152,77.30555555555557,1.3851571882414906,2292.527777777778,82.48392177888319,-11.008888888888889,2.121803735113754,8.753333333333334,2.2067119363644765,6.784259259259259,R
700363,FF,332,0.4669479606188467,95.59728915662649,1.6683906533930224,2103.2138554216867,100.31066270422254,16.090481927710844,1.9516923656936425,-9.233493975903615,2.1680717670950793,6.844578313253011,R
700363,FS,241,0.3389592123769339,83.1883817427386,2.051734498824174,1055.4356846473029,127.05115854633836,7.32746887966805,4.478080390457779,-10.192033195020747,5.585776245568754,7.002489626556017,R
700363,SL,30,0.04219409282700422,86.93333333333332,1.30894359440479,2172.7,52.8597037057726,8.440000000000001,2.8455409763832016,1.4520000000000002,2.290180537982044,6.916666666666668,R
700413,FC,17,0.23943661971830985,87.28823529411765,1.421655000756677,2390.4117647058824,72.09980827256877,6.720000000000001,2.8384502814035693,2.138823529411765,1.890826149970368,6.276470588235293,R
700413,FF,16,0.22535211267605634,93.09375,1.1304681920926987,2364.9375,112.85475547505003,15.84,1.6015992007990016,-10.08,2.3028330378036523,6.356249999999999,R
700669,CH,91,0.06254295532646048,87.87032967032967,1.3669507432802162,1484.6043956043957,384.8208206171594,5.411868131868132,4.2053700886387615,-14.330109890109886,2.252967176614231,6.384615384615383,R
700669,CU,295,0.2027491408934708,83.3271186440678,1.078079438163697,2687.7322033898304,116.91385636336871,-15.870101694915256,1.754938509833446,1.8187118644067797,2.0177760291395876,6.177288135593221,R
700669,FF,614,0.4219931271477663,95.65960912052117,1.2441434130686446,2070.9478827361563,105.17463402129405,15.692833876221501,1.8073359975169743,-6.075048859934853,2.299312950980891,6.364983713355048,R
700669,SI,55,0.037800687285223365,95.12363636363638,0.9865697468095534,1995.0727272727272,80.53107395318823,11.945454545454545,1.9053354114966292,-13.26327272727273,1.364473924598448,6.4072727272727255,R
700669,SL,400,0.27491408934707906,89.118,1.2586446941712397,2369.395,94.65443799198718,2.2182,2.9491688239027107,1.4763,1.7993923535753016,6.349,R
700712,CH,480,0.3258655804480652,90.265,1.7170835107475122,1682.8060344827586,127.86097457315874,5.2655,2.309346300152757,-16.6555,2.0568845038584307,6.231041666666666,R
700712,FF,294,0.19959266802443992,97.29251700680273,1.363271934209745,2241.222222222222,80.79542115699411,12.541224489795917,1.6917696363078978,-8.75795918367347,2.0522967867044524,6.086054421768707,R
700712,SI,466,0.3163611676849966,97.5010729613734,1.322875219466331,2161.1774193548385,90.03785884134332,6.781802575107296,2.128198837543707,-15.697339055793991,1.8048826849131556,6.088197424892703,R
700712,ST,227,0.15410726408689748,86.20969162995594,1.5724659040918507,2462.5409090909093,124.4029142616657,-1.1154185022026433,3.2726693627235326,8.514185022026433,2.8057970364698805,6.0881057268722465,R
700842,CH,26,0.13978494623655913,86.98461538461538,1.5345858875129292,1241.0,399.2315618785669,6.613846153846154,3.406871969326792,8.289230769230768,3.318068019889795,6.5576923076923075,L
700842,FF,114,0.6129032258064516,95.2157894736842,1.006402420204086,2212.6754385964914,175.53843819860126,16.354736842105265,1.3380478519204304,2.981052631578947,1.8786416522004385,6.6,L
700842,SL,46,0.24731182795698925,87.76086956521738,1.700781292474408,2225.608695652174,266.4713016243437,3.8947826086956523,2.93358009502264,-3.2373913043478266,2.545897296333507,6.545652173913045,L
701121,CH,37,0.10422535211267606,86.52702702702705,1.222622102206894,1769.945945945946,168.80938394564478,-1.4529729729729728,2.290289725564656,-15.85297297297297,1.843645038240015,6.721621621621622,R
701121,FF,186,0.523943661971831,92.93172043010755,1.045977751461917,2316.6236559139784,98.78334622509459,13.483225806451614,1.474581139824127,-10.46516129032258,2.9448750215864394,6.715591397849462,R
701121,SI,23,0.0647887323943662,91.2826086956522,1.0718090798072724,2136.9565217391305,88.91542368548868,4.325217391304348,1.9225477167862852,-14.530434782608692,1.9338973326628877,6.7565217391304335,R
701121,ST,97,0.27323943661971833,82.32474226804123,1.0787754369186244,2407.3092783505153,118.96229802132886,7.640412371134021,2.52800642697865,11.591752577319586,2.979261307462696,6.620618556701031,R
701328,FF,37,0.5967741935483871,94.12432432432432,0.8281188204483588,2060.7837837837837,74.23167006635943,13.997837837837837,1.01556534648095,6.538378378378379,1.9217953317919412,7.024324324324326,L
701487,CH,205,0.37683823529411764,81.07951219512196,0.7640640539424826,2147.3512195121953,95.16422111985489,4.994926829268292,1.9817296909894675,-13.298926829268291,1.745320022206219,6.314634146341464,R
701487,CU,32,0.058823529411764705,77.925,1.0710260380558203,2082.53125,164.8410738775284,-10.661249999999999,2.131447713371996,1.74375,2.625529439695864,6.253125,R
701487,FC,64,0.11764705882352941,85.2875,0.9073771725877469,2173.5,106.49390771754214,8.33625,1.709665798586713,1.48875,1.6453180326524803,6.239062499999999,R
701487,FF,238,0.4375,91.88319327731091,0.8606561453106254,2281.878151260504,79.91085398060461,18.36201680672269,1.3611298234704927,-9.35142857142857,1.8527426519996995,6.2327731092436975,R
701519,CH,245,0.21341463414634146,86.82040816326527,1.5458007092507016,1948.187755102041,107.37103135407679,4.874448979591836,2.207773571237201,-15.218448979591836,1.621949609357851,6.155918367346939,R
701519,CU,27,0.023519163763066203,79.07777777777777,1.5865621598851687,2468.3703703703704,78.53521902166331,-9.048888888888888,2.3558067919559194,8.222222222222221,2.198218392827269,6.148148148148147,R
701519,FC,228,0.1986062717770035,91.06973684210527,1.1669856198988822,2506.0789473684213,89.31167469963603,8.420526315789473,2.401404817231099,3.9615789473684213,2.2863342643168334,6.112280701754385,R
701519,FF,325,0.28310104529616725,94.58769230769231,0.9067830283969774,2416.7876923076924,81.89586791399499,15.573784615384614,1.7490758096875585,-5.387076923076923,2.195826655465932,6.180307692307692,R
701519,SI,96,0.08362369337979095,94.11770833333333,0.8847235419124071,2234.8541666666665,90.86774416603816,7.21875,1.880944471605464,-13.918750000000001,1.716637625371792,6.255208333333333,R
701519,SL,227,0.19773519163763068,85.89691629955946,1.2773517983926914,2325.4273127753304,82.11931613554682,0.5693392070484582,2.2144059720855656,5.074361233480177,1.435754530716448,6.3061674008810575,R
701542,CH,476,0.10012620950778292,86.96134453781512,1.2284082464682313,1707.5084033613446,136.16513941678593,0.5848739495798319,2.3152517164217006,-14.660420168067226,2.2903888504454923,6.5710021321961625,R
701542,CU,281,0.05910811947833403,80.44982206405695,1.434750464992834,2855.2401433691757,111.7642835317288,-11.291103202846976,1.9749753687497664,12.486405693950179,2.5809386925738096,6.45431654676259,R
701542,FF,1934,0.40681531342027766,93.42032057911067,1.1549957619666253,2560.533367822038,97.69494260422488,15.383143743536712,1.712662449923151,-7.813029989658739,2.403137934419741,6.759895287958116,R
701542,SI,1103,0.23201514514093394,93.23318223028105,1.2308738320952903,2413.8511796733214,89.70173400767699,4.788902991840435,2.2217741501845834,-16.361124206708975,2.2088441693368734,6.738191881918819,R
701542,ST,960,0.20193521245267143,83.22302083333332,1.4376079510931445,3014.078125,112.16079038373746,0.26687500000000003,2.461284841481618,18.670374999999996,3.064205106605842,6.544597457627119,R
701552,CH,28,0.04612850082372323,88.18571428571431,1.1436505182688044,2012.607142857143,75.49654850374841,6.977142857142856,2.1665860790873825,-16.174285714285713,1.6628833249452442,6.007142857142858,R
701552,FF,167,0.2751235584843493,94.4814371257485,1.1566269381417082,2265.7904191616767,86.38599509537659,16.588023952095806,1.664278214520173,-3.40814371257485,2.028488850195351,6.155151515151514,R
701552,SI,32,0.05271828665568369,94.45625,1.2692231558535476,2274.09375,75.60395934972479,12.6375,1.5792178545907036,-12.344999999999999,1.9827839665643145,6.048387096774194,R
701552,SL,380,0.6260296540362438,83.00605263157895,1.4464551145051192,2328.2105263157896,85.54372360844937,3.4127368421052635,3.1140491730968116,2.6820000000000004,2.9836140363120194,6.007774798927614,R
701581,CH,256,0.29024943310657597,87.76171875,1.0317790532405093,1758.1796875,115.76493651775905,7.32984375,1.9580534489189845,-12.740156249999998,2.4680903102220073,6.877734375,R
701581,FF,278,0.31519274376417233,94.11402877697842,1.1239359794096349,2417.3093525179856,84.29639550352147,18.325899280575538,1.4377699403490536,-2.9542446043165467,2.007616176592505,7.043884892086331,R
701581,SI,112,0.12698412698412698,93.9375,1.122667752669009,2296.9285714285716,78.49527607129212,14.628214285714284,1.5896932755801385,-12.263571428571428,2.1554209292477844,6.985714285714287,R
701581,SL,236,0.2675736961451247,87.55550847457627,1.057501750882411,2594.8177966101694,68.0839645961104,2.8850847457627116,1.3871929383134645,1.62,1.6557705669001261,6.866525423728813,R
701656,CH,339,0.3610223642172524,82.1825958702065,1.5178107439793367,2527.702064896755,81.63602487783054,6.150088495575222,2.4080606116344176,-19.135575221238938,1.4934786869118477,6.123598820058999,R
701656,FC,147,0.15654952076677317,87.30748299319727,1.3357614644004674,2367.3061224489797,97.58793802099922,11.73795918367347,2.7586781971775705,1.2089795918367348,2.6687262198597583,6.1931972789115655,R
701656,FF,420,0.4472843450479233,93.03071428571428,1.0190942978263875,2354.6714285714284,90.81622263614047,17.47085714285714,1.482424714592863,-11.12,1.6708650382761772,6.164285714285715,R
701656,SL,33,0.03514376996805112,81.63636363636364,1.9910452942201906,2409.212121212121,93.1865593767945,-3.0399999999999996,2.307206102627158,9.210909090909093,8.74853857925581,6.1,R
701719,CH,24,0.06857142857142857,85.55,1.1661903789690606,1752.5833333333333,91.72781886441642,6.094999999999999,1.7432727841620201,16.025000000000002,2.1163648078722157,7.008333333333333,L
701719,FC,33,0.09428571428571429,88.76060606060607,1.5747895482292626,2304.6666666666665,100.51357702652247,7.665454545454545,2.0513853412223213,-0.05818181818181823,3.174351759164238,6.963636363636364,L
701719,FF,94,0.26857142857142857,93.5340425531915,1.2554015072502955,2165.1063829787236,122.33968821955614,14.93617021276596,2.3127161829241163,3.76468085106383,1.7277082229069651,7.020212765957447,L
701719,SI,136,0.38857142857142857,93.05735294117646,1.2799092764689552,2204.75,168.4270916010402,8.425588235294116,2.8466741516180236,16.282941176470587,2.446200415049477,6.995588235294117,L
701719,ST,63,0.18,82.14126984126983,1.4300501819116205,2385.5555555555557,103.65556763873786,1.5161904761904765,2.704173255431631,-11.255238095238097,2.5255384971250843,7.063492063492062,L
702021,CH,34,0.1440677966101695,79.15588235294118,1.0465502279772074,1494.8529411764705,85.01947454373854,11.280000000000001,2.6154227886971473,8.071764705882353,3.686276326468244,5.98235294117647,L
702021,CU,50,0.211864406779661,80.69000000000001,1.0144366084941234,2467.6,83.84485186147965,-10.495200000000002,2.2795759004065395,1.9656000000000002,1.449740525693041,5.975999999999999,L
702021,FC,31,0.13135593220338984,87.93548387096774,0.6785024623373521,2393.064516129032,66.02672968016866,10.451612903225806,2.122644728908088,-4.536774193548387,1.1250255911067808,6.167741935483871,L
702021,FF,100,0.423728813559322,91.48299999999999,0.8279285334892482,2348.47,64.75165533549601,19.6968,1.188064277416305,1.1616,2.18143439048714,6.213000000000002,L
702021,SI,21,0.08898305084745763,89.9952380952381,0.9216703263511247,2364.3333333333335,65.62037285274546,16.240000000000002,1.1104593644073608,9.81142857142857,1.3786452977988417,6.161904761904762,L
702056,FF,899,0.4470412729985082,94.33147942157953,0.8849893563018673,2255.840934371524,75.71709340317032,19.539176863181314,1.3670317164109418,-4.249788654060066,2.0081527206595884,6.178420467185761,R
702056,FS,573,0.2849328692192939,83.160907504363,1.211501068646536,1438.5113438045375,172.07172016802366,6.912041884816754,2.432876980826815,-11.678534031413612,2.1558755172273742,6.007853403141361,R
702056,SL,539,0.2680258577821979,88.06549165120595,1.1203575377872173,2245.2801484230054,81.8551933117068,5.086975881261596,1.8642395674496115,-3.5372170686456403,2.182610653992144,5.961038961038961,R
702070,CH,785,0.19674185463659147,81.09490445859872,1.885808851063106,1576.146529562982,137.30503807999568,10.522853503184715,2.547408449055124,11.828025477707007,2.2545575834982,6.183694267515923,L
702070,CU,733,0.1837092731829574,81.24051841746248,2.155348729597307,2353.454794520548,163.500473012153,-10.058881309686221,2.6876852033463305,-3.5846111869031376,2.7784060016659304,6.262210095497955,L
702070,FC,839,0.21027568922305764,88.73373063170442,1.6273525006108391,2412.1488595438177,101.50759931181881,7.616638855780692,2.5038249788175047,-3.1999523241954706,1.824409931120101,6.289511323003576,L
702070,FF,1081,0.27092731829573935,92.34301572617947,1.323725721538858,2302.2625698324023,78.14113665033184,16.87703977798335,1.6494057648498597,5.309084181313597,2.3522825780858483,6.271877890841813,L
702070,SI,70,0.017543859649122806,91.3857142857143,0.9683821431414764,2258.114285714286,107.53436159384331,12.125142857142857,2.407851133426928,12.702857142857141,2.2279444889769433,6.251428571428573,L
702070,SL,481,0.12055137844611528,84.46195426195426,1.8100148267082439,2517.2515592515592,95.78931483263327,0.29064449064449055,2.9983261650627324,-2.780706860706861,1.8501892694101145,6.267983367983368,L
702153,CH,44,0.3308270676691729,82.68863636363636,1.0912369574256484,1846.2272727272727,77.08855181086219,4.576363636363637,2.330566445677252,15.864545454545457,2.148898532937881,6.50952380952381,L
702153,FF,32,0.24060150375939848,94.05937499999999,0.8838549636530822,2402.21875,84.89718045965955,13.361250000000002,2.2556477504684875,12.25875,2.825797917574387,6.5687500000000005,L
702153,SI,21,0.15789473684210525,93.32857142857141,0.6979562000174909,2361.8571428571427,71.92863526738549,8.800000000000002,1.3736375067680702,18.388571428571428,1.0245110331972311,6.519047619047619,L
702153,SL,24,0.18045112781954886,87.83333333333333,0.9778710978743437,2195.375,97.64746373517872,5.989999999999999,1.643421669142979,-3.0400000000000005,1.3200790490164496,6.433333333333334,L
702193,CH,87,0.10794044665012408,88.13218390804597,1.9174531468684477,1486.0114942528735,65.44027887245008,8.220689655172414,2.3788280254484944,-12.808275862068967,2.4295708334278183,6.172413793103448,R
702193,CU,17,0.02109181141439206,73.7235294117647,1.4767063908258424,2254.470588235294,42.982725668369994,-11.576470588235296,1.6981789554419413,8.978823529411764,1.2800091911434717,6.117647058823529,R
702193,FC,146,0.18114143920595532,90.06917808219178,1.875378217246642,2310.6164383561645,84.65526525156847,5.564383561643837,2.5668749207474835,6.481643835616438,1.850625254040583,6.241780821917809,R
702193,FF,353,0.43796526054590573,96.8300283286119,1.536655994984721,2067.439093484419,116.70527833000949,17.298696883852692,1.8682343090275808,-4.552521246458923,1.9833301426648533,6.253824362606232,R
702193,SI,99,0.1228287841191067,96.10303030303031,1.5801998417569474,2034.8484848484848,98.3763456341714,15.386666666666667,1.6982295703082628,-11.675151515151514,1.6846512166341332,6.240404040404041,R
702193,ST,104,0.12903225806451613,81.90384615384616,1.2470487939724608,2443.673076923077,88.90121520107043,3.0900000000000003,3.0813475806246458,16.131923076923076,2.4060950424388254,6.1557692307692315,R
702273,CH,93,0.09707724425887265,89.09569892473118,1.3633330304245757,1995.4516129032259,131.18933514191983,3.1470967741935483,2.6975425937102058,16.403870967741934,2.0298302736168474,6.379569892473117,L
702273,FC,190,0.19832985386221294,89.67000000000002,1.318888019683857,2646.926315789474,121.95460532034676,8.952631578947368,2.5795886676436592,-2.5301052631578953,2.2461251736578145,6.318421052631579,L
702273,FF,222,0.23173277661795408,95.2554054054054,1.2316132111467064,2478.027027027027,102.72966407819688,11.74972972972973,2.2500008886713014,10.998918918918918,2.4402237681501626,6.272972972972973,L
702273,SI,241,0.25156576200417535,95.03526970954357,1.1866096793471441,2456.663900414938,83.57615728418028,6.56713692946058,2.351585745549628,17.72813278008299,1.9818628229427626,6.2481327800829884,L
702273,ST,204,0.21294363256784968,82.50588235294119,1.248670112611973,2813.1666666666665,99.07528941206978,0.6429411764705882,3.4542195480568285,-14.428823529411762,2.7782165644617325,6.309313725490195,L
702275,CH,160,0.17278617710583152,88.32124999999999,1.222040128421198,1681.41875,124.97252386704092,0.04575,2.252480268168972,-14.0805,2.2284698193713677,6.398124999999999,R
702275,CU,238,0.2570194384449244,82.91050420168068,1.1324215856568596,2631.63025210084,144.41874567398057,-11.686890756302521,1.4751544282452524,13.065882352941177,2.1464654143801867,6.401680672268909,R
702275,FC,97,0.10475161987041037,89.3917525773196,1.5229952740606243,2489.4123711340208,110.82585368658717,7.611958762886598,2.2805859257981167,1.2729896907216496,2.2959675542806086,6.4989690721649485,R
702275,FF,169,0.18250539956803455,94.46331360946746,1.2974162611263622,2361.7396449704142,90.35605970859774,14.24449704142012,1.5367277043099001,-9.54248520710059,1.7316592583364225,6.552662721893491,R
702275,SI,188,0.20302375809935205,94.21968085106381,1.1551724663490885,2317.7340425531916,73.77109784792428,6.007659574468085,1.8391095412946725,-16.13744680851064,1.8035027927227456,6.5031914893617015,R
702275,SL,72,0.07775377969762419,85.06111111111112,1.2158061784416028,2559.7361111111113,112.91726911122487,0.1833333333333333,2.37826543490697,4.416666666666667,1.6362891717300847,6.512499999999999,R
702281,CH,21,0.14,89.42380952380951,1.0880738770436318,1632.8095238095239,107.95907513850749,5.102857142857142,2.969756122743319,16.38857142857143,2.3802904984776245,6.461904761904761,L
702281,CU,52,0.3466666666666667,82.6826923076923,1.237125249868112,2558.8653846153848,102.33758607363467,-7.86923076923077,2.4069717742781997,-10.42846153846154,2.526239850609089,6.263461538461538,L
702281,FF,57,0.38,94.4,1.2689984802422503,2464.4210526315787,89.14753970013119,18.585263157894737,1.3519643186108838,5.696842105263158,1.9809225465268312,6.478947368421052,L
702303,CU,35,0.2966101694915254,85.4657142857143,1.1258834066537047,2540.657142857143,63.3677143890385,-11.663999999999998,1.701741668374596,-3.5142857142857133,2.31201756266773,5.582857142857142,L
702303,FF,65,0.5508474576271186,94.54307692307691,0.8627661239382233,2409.0,103.75120481228157,17.83384615384615,1.7950798139530002,4.7003076923076925,2.069192150054256,5.823076923076923,L
702303,SL,18,0.15254237288135594,89.3777777777778,0.6890364589991335,2474.0,70.60828146729466,4.16,1.8453120252651678,-2.446666666666667,1.8124925963337633,5.777777777777778,L
702318,FF,15,0.42857142857142855,92.76666666666668,0.9817380117982214,2354.866666666667,57.2062267673055,20.672000000000004,0.961570144532963,-4.856,1.5420061144959372,6.446666666666667,R
702318,SL,16,0.45714285714285713,86.4375,1.018413799330441,2431.5625,57.62866040435089,8.91,3.086745859315276,6.9525,0.8995665622954202,6.375,R
702352,CH,201,0.1441893830703013,88.473631840796,1.1922463016428675,1603.5174129353234,185.63087282365944,2.3402985074626863,3.1736114933066024,-11.37910447761194,3.1362144687552624,6.367164179104479,R
702352,FC,372,0.266857962697274,90.9274193548387,1.3566054061443864,2124.1693548387098,73.38699126489777,10.021612903225806,2.5512877316454095,1.5419354838709678,2.215018698363827,6.311827956989247,R
702352,FF,82,0.058823529411764705,95.21707317073171,0.9099999834552682,2002.719512195122,119.57654445979067,13.60390243902439,2.60082121698321,-7.618536585365855,2.726413608627945,6.392682926829269,R
702352,SI,538,0.38593974175035867,94.77806691449815,1.151568592269776,1884.275092936803,136.5879044940956,6.2913011152416365,2.3441299916047003,-15.835762081784386,2.070733520728052,6.373048327137546,R
702352,ST,128,0.09182209469153516,82.93203125000001,1.322425211481023,2229.5390625,167.11031305644434,3.856875,2.680353058775101,13.0003125,3.1683692463319932,6.3296875,R
702352,SV,73,0.05236728837876614,79.93150684931506,1.0862622857416426,2241.5479452054797,76.06102102476859,-4.915068493150685,1.5963005175923968,5.608767123287671,2.0377465394165464,6.284931506849315,R
702465,FF,18,0.5806451612903226,95.94444444444444,0.8879733847509963,2494.5,84.22396612953011,20.066666666666666,1.4362041473764011,-6.78,2.4014995315427403,6.783333333333333,R
702474,CH,124,0.24701195219123506,87.58870967741935,1.2862758796637586,1454.524193548387,113.9349025169174,0.9851612903225805,2.41440914479907,-10.633548387096774,2.111693418846739,6.453225806451614,R
702474,FC,79,0.15737051792828685,87.33164556962026,1.6050836150276162,2387.8987341772154,113.12785992267706,6.59240506329114,2.280513446005073,5.056708860759494,1.8039683617094524,6.611392405063292,R
702474,FF,188,0.3745019920318725,92.9813829787234,0.8869970983847424,2125.0,138.61160294357842,14.740851063829785,2.189446568693705,-4.801914893617021,1.965169585745607,6.544680851063829,R
702474,ST,111,0.22111553784860558,79.05495495495494,1.4091737578349517,2517.5135135135133,121.39581128499863,1.8886486486486487,2.3763587449122414,17.04972972972973,2.317027664706919,6.672972972972972,R
702566,CH,24,0.20689655172413793,86.10833333333333,0.914576008521064,1337.625,123.67904201918209,3.84,2.2826072049684574,-10.819999999999999,2.3267966410272414,6.4125000000000005,R
702566,FF,65,0.5603448275862069,93.56923076923077,1.0362074896170463,2437.8615384615387,86.60378111749021,18.51323076923077,1.234292696866696,-6.535384615384616,1.6957401379293395,6.3076923076923075,R
702674,CH,109,0.19395017793594305,87.04495412844038,1.1034865820503694,1540.908256880734,145.01823265218422,6.0176146788990845,3.206901960379556,-13.65467889908257,1.6635763398570291,6.588073394495413,R
702674,CU,45,0.0800711743772242,78.96222222222221,1.5276673972981412,2516.733333333333,192.12831886291752,-14.669333333333334,2.4538266961106796,10.013333333333332,3.63055718238199,6.4222222222222225,R
702674,FF,253,0.4501779359430605,94.89169960474308,1.0928929302651982,2196.7312252964425,105.55382519442499,15.904505928853755,2.05494377094616,-10.701818181818183,2.3013987841389776,6.618181818181818,R
702674,SL,155,0.27580071174377224,85.55354838709678,1.4092586896881878,2176.251612903226,66.80351044011019,-0.4792258064516129,1.876329497648344,5.211870967741936,1.635153905579189,6.470967741935483,R
702752,CH,15,0.06607929515418502,87.40666666666667,1.0284986746756282,2008.8,163.25799039732001,-3.7039999999999993,1.6276749412231286,-14.391999999999998,1.6612009425197702,6.08,R
702752,FC,127,0.5594713656387665,90.9299212598425,1.0964093605101488,2723.771653543307,84.50163790808351,6.882519685039371,2.369497960523892,4.033700787401576,2.136488293256389,6.351968503937008,R
702752,FF,23,0.1013215859030837,96.24347826086957,0.9778576243998091,2475.0,64.18156064846606,13.643478260869568,1.6379549574660917,-8.713043478260868,2.2329321016884927,6.52608695652174,R
702752,SI,46,0.2026431718061674,94.93260869565216,0.768564129566321,2221.782608695652,83.73155864453663,1.5000000000000002,1.552443235677234,-15.717391304347826,1.7589977383380175,6.352173913043478,R
702752,ST,16,0.07048458149779736,82.0,1.2252890815368171,2955.3125,55.73594740679783,-6.6674999999999995,2.8916327567656306,11.925,2.1245423036503657,6.4125000000000005,R
702795,CH,39,0.16883116883116883,89.03846153846153,0.9951501829571628,1466.3333333333333,93.53787111824458,-0.5723076923076925,2.119526339264037,-14.526153846153843,1.9321880362137245,6.241025641025641,R
702795,FF,107,0.46320346320346323,95.38785046728972,0.777479027245355,1877.1121495327102,80.57661619484523,11.64448598130841,1.1559372850103478,-12.345420560747662,1.479800012223625,6.185046728971963,R
702795,SL,52,0.22510822510822512,86.98461538461538,1.2980203048933932,2372.730769230769,110.64465562784551,-4.90153846153846,2.896461251735543,1.405384615384615,1.892051963737826,6.228846153846154,R
702795,ST,21,0.09090909090909091,87.57619047619048,0.7816039674315644,2374.190476190476,98.63245867746532,-3.5257142857142854,1.5698807962026013,6.239999999999999,1.854378602119858,6.080952380952381,R
702878,FC,29,0.453125,86.84827586206897,0.9912548647530308,2524.896551724138,76.90037378117697,-3.703448275862069,1.7728594252991186,2.6151724137931036,1.6196441864312034,6.413793103448275,R
702878,FF,34,0.53125,95.27941176470588,0.7302052064274551,2322.676470588235,77.22408188854958,14.114117647058821,1.8904578852867315,0.684705882352941,2.2880297668307863,6.502941176470589,R
703360,FF,16,0.6666666666666666,94.5375,0.7473285756613369,2122.8125,59.343316107769596,15.6375,1.8149876032634489,-5.25,2.4684245988079114,6.074999999999999,R
703440,FF,15,0.4838709677419355,93.78666666666666,0.47489347176373226,2174.866666666667,102.60943055146168,16.480000000000004,1.1702014478590552,-12.032000000000004,1.9468480019912038,6.213333333333334,R
703615,CH,32,0.11469534050179211,86.49375,1.0191512914374925,1791.6875,79.88396322570107,3.8175000000000003,2.2568476444639725,-15.9225,2.061954913308273,6.6781250000000005,R
703615,CU,34,0.12186379928315412,86.04411764705881,1.1703900350842866,2350.529411764706,125.5034070029195,-2.4847058823529418,2.331481822067463,0.6670588235294117,1.2544696559291735,6.514705882352941,R
703615,FC,73,0.2616487455197133,89.63561643835617,1.2645124074578769,2447.027397260274,89.1297388646242,7.722739726027397,2.1432097296357813,1.144109589041096,1.7499808218127215,6.624657534246575,R
703615,FF,69,0.24731182795698925,93.43188405797103,1.4374704860011802,2313.478260869565,64.90889739963873,14.147826086956522,1.6588345213762175,-11.31304347826087,1.7108368302811778,6.653623188405796,R
703615,SI,26,0.0931899641577061,92.9846153846154,1.1177449826117964,2141.4615384615386,48.857532290717074,5.4507692307692315,2.2308830952372616,-16.915384615384614,1.7278269144083405,6.638461538461538,R
703615,ST,45,0.16129032258064516,83.48222222222223,1.1025361030759309,2545.1111111111113,118.9337520375834,2.490666666666667,3.1117186131256678,10.928,3.1630664063388063,6.40888888888889,R
703725,CH,56,0.39436619718309857,81.55178571428571,0.9519341213700523,1533.5357142857142,94.05490935632214,-3.732857142857143,3.3413778944869783,-12.347142857142858,2.105081051590706,6.868750000000001,R
703725,FF,41,0.2887323943661972,94.01219512195122,1.0129647382686184,2528.512195121951,85.28954272102163,15.21951219512195,1.46205668703288,-10.960975609756098,1.7979207503086012,6.767567567567567,R
703725,SI,24,0.16901408450704225,93.2,0.6064866750032706,2334.0416666666665,91.04680075398713,7.07,2.286421163987605,-16.86,2.2751894331069975,6.757142857142856,R
703725,ST,21,0.14788732394366197,83.81428571428572,1.670115479326419,2293.809523809524,155.48974855199265,-1.2285714285714286,2.08327215148258,13.017142857142854,3.4793004222934574,6.628571428571429,R
800048,CH,589,0.23345223939754262,85.27775891341255,1.2234240465025696,1846.015332197615,130.54241567444595,2.055687606112054,2.231761089836463,14.759796264855689,2.1528623469585817,6.275298126064736,L
800048,CU,295,0.11692429647245343,78.36237288135594,1.6067802119774235,2275.91156462585,66.00707637832917,-6.0309152542372875,2.296955433068132,-14.00949152542373,2.759804182968295,6.415986394557823,L
800048,FC,138,0.054696789536266346,90.4427536231884,1.2237842279853133,2127.832116788321,111.93811114018906,10.249565217391305,2.487474276598161,-2.054782608695652,2.441873523088579,6.4970802919708035,L
800048,FF,877,0.3476020610384463,93.53899657924742,1.4110078965884139,2141.456,71.84805553853349,16.629920182440138,1.4058347487005178,5.055598631698974,1.969111535831851,6.507657142857144,L
800048,SI,407,0.1613158937772493,92.18353808353808,1.2995259699978225,2041.474074074074,96.21102757055772,10.336511056511057,1.569658936394015,12.965896805896806,1.6705895891964744,6.464938271604938,L
800048,SL,217,0.08600871977804202,86.60092165898618,1.672461890818945,2358.327188940092,137.47224921283362,4.741935483870968,2.7818961584788062,-6.230046082949309,2.070499245954019,6.481566820276497,L
800049,CH,41,0.08384458077709611,89.26829268292683,1.0299123808339827,1573.7560975609756,179.67718003238545,8.642926829268292,3.37352504355788,-10.990243902439024,3.3459322227182655,6.046341463414635,R
800049,CU,53,0.1083844580777096,82.43773584905662,1.2548714943546915,2511.5471698113206,70.84831197102501,-9.627169811320753,2.8369514904331936,3.8400000000000003,2.0067424808917025,6.1358490566037736,R
800049,FF,117,0.2392638036809816,94.80085470085469,0.922561625499398,2342.3162393162393,136.55809989819093,18.6,1.1521853299199563,-3.907692307692308,1.9214467361032148,6.079487179487178,R
800049,SI,78,0.15950920245398773,94.34487179487179,0.8979988482185994,2329.576923076923,93.80091091834285,13.113846153846154,2.0904738981582907,-13.590769230769233,1.7808787917006788,6.0576923076923075,R
800049,SL,140,0.28629856850715746,87.02714285714285,1.121204571733112,2496.442857142857,87.41888502722912,1.8591428571428574,2.737348264107686,2.259428571428572,2.08194422534591,6.14,R
800049,ST,60,0.12269938650306748,83.51833333333333,1.1455872103411304,2609.4333333333334,118.24799660275421,-4.6419999999999995,3.7666182287770993,14.782000000000002,2.8813125540104645,6.078333333333333,R
800311,CU,39,0.03548680618744313,79.38461538461537,1.3792710625426785,2621.8205128205127,84.9609420464151,-9.54769230769231,2.332546001733391,14.50153846153846,1.7549172097154515,6.733333333333334,R
800311,FF,716,0.651501364877161,96.74818435754192,1.3989744693756072,2132.4092178770948,96.12553781283624,14.919720670391062,1.8629093511325698,-10.02854748603352,2.2787292770361387,6.838128491620112,R
800311,FS,62,0.056414922656960874,89.04193548387096,1.7451148101736644,1944.4032258064517,146.54529425441171,6.963870967741936,1.6460696904143173,-16.041290322580647,2.2632976694550258,6.775806451612902,R
800311,SL,202,0.18380345768880801,86.33762376237624,1.4868144507553143,2428.59900990099,91.64050788587977,2.484950495049505,2.014889660948156,4.223762376237624,2.3831660247374673,6.787623762376237,R
800311,ST,80,0.07279344858962693,83.425,1.5079955679349302,2488.3625,76.26888539730233,-1.002,2.4034987156121734,8.2545,2.588733085380139,6.72125,R
800469,FF,17,0.6071428571428571,94.32941176470588,0.8005972035630288,2295.1176470588234,50.3660132839363,15.091764705882353,1.4924988915159936,-8.880000000000003,2.0745601943544565,5.847058823529411,R
800686,FC,25,0.78125,87.70800000000001,1.4378572019965459,2439.96,65.34426779246465,4.7904,3.1597316341740167,5.256,1.5367498169838836,6.064,R
801139,CH,65,0.039634146341463415,89.02,1.4699277193113947,1006.7076923076924,186.89073705284017,0.9064615384615384,2.4417337787223743,9.875076923076922,2.4424425038504767,7.319999999999999,L
801139,CU,130,0.07926829268292683,82.50307692307693,1.5568771397080432,2429.0,84.95844857632538,-5.196923076923077,2.379721124353836,-6.948,2.0397455381652674,7.204615384615384,L
801139,FC,287,0.175,88.42404181184668,1.626984115758655,2356.8850174216027,90.10485743941898,6.970034843205576,2.3958845101954087,-3.122090592334495,1.6734975995024783,7.227177700348431,L
801139,FF,840,0.5121951219512195,96.18404761904763,1.3651660968922348,2270.7921146953404,96.39322021934308,15.762428571428572,1.4769978271156237,8.864142857142857,2.4180051626199366,7.406212664277181,L
801139,SI,289,0.17621951219512194,94.9961937716263,1.2967451416227416,2261.9894736842107,71.27236413089244,9.275709342560555,1.612147764699289,17.008442906574395,1.5892767827038567,7.353333333333334,L
801139,SL,29,0.01768292682926829,88.59655172413792,1.4090226497775706,2369.2758620689656,74.6060589993123,3.7944827586206893,1.4736824289777744,-0.9434482758620689,2.003041037776006,7.382758620689657,L
801216,FF,16,0.34782608695652173,96.1,1.1147495981908517,2313.625,68.0694498288329,16.560000000000002,1.0715222816162058,-6.75,2.0091789367798976,6.44375,R
801317,FF,15,0.8333333333333334,98.27333333333334,0.6215954893505513,2276.3333333333335,91.36712965258556,16.424,1.0430504713168416,-7.768000000000001,1.8954501915300832,6.586666666666668,R
801403,CH,233,0.08613678373382624,89.81888412017169,1.2978711180622644,2001.2961373390558,151.29695860555626,4.098025751072961,2.697421095843128,-15.109699570815453,2.7019795417130794,6.344635193133046,R
801403,CU,466,0.1722735674676525,79.2706008583691,1.2669727121160004,2797.019313304721,89.72038794661377,-7.527296137339056,2.078523459135979,13.998798283261804,2.2973200501859323,6.343347639484978,R
801403,FF,1218,0.4502772643253235,98.13825944170772,0.9723951192212498,2410.8144499178984,105.92539376036305,12.633497536945812,1.9617213821062427,-11.525812807881772,2.2095498348614813,6.161576354679802,R
801403,SI,393,0.14528650646950092,97.72697201017812,1.0382163087750107,2403.0966921119593,66.48692378918076,5.597251908396947,2.131117504147136,-16.44091603053435,2.45456575310145,6.246819338422392,R
801403,SL,352,0.13012939001848428,88.79517045454544,1.7855240875325002,2627.6960227272725,129.6278749615306,2.212840909090909,2.8061233202726656,4.980340909090909,2.222827925417077,6.270454545454545,R
801403,ST,43,0.01589648798521257,85.6767441860465,1.7245892829615608,2714.5116279069766,115.35109388979602,6.435348837209301,3.0487494304552145,9.371162790697674,3.6744505318432927,6.532558139534883,R
801432,FF,25,0.5681818181818182,95.12,1.7286796502919008,2088.76,115.1644765831316,15.384,1.8998947339260668,-11.2176,2.0905846072331062,6.444,R
801432,ST,18,0.4090909090909091,80.64999999999999,1.11579568022107,2864.722222222222,92.21509737026001,-5.393333333333334,1.4945390790553217,18.580000000000002,3.4140815662746653,6.122222222222223,R
801434,FC,38,0.13768115942028986,90.04736842105261,1.163112516252105,2289.3684210526317,98.74165611074993,10.24736842105263,2.3756395260844476,1.6831578947368424,2.182136450341491,7.636842105263158,R
801434,FF,142,0.5144927536231884,93.36408450704225,1.2839622599619085,2194.9225352112676,102.96278153866864,15.719154929577464,1.587579223670248,-6.162253521126761,1.9786880080355118,7.607746478873239,R
801434,SL,93,0.33695652173913043,83.5225806451613,1.1712246500674697,2389.8817204301076,84.43312886054775,-3.8051612903225807,2.3302862358718874,5.5600000000000005,1.4345912915925023,7.579569892473118,R
801517,FF,15,0.45454545454545453,92.32666666666667,1.1535452599125307,2462.2,77.76447958878325,14.448000000000002,1.7547454027782576,4.959999999999999,2.1863472472858207,6.920000000000001,L
801739,CH,18,0.14285714285714285,91.98333333333333,1.3395565552472521,2122.9444444444443,106.11174588319187,7.973333333333334,2.281382449821367,-14.153333333333332,2.323415335993419,5.905555555555556,R
801739,FF,48,0.38095238095238093,99.2625,1.1009908496730703,2366.2916666666665,85.95371300963004,16.365,1.6220318227588983,-7.4875,1.860636473120524,5.827083333333333,R
801739,SL,39,0.30952380952380953,90.70256410256408,1.6536223681881548,2328.8205128205127,88.31250486493728,6.175384615384615,1.8557362649418268,3.91076923076923,1.7620672437963087,5.805128205128205,R
801739,ST,21,0.16666666666666666,82.21428571428571,1.3372680039115996,2571.6190476190477,89.30480176926444,2.9314285714285715,2.523589280596757,15.862857142857141,2.392975434176337,5.657142857142857,R
802087,FF,15,0.4411764705882353,92.20666666666666,0.48765717856863733,2334.0,38.03945320322047,18.2,1.0056980518170315,7.776000000000001,0.8959336710142903,6.26,L
802363,FF,24,0.7272727272727273,93.89583333333333,1.0165924182913901,2281.2083333333335,48.81907963319141,15.729999999999999,1.5095867560074325,-9.270000000000001,1.6347636446633635,6.408333333333334,R
802372,FC,16,0.32,88.9625,2.0616740770548576,2231.125,92.32108823737582,4.3725000000000005,2.843086351133219,3.5250000000000004,3.826193931310853,6.15,R
802372,SI,25,0.5,93.35999999999999,0.926462807312487,2094.56,53.33235415767806,3.3695999999999997,2.9649795952080344,-15.0528,1.768076921403591,6.215999999999999,R
802408,FF,27,0.4576271186440678,93.25555555555555,1.4393730829061904,2248.6296296296296,107.23703010984883,13.62222222222222,1.656551871377441,13.124444444444443,1.337567635481354,6.477777777777779,L
802419,FC,26,0.08360128617363344,85.98076923076925,2.0240591356517688,2367.576923076923,147.16281407391557,8.367692307692307,2.2966276279663758,2.958461538461538,1.988075838206767,6.384615384615385,R
802419,FF,133,0.42765273311897106,92.15939849624061,1.1557522536495024,2093.0451127819547,155.84198799471943,15.556691729323308,2.024235254700024,-10.371428571428572,2.100456351157263,6.550375939849625,R
802419,FS,69,0.22186495176848875,83.52173913043478,1.6316600681530191,1008.5507246376811,133.07566801855563,2.205217391304348,2.321975964241797,-10.090434782608696,2.5096205682173225,6.5086956521739125,R
802419,SI,20,0.06430868167202572,91.285,1.4120813305934337,2074.1,106.37169192085487,11.994,3.1225434976532904,-13.008,1.7944757334371328,6.505000000000001,R
802419,ST,59,0.18971061093247588,80.9677966101695,1.3164006147860146,2558.9661016949153,102.32739312040087,4.454237288135593,3.099648591534114,14.046101694915253,2.7781493573148297,6.345762711864406,R
802686,FF,43,0.7166666666666667,91.89302325581394,1.0887728673094068,2164.0,79.38033821569479,12.273488372093023,1.7816831043665935,11.60093023255814,1.5897646036494244,7.132558139534884,L
803035,FF,18,0.5142857142857142,92.87777777777778,0.8149742367314129,2151.1111111111113,56.02298781213559,13.56666666666667,1.6589294918180004,-5.379999999999999,1.9306688874432034,6.611111111111111,R
804267,FC,131,0.43666666666666665,86.15648854961832,2.500433785031993,2377.885496183206,166.27237344982035,4.460152671755725,4.231429288392503,-4.529770992366413,1.4878469036465232,6.265648854961832,L
804267,FF,93,0.31,91.79247311827955,1.2437877421968293,2290.1827956989246,80.83315428232123,17.581935483870968,1.5020972715452654,6.396129032258065,1.83673684670376,6.1903225806451605,L
804267,SI,30,0.1,91.99666666666666,1.4907723833136217,2266.733333333333,117.25860995762915,12.563999999999997,1.6853559943187693,13.876000000000001,1.5281577820685113,6.25,L
804267,ST,35,0.11666666666666667,80.12857142857145,1.5721045146687977,2455.457142857143,103.13650088657289,0.7371428571428572,3.8479487059597712,-12.363428571428575,3.5128854763211255,6.300000000000001,L
804619,CH,23,0.2804878048780488,86.37391304347828,0.8356909994970132,1522.5217391304348,192.85695819469586,2.102608695652174,1.7933949962705433,-13.147826086956524,2.4767261318151044,6.808695652173912,R
804619,FF,41,0.5,94.8829268292683,1.0556757170230795,2384.8536585365855,228.46789281818243,16.106341463414633,1.2544196987004805,-11.956097560975609,1.834029549992012,6.843902439024391,R
804636,CH,176,0.27629513343799056,86.04488636363637,1.2623230234707816,1619.8352272727273,108.93280291972685,8.280681818181819,2.2963622389482747,-13.393636363636363,1.9281625194206793,6.773863636363637,R
804636,CU,68,0.10675039246467818,78.39117647058822,1.828524835180244,2653.3970588235293,118.1936356730278,-14.957647058823529,3.1569634558596036,5.81470588235294,3.5226577782480444,6.695588235294117,R
804636,FC,54,0.0847723704866562,91.23703703703704,1.7720360633810848,2197.259259259259,92.54599778003005,10.664444444444444,2.7785965418063787,2.8466666666666667,2.460750000718833,6.501851851851852,R
804636,FF,329,0.5164835164835165,95.33768996960487,1.2618132572893013,2259.452887537994,81.41802550607227,19.190516717325227,1.860376971501107,-4.17337386018237,2.8135536265002443,6.74468085106383,R
805123,CH,344,0.20835857056329496,85.84563953488373,1.4332916500957453,2353.921511627907,99.06997381057417,4.3932558139534885,2.754341790376936,-16.303255813953488,2.0541130987399594,6.370674486803518,R
805123,CU,34,0.02059357964869776,79.43235294117648,1.6490071555122126,2315.3529411764707,110.075148532358,-12.889411764705883,1.4066184276730904,9.37764705882353,2.4683242491476847,6.496874999999999,R
805123,FC,78,0.047244094488188976,88.57820512820513,1.409766254540409,2368.6794871794873,86.41240495208851,8.59846153846154,2.2842879915570253,2.983076923076923,1.526091951147323,6.479729729729731,R
805123,FF,852,0.5160508782556027,95.2975352112676,1.4837485573261415,2288.9906103286385,101.01288398982568,17.1156338028169,1.509702797090301,-11.277464788732393,1.9262103719774708,6.551248513674198,R
805123,ST,343,0.20775287704421563,83.37842565597668,1.7148988937975418,2666.265306122449,122.70049658819973,2.358367346938776,2.911579164831811,13.445947521865891,3.382980046828239,6.4870967741935495,R
805291,FC,20,0.40816326530612246,91.45,2.5144843564729857,2152.1,270.3907309217922,6.33,2.6792889865940572,2.808,3.996558519526519,6.49,R
805299,FC,68,0.10059171597633136,93.61617647058823,1.2993236235984817,2315.044117647059,86.05108406847114,7.118823529411765,1.9197135431611436,-0.6847058823529412,2.104261823692919,5.436764705882353,L
805299,SI,357,0.5281065088757396,96.87366946778712,1.112306659120908,2269.831932773109,93.82469183353808,2.230588235294118,2.20888932921901,16.283025210084034,1.9905043773699564,5.462745098039215,L
805299,SL,42,0.0621301775147929,89.56666666666666,0.8008125954354934,2433.309523809524,101.87737442278295,1.5428571428571425,2.0187248881945323,-2.6628571428571433,1.6355595532614544,5.523809523809523,L
805299,ST,202,0.2988165680473373,86.20495049504949,1.5402962975039027,2703.628712871287,102.77524997435073,1.0164356435643565,3.592971465037534,-14.61861386138614,2.762264926070082,5.496534653465347,L
805326,CH,23,0.107981220657277,89.08260869565218,1.677024468275188,2193.521739130435,301.67500115871496,5.963478260869565,2.8349741199646896,12.746086956521742,5.239300559781929,6.28695652173913,L
805326,FF,79,0.37089201877934275,94.5898734177215,0.8674446611639033,2408.5822784810125,86.55598567563325,15.378227848101265,1.89795893034223,4.127088607594937,3.070580063757575,6.29873417721519,L
805326,SL,85,0.39906103286384975,88.16823529411765,1.693770924292181,2417.8,74.9332719030421,4.626352941176471,2.84884974576575,-4.033411764705884,2.2081222107209086,6.355294117647061,L
805326,ST,21,0.09859154929577464,81.93333333333332,1.486718982637047,2641.5714285714284,92.93415487783349,-4.039999999999999,2.7788054987710096,-9.451428571428572,5.044841212282391,6.428571428571429,L
805427,FF,54,0.19852941176470587,94.17407407407408,0.835573508884243,2165.685185185185,135.81950065256547,10.708888888888888,1.7503235999101754,12.388888888888891,1.6161901002826284,7.311111111111111,L
805427,SI,127,0.46691176470588236,94.33622047244097,0.9484046162295342,2127.503937007874,120.3600995172633,4.189606299212599,2.047271277832855,16.588346456692914,2.021793076478028,7.361417322834645,L
805427,SL,82,0.3014705882352941,82.71219512195121,1.4206058735191636,2264.621951219512,90.17385680155157,-1.0990243902439023,2.2410687539412084,-9.698048780487806,2.8711052799323267,7.2768292682926825,L
805673,CH,281,0.1107171000788022,86.70604982206406,1.625598478036508,1518.4128113879003,130.86519937214297,5.192882562277581,2.8663955496186166,-13.86576512455516,2.141775515529631,6.382562277580071,R
805673,CU,224,0.08825847123719464,80.68124999999999,2.1630833021863283,2367.7321428571427,108.31795764669309,-8.30625,2.3846723270972303,6.946607142857142,3.853196577247051,6.214732142857143,R
805673,FC,318,0.12529550827423167,91.15345911949686,1.1849093124645251,2479.3490566037735,95.47438017814292,9.959999999999999,1.985529989080858,1.078867924528302,2.3582325042317684,6.413836477987421,R
805673,FF,1000,0.39401103230890466,95.7253,1.1601533803191135,2307.855,84.95225046966007,16.3248,1.834886745651995,-8.937719999999999,2.097513376349234,6.5078,R
805673,SI,110,0.04334121355397951,95.34000000000002,0.9577496560530446,2283.9545454545455,105.73919675996629,11.81890909090909,2.042992653556396,-15.738545454545458,1.7960092541616248,6.5327272727272705,R
805673,SL,599,0.2360126083530339,87.66727879799666,1.4519613447183823,2391.0183639398997,93.79603929066775,1.8925542570951583,2.240257387859097,2.8106844741235393,1.695282663739571,6.330050083472454,R
806185,CH,201,0.16834170854271358,88.72089552238805,1.192753618326036,1318.0248756218905,149.36142198743775,-0.025671641791044617,2.865787443555748,-11.888955223880597,2.660509613398357,6.638805970149254,R
806185,CU,155,0.12981574539363483,80.30903225806452,1.1350020162425873,2821.935483870968,96.18466258782883,-12.637161290322583,3.8831640858934033,3.8461935483870966,2.6311585199491425,6.427096774193549,R
806185,FF,527,0.44137353433835846,95.51081593927894,1.2199142502013474,2403.5028462998102,80.21321095938931,18.056925996204935,2.0290563373125727,-6.014345351043644,2.1995583505649794,6.536432637571157,R
806185,SL,291,0.24371859296482412,88.92439862542955,1.4133803570353156,2385.175257731959,96.88243963612364,7.103917525773195,3.2134269675742075,1.9529896907216493,1.9939384860371818,6.445360824742267,R
806185,SV,20,0.01675041876046901,84.65500000000002,1.0414943717158498,2651.1,94.78279879476246,-3.3600000000000008,3.0008840802599983,2.292,2.898597846146341,6.380000000000001,R
806188,CH,169,0.1198581560283688,85.2076923076923,1.282993152191947,1922.4378698224853,182.94400648756178,2.088284023668639,2.7818797199004197,14.639289940828402,2.5719308047152913,5.95680473372781,L
806188,CU,375,0.26595744680851063,78.9464,1.3796192608154014,3008.1253333333334,122.83425541366832,-15.953919999999998,1.7413773342733203,-13.253120000000001,2.240827440757395,5.839733333333332,L
806188,FF,102,0.07234042553191489,91.96666666666667,0.9758807480032753,2256.049019607843,93.55555107872101,12.52941176470588,2.4165382422580994,8.807058823529411,2.0621504627836926,6.005882352941176,L
806188,SI,328,0.2326241134751773,91.8484756097561,1.1344470662804358,2285.9146341463415,97.78168921342835,7.57829268292683,2.1217445968490702,15.842560975609755,2.3783320092278326,5.977743902439024,L
806188,SL,171,0.12127659574468085,86.17426900584796,1.6579341923109348,2858.941520467836,111.48941957726112,4.774736842105264,3.4287309118148475,-3.0533333333333332,2.0470512508311587,5.968421052631578,L
806188,ST,265,0.1879432624113475,80.02830188679245,1.2612489839156442,3107.0188679245284,138.80172944599212,-0.5624150943396226,2.7158826166920558,-18.68332075471698,4.577777794615878,5.868679245283018,L
806960,CH,146,0.12310286677908938,89.63150684931507,1.5579275988957382,2057.7671232876714,109.82870933606601,10.33972602739726,2.1315378761647183,-15.10109589041096,2.171403843786453,6.167123287671233,R
806960,FF,575,0.484822934232715,96.98400000000001,1.0719847104843403,2489.664347826087,87.92170871062832,15.899478260869566,1.6610761401398546,-7.834017391304348,2.3603526207900662,6.032173913043478,R
806960,SI,70,0.05902192242833052,96.73285714285711,1.1387409050619401,2448.1714285714284,94.18159631735983,12.085714285714285,1.679769283181621,-14.120571428571427,1.830264007022956,6.1,R
806960,SL,109,0.09190556492411467,85.32752293577984,1.7560937058243062,2856.9449541284403,101.47293334261745,2.270091743119266,3.575066561258852,9.438165137614678,2.525358120968931,5.992660550458714,R
806960,ST,286,0.2411467116357504,81.93881118881119,1.7527714353492088,2989.255244755245,100.89407972360527,-3.1493706293706296,4.398404689547004,19.03174825174825,2.7144409950020667,5.911538461538461,R
807743,CH,65,0.15776699029126215,77.05538461538461,2.549389067087371,1675.6307692307691,153.46564856169454,9.088615384615384,2.1681385138834224,10.04676923076923,2.173034390325763,7.7784615384615385,L
807743,FC,62,0.15048543689320387,82.69516129032257,1.1337486666509173,2286.6612903225805,106.88019086017657,5.349677419354839,2.177475578332821,-2.5490322580645164,1.9235236703554675,7.488709677419355,L
807743,FF,189,0.4587378640776699,87.63227513227513,1.435590770404225,2256.1481481481483,117.66536240478877,13.520000000000001,1.7337599038665414,10.309206349206349,1.7729773926514376,7.7137566137566145,L
807743,SI,24,0.05825242718446602,86.61666666666667,0.6531972647421806,2260.8333333333335,120.94363281645123,9.725,1.1929247944515995,11.700000000000001,1.442172274579295,7.695833333333333,L
807743,ST,72,0.17475728155339806,75.36944444444445,1.3441200995225577,2330.7361111111113,92.40068792127853,-4.061666666666666,1.6396349645275954,-11.411666666666667,3.20099588376607,7.3500000000000005,L
807744,SI,23,0.575,94.55652173913042,1.0828523306344564,2291.5652173913045,102.51200643071324,7.434782608695652,2.6281913406980397,-16.330434782608695,2.65135896246172,5.57391304347826,R
808963,FF,1112,0.4557377049180328,97.34811151079137,1.5936293158055972,2183.168165467626,136.57660749456062,15.388057553956834,1.8050270347406177,-9.725611510791367,2.2021143967871084,7.096852517985612,R
808963,FO,470,0.19262295081967212,85.29446808510639,1.4765441247332136,538.0872340425532,102.87731969217181,-3.724085106382979,3.460563863428819,-2.4536170212765955,4.328442958589739,7.147872340425532,R
808963,FS,391,0.16024590163934427,90.21841432225062,1.3683298980685155,921.3350383631714,177.37449235556943,1.1189769820971867,3.1594064643792077,-7.674168797953965,3.9893646768978575,7.207416879795396,R
808963,SI,15,0.006147540983606557,97.23333333333333,0.9178131358729559,2021.9333333333334,108.72341492236598,10.568000000000001,1.1388415166299484,-14.328000000000001,0.8567313297811459,7.08,R
808963,SL,351,0.14385245901639343,86.66752136752137,1.488306557889338,2042.019943019943,90.58664140556047,-1.8885470085470086,2.253188698568167,1.4304273504273506,1.9820795975781427,7.079202279202279,R
808963,ST,101,0.04139344262295082,82.04653465346536,1.3885650403517755,1868.5544554455446,89.1826749147529,-2.3073267326732676,3.537736816409358,11.69821782178218,2.611736738662457,7.016831683168317,R
808967,CU,849,0.16507874781256077,77.02921083627798,1.6438118563080875,2786.5712603062425,121.38990634206465,-16.011166077738515,1.7007028741134456,12.27547703180212,1.7461122015842419,6.555660377358492,R
808967,FC,621,0.12074664592650204,91.26537842190017,1.2614288084644163,2452.6843800322063,119.74099830458205,7.8013526570048315,2.17017453726806,3.481932367149758,2.6271586765072743,6.47890499194847,R
808967,FF,1609,0.3128524207660898,95.64897451833437,1.0543208915034974,2218.9807333747667,100.42626314893351,16.065755127408327,1.5110231590759307,-7.387793660658794,1.932907784831258,6.505220633934121,R
808967,FS,1361,0.26463153801283296,91.19639970609845,1.2533520814669599,1432.4166054371785,164.70809469892737,1.8938133725202058,2.5494750769689336,-11.460044085231447,3.8676042513568896,6.552828802351214,R
808967,SI,487,0.09469181411627454,95.13511293634498,1.0643005864171757,2276.2792607802876,92.66158193410372,11.89158110882957,1.9661164131594713,-14.020287474332648,1.9180920946199658,6.526078028747433,R
808967,SL,215,0.04180439432237994,86.84651162790698,1.5439585058721021,2758.711627906977,117.27235097588989,1.6113488372093023,2.9824379327328474,5.472,1.9429516037666608,6.507441860465116,R
808970,FF,24,0.3870967741935484,94.67083333333335,0.6457076782856953,2238.8333333333335,103.7709294412527,15.339999999999998,1.226149859626004,-6.32,2.2980975118373554,6.283333333333332,R
808970,SL,22,0.3548387096774194,90.64999999999999,0.7695081917321331,2331.818181818182,72.32047484807524,4.8490909090909105,1.507312048113996,0.8836363636363639,1.421570377315994,6.250000000000001,R
810938,EP,50,1.0,49.897999999999996,4.344994304967968,1300.82,139.06094538227563,22.627200000000002,2.867232926195782,-4.747199999999999,2.307757140690537,4.944,R
811139,SI,23,0.6388888888888888,95.20869565217392,0.8622976935217701,2432.608695652174,77.76639793780694,12.850434782608692,1.1233208813030862,11.968695652173915,1.3587136441496497,5.521739130434781,L
813349,CH,363,0.18113772455089822,83.79807162534435,1.3610694630522824,1293.67217630854,156.68429027949395,-2.2181818181818183,3.221424138585756,11.419173553719007,2.7189261733438523,6.670247933884298,L
813349,CU,250,0.124750499001996,80.2764,1.900993990682359,2420.244,110.07759431911808,-9.51504,2.296486796134321,-9.721440000000001,2.677142486677895,6.631200000000001,L
813349,FF,670,0.3343313373253493,94.02776119402985,1.1916398128771328,2328.7223880597016,79.15365432368792,15.908059701492537,1.5991868625159344,10.359402985074627,2.0447360544646216,6.82223880597015,L
813349,SI,379,0.18912175648702595,92.55197889182057,1.1069119251933626,2163.791556728232,68.50370810226745,7.907651715039578,1.8058844218397112,17.814775725593666,1.7002188280702393,6.790765171503957,L
813349,SL,182,0.09081836327345309,87.04725274725276,1.3481184481085229,2304.989010989011,70.49642356125632,6.1971428571428575,2.0039344095056184,-0.30329670329670333,1.7942973231481107,6.71868131868132,L
813349,ST,160,0.07984031936127745,82.61875,1.5111821146532265,2431.24375,93.05085827031778,-1.41075,2.4822417211593537,-13.727250000000002,2.7770954352711343,6.6775,L
813609,SI,18,0.5,92.23333333333333,0.7761140001162651,2119.1666666666665,87.90452708679425,3.326666666666666,3.41074426930373,-15.533333333333331,2.9549718820200996,6.388888888888889,R
813636,FF,17,0.53125,91.45882352941177,0.49756761290478385,2193.6470588235293,80.59849655582182,14.590588235294119,1.4444050271142583,-6.063529411764706,1.7662422723697568,6.070588235294117,R
814305,FC,18,0.3829787234042553,91.14999999999999,1.0562141048547484,2304.3888888888887,85.71576757200228,8.666666666666666,1.5724690214848152,4.239999999999999,2.0833457254533405,7.183333333333333,R
814305,FF,18,0.3829787234042553,95.58333333333333,0.46810003958430046,2125.1666666666665,89.69966227230015,15.653333333333332,2.275806256614798,-1.9533333333333336,2.578252942458152,7.083333333333333,R
814342,FF,17,0.5862068965517241,95.9470588235294,0.8360006332674224,2044.6470588235295,106.8058642915211,16.214117647058824,1.993536614987073,-7.030588235294117,1.8268294617596195,6.905882352941177,R
814804,FC,18,0.32142857142857145,85.38333333333334,1.1738573918796908,1909.7777777777778,491.9268902585801,3.1466666666666665,1.5605730470869084,-1.7133333333333332,5.244394206029453,6.433333333333334,R
814804,SI,28,0.5,92.66428571428573,0.6673409288691309,1999.107142857143,82.43845708374948,5.057142857142856,2.2265583093110104,-17.442857142857143,1.1366450214389296,6.464285714285715,R
815043,FC,15,0.5555555555555556,87.88000000000001,1.1869528814814616,2191.4666666666667,66.42059347894475,-2.64,2.659795910537928,-0.272,1.787077422577353,6.066666666666666,R
815083,CH,273,0.25754716981132075,78.42967032967033,1.2308976732833548,1586.820512820513,157.6012536939745,-0.7345054945054945,2.240639481856357,14.945934065934065,2.4047994190029063,6.530514705882354,L
815083,FC,98,0.09245283018867924,88.60714285714286,1.285465939032369,2112.0408163265306,80.7567198528308,9.995510204081633,1.8294262085342832,-0.023265306122449012,2.0598542514300475,6.753061224489795,L
815083,FF,507,0.47830188679245284,91.19625246548324,1.4438248498362878,2168.0276134122287,78.69757007930934,16.719763313609466,1.8643999827417657,9.382485207100592,1.7798012882816103,6.696414342629481,L
815083,SL,182,0.17169811320754716,81.5620879120879,1.2508304569396171,2320.967032967033,115.48001674006719,-1.8454945054945056,3.379158175508771,-2.633406593406594,1.500694660349898,6.535555555555556,L
815084,FF,15,0.7142857142857143,95.74,0.8122279764415175,2309.6666666666665,58.476694584456546,15.056000000000001,1.883146303397588,-12.064000000000002,0.9904457870791606,6.426666666666668,R
820862,CH,41,0.034511784511784514,92.97317073170731,0.922774184252004,2086.731707317073,153.7174395425327,10.33170731707317,2.3862815240861925,-14.961951219512196,1.58437246175291,6.182926829268292,R
820862,FF,350,0.2946127946127946,96.72342857142858,1.0131907749576443,2300.8152492668623,87.92305059311494,17.315314285714283,1.4786878674185844,-8.615314285714284,2.3678522151890835,6.26,R
820862,SI,182,0.1531986531986532,96.44120879120881,1.075032914993805,2333.756906077348,82.31502171088428,12.707472527472529,1.7000777319938054,-15.275604395604395,1.808355810580465,6.302197802197802,R
820862,SL,615,0.5176767676767676,89.93788617886179,1.3926442708744915,2556.1993355481727,111.43215390847725,1.861658536585366,1.4720348146666535,-0.8801951219512196,1.7608311521069353,5.978536585365854,R
822038,FF,22,0.7857142857142857,96.85000000000001,0.9085572026439451,2483.7272727272725,84.31131755819185,19.10181818181818,1.5208883255194314,-2.230909090909091,2.2464170606522758,5.927272727272728,R
822627,SI,40,0.7547169811320755,90.70250000000001,1.843559475162528,2427.575,206.20774780887905,5.025,2.623611720803683,5.1659999999999995,6.372321880903863,6.025,L
823990,CH,15,0.32608695652173914,83.69333333333333,1.039551185207668,1084.7333333333333,63.52779669074753,5.864000000000002,1.8237669023989098,-9.680000000000001,3.163433938888923,6.1533333333333315,R
823990,FF,19,0.41304347826086957,93.76842105263158,0.9781232776081091,2015.7368421052631,56.24632541603956,14.29894736842105,1.4479022938829742,-9.480000000000002,1.5854336946085132,6.094736842105263,R
823996,SI,22,0.7096774193548387,92.32272727272726,0.5895372020102819,2313.5454545454545,58.19075959432479,11.001818181818184,1.292644525819017,14.225454545454545,1.3175183283182612,5.881818181818182,L
827734,FF,31,0.7045454545454546,92.21935483870966,0.7534008914421363,2473.6129032258063,152.09989643199518,16.741935483870968,1.3042224231442494,9.592258064516129,2.23211515485114,6.612903225806452,L
827744,FF,20,0.625,95.205,1.7006113451839655,2307.3,97.53709146025585,14.982000000000003,1.273699956405498,-5.412,1.9508961503559545,6.7,R
828353,CH,15,0.5,76.16666666666667,1.0526610271570036,1574.0,55.336632144926,17.024,0.9282610470274898,-8.552,1.6223580721547617,6.3933333333333335,R
828494,SL,16,0.5161290322580645,84.775,1.3076696830622045,2640.0625,155.84499510731808,-3.375,1.536671728118924,9.5175,8.694022084167948,6.018750000000001,R
829272,CH,150,0.22255192878338279,80.65333333333334,1.683622917922512,1589.6666666666667,99.87520176906595,7.9496,2.420806588084383,14.757599999999996,2.1675247008648046,6.192666666666668,L
829272,FF,261,0.38724035608308605,91.08927203065134,1.303796175796815,2202.8199233716473,92.71910715867467,16.326896551724136,1.518479485192211,6.9944827586206895,2.11197178664541,6.261302681992337,L
829272,KC,129,0.1913946587537092,72.33410852713179,1.6301119652894538,2731.8527131782944,167.5720973927712,-19.85953488372093,1.2612604437532893,-7.129302325581395,2.2690995550432937,6.064341085271318,L
829272,SL,125,0.18545994065281898,81.62480000000001,1.84205600419223,2381.12,100.22648545717232,3.0748800000000003,2.618031646719689,-2.52,1.7703362173837616,6.1584,L
837227,FF,443,0.4334637964774951,94.81106094808125,1.5063484070513857,2004.0948081264107,139.2666313622632,10.718465011286684,2.2190310939563163,-12.781489841986453,1.7059471544866525,6.017155756207675,R
837227,FS,41,0.040117416829745595,84.67073170731707,1.2333377279640465,1253.439024390244,114.4261877326357,2.8858536585365857,2.3381456066825224,-13.343414634146342,1.9100780216474111,5.900000000000001,R
837227,SI,61,0.05968688845401174,94.50000000000001,1.2143585412334643,1952.2295081967213,101.03339273768565,5.470819672131147,2.279829156670859,-18.045245901639348,1.2724459471917031,5.916393442622951,R
837227,SL,458,0.4481409001956947,86.66746724890831,1.419391540679369,2281.109170305677,138.46049876692246,1.3514410480349346,2.901943530776718,-4.290393013100437,3.559647454225711,5.800436681222708,R
